name_id,name,gender,term_start,roles,parties,party_orientation,legislative_branch
EE-h_tõnisson_00000000,"Heili, Tõnisson",F,nan,[],[],[],[]
EE-a_aas_19800609,"Arto, Aas",M,2011-03-27,['member'],[],[],['Unicameralism']
EE-a_akkermann_19721005,"Annely, Akkermann",F,2011-03-27,"['member', 'minister']",[],[],['Unicameralism']
EE-a_ammas_19620225,"Andres, Ammas",M,2015-03-24,['member'],[],[],['Unicameralism']
EE-a_ansip_19561001,"Andrus, Ansip",M,2011-03-27,['member'],[],[],['Unicameralism']
EE-a_anvelt_19690930,"Andres, Anvelt",M,2011-03-27,"['member', 'minister']",[],[],['Unicameralism']
EE-a_heinvee_19560927,"Aare, Heinvee",M,2011-03-27,['member'],[],[],['Unicameralism']
EE-a_herkel_19620814,"Andres, Herkel",M,2011-03-27,['member'],[],[],['Unicameralism']
EE-a_jalak_19530319,"Andres, Jalak",M,2011-12-06,['member'],[],[],['Unicameralism']
EE-a_kokk_19600415,"Aivar, Kokk",M,2011-03-27,['member'],[],[],['Unicameralism']
EE-a_korobeinik_19801105,"Andrei, Korobeinik",M,2011-04-06,['member'],[],[],['Unicameralism']
EE-a_kovalenko_kõlvart_19910921,"Anastassia, Kovalenko-Kõlvart",F,2022-04-03,['member'],[],[],['Unicameralism']
EE-a_laaneots_19480116,"Ants, Laaneots",M,2015-03-24,['member'],[],[],['Unicameralism']
EE-a_laneman_19620506,"Alar, Laneman",M,2019-03-30,"['member', 'minister']",[],[],['Unicameralism']
EE-a_lutsepp_19540506,"Ain, Lutsepp",M,2015-03-24,['member'],[],[],['Unicameralism']
EE-a_metsoja_19781125,"Andres, Metsoja",M,2015-03-24,['member'],[],[],['Unicameralism']
EE-a_must_19510325,"Aadu, Must",M,2011-03-27,['member'],[],[],['Unicameralism']
EE-a_novikov_19820327,"Andrei, Novikov",M,2015-03-28,['member'],[],[],['Unicameralism']
EE-a_ott_19760502,"Anneli, Ott",F,2015-11-19,"['member', 'minister']",[],[],['Unicameralism']
EE-a_poolamets_19710222,"Anti, Poolamets",M,2019-03-30,['member'],[],[],['Unicameralism']
EE-a_riisalu_19610313,"Aivar, Riisalu",M,2011-03-27,['member'],[],[],['Unicameralism']
EE-a_rosenberg_19620914,"Aivar, Rosenberg",M,2014-04-09,['member'],[],[],['Unicameralism']
EE-a_saare_19651229,"Andrus, Saare",M,2011-04-06,['member'],[],[],['Unicameralism']
EE-a_seeme_19691108,"Andrus, Seeme",M,2019-03-30,['member'],[],[],['Unicameralism']
EE-a_sepp_19711025,"Andre, Sepp",M,2011-04-06,['member'],[],[],['Unicameralism']
EE-a_sild_19470426,"Arno, Sild",M,2015-03-24,['member'],[],[],['Unicameralism']
EE-a_sulling_19761012,"Anne, Sulling",F,2015-03-24,['member'],[],[],['Unicameralism']
EE-a_surva_19620327,"Aivar, Surva",M,2018-08-01,['member'],[],[],['Unicameralism']
EE-a_sutt_19671111,"Andres, Sutt",M,2019-03-30,['member'],[],[],['Unicameralism']
EE-a_sõerd_19641122,"Aivar, Sõerd",M,2011-03-27,['member'],[],[],['Unicameralism']
EE-a_talvik_19640613,"Artur, Talvik",M,2015-03-24,['member'],[],[],['Unicameralism']
EE-a_viidik_19680409,"Aivar, Viidik",M,2021-01-27,['member'],[],[],['Unicameralism']
EE-b_pilvre_19630419,"Barbi-Jenny, Pilvre-Storgård",F,2014-03-27,['member'],[],[],['Unicameralism']
EE-d_boroditš_19791101,"Deniss, Boroditš",M,2011-03-27,['member'],[],[],['Unicameralism']
EE-d_dmitrijev_19820617,"Dmitri, Dmitrijev",M,2015-03-28,['member'],[],[],['Unicameralism']
EE-e_eesmaa_19460607,"Enn, Eesmaa",M,2011-03-27,['member'],[],[],['Unicameralism']
EE-e_efendijev_19540629,"Eldar, Efendijev",M,2011-03-27,['member'],[],[],['Unicameralism']
EE-e_ergma_19440229,"Ene, Ergma",F,2011-03-27,['member'],[],[],['Unicameralism']
EE-e_kagarov_19560128,"Etti, Kagarov",F,2014-03-27,['member'],[],[],['Unicameralism']
EE-e_keldo_19901107,"Erkki, Keldo",M,2019-04-03,['member'],[],[],['Unicameralism']
EE-e_meri_19420115,"Enn, Meri",M,2018-04-05,['member'],[],[],['Unicameralism']
EE-e_nestor_19530905,"Eiki, Nestor",M,2011-03-27,['member'],[],[],['Unicameralism']
EE-e_nool_19700625,"Erki, Nool",M,2011-03-27,['member'],[],[],['Unicameralism']
EE-e_odinets_19760527,"Eduard, Odinets",M,2021-01-11,['member'],[],[],['Unicameralism']
EE-e_paasmäe_19520511,"Eevi, Paasmäe",F,2016-11-23,['member'],[],[],['Unicameralism']
EE-e_savisaar_19780616,"Erki, Savisaar",M,2015-03-24,"['member', 'minister']",[],[],['Unicameralism']
EE-e_tuiksoo_19650305,"Ester, Tuiksoo",F,2011-03-27,['member'],[],[],['Unicameralism']
EE-e_vallbaum_19591009,"Einar, Vallbaum",M,2015-04-09,['member'],[],[],['Unicameralism']
EE-en_kross_19670908,"Eerik-Niiles, Kross",M,2015-03-28,['member'],[],[],['Unicameralism']
EE-h_everaus_19530105,"Hele, Everaus",F,2019-04-03,['member'],[],[],['Unicameralism']
EE-h_hallemaa_19540630,"Helmut, Hallemaa",M,2016-11-23,['member'],[],[],['Unicameralism']
EE-h_hanso_19711006,"Hannes, Hanso",M,2015-03-24,"['member', 'minister']",[],[],['Unicameralism']
EE-h_hepner_19660217,"Heiki, Hepner",M,2019-04-25,['member'],[],[],['Unicameralism']
EE-h_kranich_19611009,"Heiki, Kranich",M,2019-03-30,['member'],[],[],['Unicameralism']
EE-h_kütt_19610728,"Helmen, Kütt",F,2011-03-27,"['member', 'minister']",[],[],['Unicameralism']
EE-h_lenk_19460917,"Heimar, Lenk",M,2011-03-27,['member'],[],[],['Unicameralism']
EE-h_pevkur_19770402,"Hanno, Pevkur",M,2011-03-27,"['member', 'minister']",[],[],['Unicameralism']
EE-h_pikhof_19581020,"Heljo, Pikhof",F,2011-03-27,['member'],[],[],['Unicameralism']
EE-h_purga_19750318,"Heidy, Purga",F,2015-03-24,"['member', 'minister']",[],[],['Unicameralism']
EE-h_põlluaas_19600216,"Henn, Põlluaas",M,2015-03-24,['member'],[],[],['Unicameralism']
EE-h_volmer_19571108,"Hardi, Volmer",M,2015-04-09,['member'],[],[],['Unicameralism']
EE-hm_helme_19660708,"Helle-Moonika, Helme",F,2019-03-30,['member'],[],[],['Unicameralism']
EE-hv_seeder_19640907,"Helir-Valdor, Seeder",M,2007-04-05,"['member', 'minister']",[],[],['Unicameralism']
EE-i_eenmaa_19430602,"Ivi, Eenmaa",F,2015-04-09,['member'],[],[],['Unicameralism']
EE-i_gräzin_19520627,"Igor, Gräzin",M,2011-03-27,['member'],[],[],['Unicameralism']
EE-i_kravtšenko_19730328,"Igor, Kravtšenko",M,2016-12-06,['member'],[],[],['Unicameralism']
EE-i_luigas_19590113,"Inara, Luigas",F,2011-03-27,['member'],[],[],['Unicameralism']
EE-i_mäesalu_19700802,"Innar, Mäesalu",M,2014-10-15,['member'],[],[],['Unicameralism']
EE-i_padar_19650312,"Ivari, Padar",M,2014-04-08,"['member', 'minister']",[],[],['Unicameralism']
EE-i_raudne_19751218,"Indrek, Raudne",M,2011-03-27,['member'],[],[],['Unicameralism']
EE-i_saar_19730220,"Indrek, Saar",M,2011-03-27,"['member', 'minister']",[],[],['Unicameralism']
EE-i_sooäär_19690313,"Imre, Sooäär",M,2011-04-06,['member'],[],[],['Unicameralism']
EE-j_aab_19600409,"Jaak, Aab",M,2019-03-30,"['member', 'minister']",[],[],['Unicameralism']
EE-j_aaviksoo_19540111,"Jaak, Aaviksoo",M,2011-03-27,"['member', 'minister']",[],[],['Unicameralism']
EE-j_adams_19471122,"Jüri, Adams",M,2015-03-24,['member'],[],[],['Unicameralism']
EE-j_allik_19461008,"Jaak, Allik",M,2011-03-27,['member'],[],[],['Unicameralism']
EE-j_jaanson_19651014,"Jüri, Jaanson",M,2011-03-27,['member'],[],[],['Unicameralism']
EE-j_juske_19761212,"Jaak, Juske",M,2019-06-13,['member'],[],[],['Unicameralism']
EE-j_karilaid_19770201,"Jaanus, Karilaid",M,2015-04-27,['member'],[],[],['Unicameralism']
EE-j_kert_19591203,"Johannes, Kert",M,2015-03-24,['member'],[],[],['Unicameralism']
EE-j_ligi_19590716,"Jürgen, Ligi",M,2009-06-03,"['member', 'minister']",[],[],['Unicameralism']
EE-j_luik_19660817,"Jüri, Luik",M,2017-06-13,"['member', 'minister']",[],[],['Unicameralism']
EE-j_madison_19910422,"Jaak, Madison",M,2015-03-24,['member'],[],[],['Unicameralism']
EE-j_marrandi_19630323,"Jaanus, Marrandi",M,2015-03-24,['member'],[],[],['Unicameralism']
EE-j_morozov_19580910,"Jüri, Morozov",M,2013-11-13,['member'],[],[],['Unicameralism']
EE-j_ossinovski_19860315,"Jevgeni, Ossinovski",M,2011-03-27,"['member', 'minister']",[],[],['Unicameralism']
EE-j_parts_19660827,"Juhan, Parts",M,2011-03-27,['member'],[],[],['Unicameralism']
EE-j_ratas_19780702,"Jüri, Ratas",M,2011-03-27,['member'],[],[],['Unicameralism']
EE-j_saar_19561021,"Jüri, Saar",M,2019-01-11,['member'],[],[],['Unicameralism']
EE-j_tamkivi_19591117,"Jaanus, Tamkivi",M,2011-03-27,['member'],[],[],['Unicameralism']
EE-j_valge_19550301,"Jaak, Valge",M,2019-03-30,['member'],[],[],['Unicameralism']
EE-j_õunapuu_19580913,"Jaan, Õunapuu",M,2011-03-27,['member'],[],[],['Unicameralism']
EE-jk_raid_19740728,"Juku-Kalle, Raid",M,2011-04-06,['member'],[],[],['Unicameralism']
EE-k_aru_19580801,"Krista, Aru",F,2015-03-24,['member'],[],[],['Unicameralism']
EE-k_grünthal_19600224,"Kalle, Grünthal",M,2019-06-12,['member'],[],[],['Unicameralism']
EE-k_höövelson_19841105,"Kaido, Höövelson",M,2019-04-03,['member'],[],[],['Unicameralism']
EE-k_iva_19640428,"Kaia, Iva",F,2011-03-27,"['member', 'minister']",[],[],['Unicameralism']
EE-k_jents_19570622,"Kalle, Jents",M,2011-03-27,['member'],[],[],['Unicameralism']
EE-k_kallas_19770618,"Kaja, Kallas",F,2011-03-27,['member'],[],[],['Unicameralism']
EE-k_kallemets_19790418,"Kalev, Kallemets",M,2012-06-19,['member'],[],[],['Unicameralism']
EE-k_kallo_19481206,"Kalev, Kallo",M,2011-03-27,['member'],[],[],['Unicameralism']
EE-k_kingo_19680305,"Kert, Kingo",F,2019-03-30,['member'],[],[],['Unicameralism']
EE-k_kotkas_19600410,"Kalev, Kotkas",M,2011-03-27,['member'],[],[],['Unicameralism']
EE-k_kreisman_19690320,"Kaja, Kreisman",F,2013-01-22,['member'],[],[],['Unicameralism']
EE-k_kõljalg_19821226,"Kristjan, Kõljalg",M,2015-04-09,['member'],[],[],['Unicameralism']
EE-k_kõva_19741116,"Kalvi, Kõva",M,2011-03-27,['member'],[],[],['Unicameralism']
EE-k_kübarsepp_19810627,"Külliki, Kübarsepp",F,2015-03-24,['member'],[],[],['Unicameralism']
EE-k_laanet_19650925,"Kalle, Laanet",M,2011-03-27,"['member', 'minister']",[],[],['Unicameralism']
EE-k_lain_19680607,"Kalmer, Lain",M,2014-11-19,['member'],[],[],['Unicameralism']
EE-k_lember_19760916,"Kajar, Lember",M,2011-03-27,['member'],[],[],['Unicameralism']
EE-k_lillo_19661130,"Kalev, Lillo",M,2011-03-27,['member'],[],[],['Unicameralism']
EE-k_michal_19750712,"Kristen, Michal",M,2011-03-27,"['member', 'minister']",[],[],['Unicameralism']
EE-k_muuli_19580110,"Kalle, Muuli",M,2015-04-09,['member'],[],[],['Unicameralism']
EE-k_palling_19850227,"Kalle, Palling",M,2011-03-27,['member'],[],[],['Unicameralism']
EE-k_pentus_rosimannus_19760303,"Keit Keit, Pentus Pentus-Rosimannus",F,2011-03-27,"['member', 'minister']",[],[],['Unicameralism']
EE-k_raik_19671026,"Katri, Raik",F,2018-11-27,"['member', 'minister']",[],[],['Unicameralism']
EE-k_rimmel_19521123,"Kai, Rimmel",F,2019-04-25,['member'],[],[],['Unicameralism']
EE-k_rüütli_19781225,"Karel, Rüütli",M,2011-03-27,['member'],[],[],['Unicameralism']
EE-k_sarapuu_19540505,"Kersti, Sarapuu",F,2015-03-24,['member'],[],[],['Unicameralism']
EE-k_simson_19770122,"Kadri, Simson",F,2011-03-27,"['member', 'minister']",[],[],['Unicameralism']
EE-k_tammemägi_19750604,"Karin, Tammemägi",F,2017-11-10,['member'],[],[],['Unicameralism']
EE-k_šmigun_vähi_19770223,"Kristina, Šmigun-Vähi",F,2019-03-30,['member'],[],[],['Unicameralism']
EE-km_vaher_19740905,"Ken-Marti, Vaher",M,2011-03-27,"['member', 'minister']",[],[],['Unicameralism']
EE-l_kaljuvee_19521229,"Lembit, Kaljuvee",M,2011-03-27,['member'],[],[],['Unicameralism']
EE-l_kersna_19800403,"Liina, Kersna",F,2015-03-24,"['member', 'minister']",[],[],['Unicameralism']
EE-l_kunnas_19671114,"Leo, Kunnas",M,2019-03-30,['member'],[],[],['Unicameralism']
EE-l_laasi_19740912,"Lauri, Laasi",M,2011-04-02,['member'],[],[],['Unicameralism']
EE-l_luik_19820423,"Lauri, Luik",M,2011-03-27,['member'],[],[],['Unicameralism']
EE-l_läänemets_19830131,"Lauri, Läänemets",M,2019-06-13,"['member', 'minister']",[],[],['Unicameralism']
EE-l_oviir_19770301,"Liisa, Oviir",F,2016-11-23,['member'],[],[],['Unicameralism']
EE-l_pakosta_19690903,"Liisa-Ly, Pakosta",F,2011-04-06,['member'],[],[],['Unicameralism']
EE-l_randjärv_19640730,"Laine, Randjärv",F,2011-03-27,['member'],[],[],['Unicameralism']
EE-l_vahtre_19600322,"Lauri, Vahtre",M,2014-01-13,['member'],[],[],['Unicameralism']
EE-m_aart_19530331,"Merry, Aart",F,2019-03-30,['member'],[],[],['Unicameralism']
EE-m_aunaste_19531107,"Maire, Aunaste",F,2015-03-24,['member'],[],[],['Unicameralism']
EE-m_berg_19450827,"Maimu, Berg",F,2014-03-28,['member'],[],[],['Unicameralism']
EE-m_hanson_19580106,"Margus, Hanson",M,2011-04-02,['member'],[],[],['Unicameralism']
EE-m_haukanõmm_19720522,"Monika, Haukanõmm",F,2015-03-24,['member'],[],[],['Unicameralism']
EE-m_helme_19491031,"Mart, Helme",M,2015-03-24,"['member', 'minister']",[],[],['Unicameralism']
EE-m_helme_19760424,"Martin, Helme",M,2015-03-24,"['member', 'minister']",[],[],['Unicameralism']
EE-m_jufereva_skuratovski_19791011,"Maria, Jufereva-Skuratovski",F,2019-03-30,['member'],[],[],['Unicameralism']
EE-m_jürgenson_19770909,"Marek, Jürgenson",M,2019-03-30,['member'],[],[],['Unicameralism']
EE-m_kaljurand_19620906,"Marina, Kaljurand",F,2015-07-17,"['member', 'minister']",[],[],['Unicameralism']
EE-m_korb_19800803,"Mihhail, Korb",M,2014-06-20,['member'],[],[],['Unicameralism']
EE-m_kukk_19870815,"Martin, Kukk",M,2015-03-24,['member'],[],[],['Unicameralism']
EE-m_laar_19600422,"Mart, Laar",M,2011-03-27,['member'],[],[],['Unicameralism']
EE-m_lauri_19660101,"Maris, Lauri",F,2014-11-03,"['member', 'minister']",[],[],['Unicameralism']
EE-m_lotman_19520902,"Mihhail, Lotman",M,2019-04-03,['member'],[],[],['Unicameralism']
EE-m_maripuu_19740716,"Maret, Maripuu",F,2011-04-07,['member'],[],[],['Unicameralism']
EE-m_meri_19590215,"Mart, Meri",M,2011-11-04,['member'],[],[],['Unicameralism']
EE-m_mihkelson_19691130,"Marko, Mihkelson",M,2011-03-27,['member'],[],[],['Unicameralism']
EE-m_mikko_19610926,"Marianne, Mikko",F,2011-03-27,['member'],[],[],['Unicameralism']
EE-m_milling_19701124,"Madis, Milling",M,2015-03-24,['member'],[],[],['Unicameralism']
EE-m_mälberg_19700426,"Meelis, Mälberg",M,2011-03-27,['member'],[],[],['Unicameralism']
EE-m_nutt_19620321,"Mart, Nutt",M,2012-05-12,['member'],[],[],['Unicameralism']
EE-m_pomerants_19640924,"Marko, Pomerants",M,2011-03-27,"['member', 'minister']",[],[],['Unicameralism']
EE-m_raidma_19650407,"Mati, Raidma",M,2011-03-27,"['member', 'minister']",[],[],['Unicameralism']
EE-m_raud_19690118,"Mihkel, Raud",M,2015-03-24,['member'],[],[],['Unicameralism']
EE-m_repinski_19860806,"Martin, Repinski",M,2015-03-24,"['member', 'minister']",[],[],['Unicameralism']
EE-m_reps_19750113,"Mailis, Reps",F,2011-03-27,"['member', 'minister']",[],[],['Unicameralism']
EE-m_soosaar_19460112,"Mark, Soosaar",M,2015-04-09,['member'],[],[],['Unicameralism']
EE-m_stalnuhhin_19610915,"Mihhail, Stalnuhhin",M,2011-03-27,['member'],[],[],['Unicameralism']
EE-m_sults_19610324,"Märt, Sults",M,2015-03-24,['member'],[],[],['Unicameralism']
EE-m_sutrop_19631013,"Margit, Sutrop",F,2021-01-27,['member'],[],[],['Unicameralism']
EE-m_torm_19800302,"Marko, Torm",M,2019-03-30,['member'],[],[],['Unicameralism']
EE-m_tsahkna_19770413,"Margus, Tsahkna",M,2011-03-27,"['member', 'minister']",[],[],['Unicameralism']
EE-m_tuus_laul_19510512,"Marika Marika, Tuus Tuus-Laul",F,2011-03-27,['member'],[],[],['Unicameralism']
EE-m_võrklaev_19840530,"Mart, Võrklaev",M,2019-09-30,"['member', 'minister']",[],[],['Unicameralism']
EE-m_šorin_19740609,"Marko, Šorin",M,2016-11-24,['member'],[],[],['Unicameralism']
EE-n_malleus_19540123,"Natalia, Malleus",F,2019-04-25,['member'],[],[],['Unicameralism']
EE-n_suur_19680902,"Neeme, Suur",M,2011-03-27,['member'],[],[],['Unicameralism']
EE-o_ivanova_19841015,"Olga, Ivanova",F,2015-03-24,['member'],[],[],['Unicameralism']
EE-o_loone_19790205,"Kerstin-Oudekki, Loone",F,2015-11-21,['member'],[],[],['Unicameralism']
EE-o_sõtnik_19801202,"Olga, Sõtnik",F,2011-03-27,['member'],[],[],['Unicameralism']
EE-p_aru_19530420,"Peep, Aru",M,2011-03-27,['member'],[],[],['Unicameralism']
EE-p_ernits_19530611,"Peeter, Ernits",M,2015-08-17,['member'],[],[],['Unicameralism']
EE-p_kreitzberg_19481214,"Peeter, Kreitzberg",M,2011-03-27,['member'],[],[],['Unicameralism']
EE-p_laurson_19710204,"Peeter, Laurson",M,2011-04-06,['member'],[],[],['Unicameralism']
EE-p_puustusmaa_19640905,"Paul, Puustusmaa",M,2019-03-30,['member'],[],[],['Unicameralism']
EE-p_rahnel_19570223,"Peeter, Rahnel",M,2019-04-25,['member'],[],[],['Unicameralism']
EE-p_sibul_19771231,"Priit, Sibul",M,2011-03-27,['member'],[],[],['Unicameralism']
EE-p_toobal_19831101,"Priit, Toobal",M,2011-03-27,['member'],[],[],['Unicameralism']
EE-p_võsa_19671228,"Peeter, Võsa",M,2011-03-27,['member'],[],[],['Unicameralism']
EE-pe_rummo_19420119,"Paul-Eerik, Rummo",M,2011-04-07,['member'],[],[],['Unicameralism']
EE-r_aeg_19620704,"Raivo, Aeg",M,2015-03-24,"['member', 'minister']",[],[],['Unicameralism']
EE-r_aidma_19500928,"Rein, Aidma",M,2011-04-02,['member'],[],[],['Unicameralism']
EE-r_breivel_19520826,"Riho, Breivel",M,2019-03-30,['member'],[],[],['Unicameralism']
EE-r_holsmer_19800920,"Remo, Holsmer",M,2011-03-27,['member'],[],[],['Unicameralism']
EE-r_järvi_19541223,"Raivo, Järvi",M,2011-04-06,['member'],[],[],['Unicameralism']
EE-r_kaalep_19930921,"Ruuben, Kaalep",M,2019-03-30,['member'],[],[],['Unicameralism']
EE-r_kaljulaid_19820127,"Raimond, Kaljulaid",M,2019-03-30,['member'],[],[],['Unicameralism']
EE-r_kokk_19800304,"Rene, Kokk",M,2019-03-30,"['member', 'minister']",[],[],['Unicameralism']
EE-r_lang_19570704,"Rein, Lang",M,2011-03-27,['member'],[],[],['Unicameralism']
EE-r_maruste_19530927,"Rait, Maruste",M,2011-03-27,['member'],[],[],['Unicameralism']
EE-r_põldaru_19510529,"Raivo, Põldaru",M,2015-03-24,['member'],[],[],['Unicameralism']
EE-r_randver_19560624,"Rein, Randver",M,2011-04-02,['member'],[],[],['Unicameralism']
EE-r_ratas_19380509,"Rein, Ratas",M,2015-03-24,['member'],[],[],['Unicameralism']
EE-r_roos_19730401,"Reet, Roos",F,2011-03-27,['member'],[],[],['Unicameralism']
EE-r_sikkut_19830112,"Riina, Sikkut",F,2018-05-03,"['member', 'minister']",[],[],['Unicameralism']
EE-r_suurkask_19680525,"Rein, Suurkask",M,2019-05-16,['member'],[],[],['Unicameralism']
EE-r_tamm_19650715,"Raivo, Tamm",M,2019-03-30,['member'],[],[],['Unicameralism']
EE-r_vakra_19810310,"Rainer, Vakra",M,2011-03-27,['member'],[],[],['Unicameralism']
EE-r_vassiljev_19811108,"Rannar, Vassiljev",M,2011-03-27,"['member', 'minister']",[],[],['Unicameralism']
EE-s_kabrits_19790704,"Siim, Kabrits",M,2011-04-06,['member'],[],[],['Unicameralism']
EE-s_kallas_19481002,"Siim, Kallas",M,2019-03-30,['member'],[],[],['Unicameralism']
EE-s_kannimäe_19550616,"Sulev, Kannimäe",M,2021-01-28,['member'],[],[],['Unicameralism']
EE-s_kivi_19570224,"Signe, Kivi",F,2019-02-05,['member'],[],[],['Unicameralism']
EE-s_kotka_19860727,"Siret Siret Siret, Kotka Kotka-Repinski Kotka",F,2014-07-01,['member'],[],[],['Unicameralism']
EE-s_mikser_19731108,"Sven, Mikser",M,2011-03-27,"['member', 'minister']",[],[],['Unicameralism']
EE-s_pohlak_19850514,"Siim, Pohlak",M,2019-03-30,['member'],[],[],['Unicameralism']
EE-s_riisalo_19681008,"Signe, Riisalo",F,2019-05-21,"['member', 'minister']",[],[],['Unicameralism']
EE-s_sester_19690714,"Sven, Sester",M,2011-03-27,"['member', 'minister']",[],[],['Unicameralism']
EE-sv_kiisler_19651106,"Siim Valmar, Kiisler",M,2011-03-27,"['member', 'minister']",[],[],['Unicameralism']
EE-t_aas_19660110,"Taavi, Aas",M,2019-03-30,"['member', 'minister']",[],[],['Unicameralism']
EE-t_aro_19520618,"Tiiu, Aro",F,2021-03-06,['member'],[],[],['Unicameralism']
EE-t_jaanson_19661123,"Tatjana, Jaanson",F,2014-03-28,['member'],[],[],['Unicameralism']
EE-t_juul_19580421,"Tõnu, Juul",M,2011-04-06,['member'],[],[],['Unicameralism']
EE-t_järveoja_19610423,"Toomas, Järveoja",M,2021-01-27,['member'],[],[],['Unicameralism']
EE-t_jürgenstein_19640723,"Toomas, Jürgenstein",M,2016-06-16,['member'],[],[],['Unicameralism']
EE-t_kala_19540819,"Tiit, Kala",M,2019-04-26,['member'],[],[],['Unicameralism']
EE-t_kangro_19610403,"Tiina, Kangro",F,2016-12-16,['member'],[],[],['Unicameralism']
EE-t_kivimägi_19630216,"Toomas, Kivimägi",M,2015-03-24,['member'],[],[],['Unicameralism']
EE-t_kruusimäe_19670409,"Tarmo, Kruusimäe",M,2017-06-02,['member'],[],[],['Unicameralism']
EE-t_kõiv_19701029,"Tõnis, Kõiv",M,2011-03-27,['member'],[],[],['Unicameralism']
EE-t_leinatamm_19570902,"Tarmo, Leinatamm",M,2011-03-27,['member'],[],[],['Unicameralism']
EE-t_lokk_tramberg_19551001,"Tiina, Lokk-Tramberg",F,2012-12-12,['member'],[],[],['Unicameralism']
EE-t_lukas_19620605,"Tõnis, Lukas",M,2011-03-27,"['member', 'minister']",[],[],['Unicameralism']
EE-t_mänd_19500819,"Tarmo, Mänd",M,2013-12-05,['member'],[],[],['Unicameralism']
EE-t_mölder_19891009,"Tõnis, Mölder",M,2019-04-03,"['member', 'minister']",[],[],['Unicameralism']
EE-t_palts_19530329,"Tõnis, Palts",M,2011-03-27,['member'],[],[],['Unicameralism']
EE-t_paur_19490317,"Toomas, Paur",M,2016-12-11,['member'],[],[],['Unicameralism']
EE-t_rõivas_19790926,"Taavi, Rõivas",M,2011-03-27,"['member', 'minister']",[],[],['Unicameralism']
EE-t_suslov_19810702,"Timo, Suslov",M,2021-01-27,['member'],[],[],['Unicameralism']
EE-t_talve_19760813,"Tanel, Talve",M,2015-03-24,['member'],[],[],['Unicameralism']
EE-t_tamm_19531203,"Tarmo, Tamm",M,2011-04-08,"['member', 'minister']",[],[],['Unicameralism']
EE-t_tammsaar_19511107,"Tiit, Tammsaar",M,2013-03-05,['member'],[],[],['Unicameralism']
EE-t_terik_19790615,"Tiit, Terik",M,2016-11-23,"['member', 'minister']",[],[],['Unicameralism']
EE-t_trei_19670501,"Terje, Trei",F,2011-11-14,['member'],[],[],['Unicameralism']
EE-t_tõniste_19670426,"Toomas, Tõniste",M,2011-03-27,"['member', 'minister']",[],[],['Unicameralism']
EE-t_vitsut_19600101,"Toomas, Vitsut",M,2015-03-24,['member'],[],[],['Unicameralism']
EE-t_väinaste_19500124,"Toomas, Väinaste",M,2016-11-23,['member'],[],[],['Unicameralism']
EE-u_espenberg_19610704,"Urmas, Espenberg",M,2019-04-25,['member'],[],[],['Unicameralism']
EE-u_kaskpeit_19570608,"Uno, Kaskpeit",M,2015-03-24,['member'],[],[],['Unicameralism']
EE-u_klaas_19710317,"Urmas, Klaas",M,2011-03-27,['member'],[],[],['Unicameralism']
EE-u_kruuse_19650714,"Urmas, Kruuse",M,2014-03-26,"['member', 'minister']",[],[],['Unicameralism']
EE-u_paet_19740420,"Urmas, Paet",M,2005-04-13,"['member', 'minister']",[],[],['Unicameralism']
EE-u_palo_19720710,"Urve, Palo",F,2011-03-27,"['member', 'minister']",[],[],['Unicameralism']
EE-u_reinsalu_19750622,"Urmas, Reinsalu",M,2011-03-27,"['member', 'minister']",[],[],['Unicameralism']
EE-u_reitelmann_19580709,"Urmas, Reitelmann",M,2019-03-30,['member'],[],[],['Unicameralism']
EE-u_tiidus_19540606,"Urve, Tiidus",F,2011-03-27,"['member', 'minister']",[],[],['Unicameralism']
EE-u_vaarmann_19770106,"Urbo, Vaarmann",M,2013-10-31,['member'],[],[],['Unicameralism']
EE-v_korb_19540703,"Valeri, Korb",M,2011-03-27,['member'],[],[],['Unicameralism']
EE-v_ladõnskaja_kubits_19810720,"Viktoria Viktoria, Ladõnskaja Ladõnskaja-Kubits",F,2015-03-24,['member'],[],[],['Unicameralism']
EE-v_linde_19590131,"Väino, Linde",M,2011-03-27,['member'],[],[],['Unicameralism']
EE-v_randpere_19580204,"Valdo, Randpere",M,2011-03-27,['member'],[],[],['Unicameralism']
EE-v_toomast_19620815,"Vilja Vilja, Savisaar-Toomast Toomast",F,2015-04-09,['member'],[],[],['Unicameralism']
EE-v_vassiljev_19530409,"Viktor, Vassiljev",M,2011-03-27,['member'],[],[],['Unicameralism']
EE-v_velman_19450925,"Vladimir, Velman",M,2011-03-27,['member'],[],[],['Unicameralism']
EE-y_alender_19790613,"Yoko, Alender",F,2015-03-24,['member'],[],[],['Unicameralism']
EE-y_toom_19661015,"Yana, Toom",F,2011-03-27,['member'],[],[],['Unicameralism']
EE-õ_pillak_19830223,"Õnne, Pillak",F,2021-01-27,['member'],[],[],['Unicameralism']
EE-ü_rajasalu_19530506,"Ülle, Rajasalu",F,2022-02-04,['member'],[],[],['Unicameralism']
EE-ü_saaremäe_19691123,"Üllar, Saaremäe",M,2019-03-30,['member'],[],[],['Unicameralism']
EE-ü_tulik_19570511,"Ülo, Tulik",M,2011-04-06,['member'],[],[],['Unicameralism']
EE-t_kiik_19890123,"T, Kiik",nan,2019-04-30,['minister'],[],[],[]
EE-ü_madise_00000000,"Ü, Madise",nan,nan,[],[],[],[]
EE-i_teder_00000000,"I, Teder",nan,nan,[],[],[],[]
EE-k_jaani_19761211,"K, Jaani",nan,2021-01-27,['minister'],[],[],[]
EE-a_karis_00000000,"A, Karis",nan,nan,[],[],[],[]
EE-a_hansson_00000000,"A, Hansson",nan,nan,[],[],[],[]
EE-em_liimets_19740531,"Em, Liimets",nan,2021-01-27,['minister'],[],[],[]
EE-th_ilves_00000000,"Th, Ilves",nan,nan,[],[],[],[]
EE-a_mikli_00000000,"A, Mikli",nan,nan,[],[],[],[]
EE-k_kaljulaid_00000000,"K, Kaljulaid",nan,nan,[],[],[],[]
EE-k_kessler_00000000,"K, Kessler",nan,nan,[],[],[],[]
EE-jõuluvana_00000000,"Jõuluvana, Jõuluvana",nan,nan,[],[],[],[]
EE-j_holm_00000000,"J, Holm",nan,nan,[],[],[],[]
EE-a_rahno_00000000,"A, Rahno",nan,nan,[],[],[],[]
EE-m_eerik_00000000,"M, Eerik",nan,nan,[],[],[],[]
EE-j_mäggi_19730905,"J, Mäggi",nan,nan,[],[],[],[]
EE-a_aller_19730728,"A, Aller",nan,2019-12-10,['minister'],[],[],[]
EE-r_solman_19720623,"R, Solman",nan,nan,[],[],[],[]
EE-p_pikamäe_00000000,"P, Pikamäe",nan,nan,[],[],[],[]
EE-m_oviir_00000000,"M, Oviir",nan,nan,[],[],[],[]
EE-v_kõve_00000000,"V, Kõve",nan,nan,[],[],[],[]
EE-r_tammist_19780705,"R, Tammist",nan,nan,[],[],[],[]
EE-m_müller_00000000,"M, Müller",nan,nan,[],[],[],[]
EE-h_sepp_00000000,"H, Sepp",nan,nan,[],[],[],[]
EE-a_heinsalu_00000000,"A, Heinsalu",nan,nan,[],[],[],[]
EE-r_värnik_00000000,"R, Värnik",nan,nan,[],[],[],[]
EE-r_siem_19730605,"R, Siem",nan,nan,[],[],[],[]
EE-r_malmstein_00000000,"R, Malmstein",nan,nan,[],[],[],[]
EE-r_epler_19770606,"R, Epler",nan,2020-11-16,['minister'],[],[],[]
EE-o_kask_00000000,"O, Kask",nan,nan,[],[],[],[]
EE-m_rask_00000000,"M, Rask",nan,nan,[],[],[],[]
EE-m_lauristin_00000000,"M, Lauristin",nan,nan,[],[],[],[]
EE-m_järvik_19560221,"M, Järvik",nan,2019-04-30,['minister'],[],[],[]
EE-m_aava_00000000,"M, Aava",nan,nan,[],[],[],[]
EE-a_lipstok_00000000,"A, Lipstok",nan,nan,[],[],[],[]
EE-v_ligi_00000000,"V, Ligi",nan,nan,[],[],[],[]
EE-v_brett_00000000,"V, Brett",nan,nan,[],[],[],[]
EE-u_volens_00000000,"U, Volens",nan,nan,[],[],[],[]
EE-t_tammaru_00000000,"T, Tammaru",nan,nan,[],[],[],[]
EE-t_luman_00000000,"T, Luman",nan,nan,[],[],[],[]
EE-t_jüristo_00000000,"T, Jüristo",nan,nan,[],[],[],[]
EE-t_arro_00000000,"T, Arro",nan,nan,[],[],[],[]
EE-s_laos_00000000,"S, Laos",nan,nan,[],[],[],[]
EE-r_vare_00000000,"R, Vare",nan,nan,[],[],[],[]
EE-p_roosma_00000000,"P, Roosma",nan,nan,[],[],[],[]
EE-p_randma_00000000,"P, Randma",nan,nan,[],[],[],[]
EE-p_konsa_00000000,"P, Konsa",nan,nan,[],[],[],[]
EE-o_koppel_00000000,"O, Koppel",nan,nan,[],[],[],[]
EE-n_parrest_00000000,"N, Parrest",nan,nan,[],[],[],[]
EE-m_seppik_00000000,"M, Seppik",nan,nan,[],[],[],[]
EE-m_heidmets_00000000,"M, Heidmets",nan,nan,[],[],[],[]
EE-m_ehala_00000000,"M, Ehala",nan,nan,[],[],[],[]
EE-m_allikson_00000000,"M, Allikson",nan,nan,[],[],[],[]
EE-m_ainsaar_00000000,"M, Ainsaar",nan,nan,[],[],[],[]
EE-l_leppik_00000000,"L, Leppik",nan,nan,[],[],[],[]
EE-k_paal_00000000,"K, Paal",nan,nan,[],[],[],[]
EE-k_kullerkupp_00000000,"K, Kullerkupp",nan,nan,[],[],[],[]
EE-k_klandorf_00000000,"K, Klandorf",nan,nan,[],[],[],[]
EE-k_karu_19800630,"K, Karu",nan,nan,[],[],[],[]
EE-j_sarv_00000000,"J, Sarv",nan,nan,[],[],[],[]
EE-i_neivelt_00000000,"I, Neivelt",nan,nan,[],[],[],[]
EE-i_lutsar_00000000,"I, Lutsar",nan,nan,[],[],[],[]
EE-hr_kalmo_00000000,"Hr, Kalmo",nan,nan,[],[],[],[]
EE-h_loot_00000000,"H, Loot",nan,nan,[],[],[],[]
EE-d_jegorov_00000000,"D, Jegorov",nan,nan,[],[],[],[]
EE-b_klaas_lang_00000000,"B, Lang",nan,nan,[],[],[],[]
EE-a_konist_00000000,"A, Konist",nan,nan,[],[],[],[]
EE-a_hamburg_00000000,"A, Hamburg",nan,nan,[],[],[],[]
EE-ü_niinemets_00000000,"Ü, Niinemets",nan,nan,[],[],[],[]
EE-valdo_randpere_margus_hanson_ja_kalle_jents_00000000,"Valdo, Jents",nan,nan,[],[],[],[]
EE-v_čebotarenoka_00000000,"V, Čebotarenoka",nan,nan,[],[],[],[]
EE-v_zelenskõi_00000000,"V, Zelenskõi",nan,nan,[],[],[],[]
EE-v_vooglaid_00000000,"V, Vooglaid",nan,nan,[],[],[],[]
EE-v_luhalaid_00000000,"V, Luhalaid",nan,nan,[],[],[],[]
EE-v_kalm_00000000,"V, Kalm",nan,nan,[],[],[],[]
EE-v_jõgisoo_00000000,"V, Jõgisoo",nan,nan,[],[],[],[]
EE-upo_šuljak_00000000,"Upo, Šuljak",nan,nan,[],[],[],[]
EE-u_varblane_00000000,"U, Varblane",nan,nan,[],[],[],[]
EE-u_simon_00000000,"U, Simon",nan,nan,[],[],[],[]
EE-u_klaas_00000000,"U, Klaas",nan,nan,[],[],[],[]
EE-t_tamkivi_00000000,"T, Tamkivi",nan,nan,[],[],[],[]
EE-t_soomere_00000000,"T, Soomere",nan,nan,[],[],[],[]
EE-t_sihver_00000000,"T, Sihver",nan,nan,[],[],[],[]
EE-t_post_00000000,"T, Post",nan,nan,[],[],[],[]
EE-t_pehk_00000000,"T, Pehk",nan,nan,[],[],[],[]
EE-t_niilo_00000000,"T, Niilo",nan,nan,[],[],[],[]
EE-t_loodus_00000000,"T, Loodus",nan,nan,[],[],[],[]
EE-t_lehtla_00000000,"T, Lehtla",nan,nan,[],[],[],[]
EE-t_land_00000000,"T, Land",nan,nan,[],[],[],[]
EE-t_kõuts_00000000,"T, Kõuts",nan,nan,[],[],[],[]
EE-t_kuurme_00000000,"T, Kuurme",nan,nan,[],[],[],[]
EE-t_kangro_00000000,"T, Kangro",nan,nan,[],[],[],[]
EE-t_frey_00000000,"T, Frey",nan,nan,[],[],[],[]
EE-t_esko_00000000,"T, Esko",nan,nan,[],[],[],[]
EE-t_denks_00000000,"T, Denks",nan,nan,[],[],[],[]
EE-t_asser_00000000,"T, Asser",nan,nan,[],[],[],[]
EE-t_aleksejev_00000000,"T, Aleksejev",nan,nan,[],[],[],[]
EE-sotsiaaldemokraatliku_erakonna_fraktsioon_00000000,"Sotsiaaldemokraatliku, Fraktsioon",nan,nan,[],[],[],[]
EE-sh_evestus_00000000,"Sh, Evestus",nan,nan,[],[],[],[]
EE-sa_ehrlich_00000000,"Sa, Ehrlich",nan,nan,[],[],[],[]
EE-s_västra_00000000,"S, Västra",nan,nan,[],[],[],[]
EE-s_tamkivi_00000000,"S, Tamkivi",nan,nan,[],[],[],[]
EE-s_lääne_00000000,"S, Lääne",nan,nan,[],[],[],[]
EE-riigikogu_juhatus_00000000,"Riigikogu, Juhatus",nan,nan,[],[],[],[]
EE-reformierakonna_fraktsioon_00000000,"Reformierakonna, Fraktsioon",nan,nan,[],[],[],[]
EE-r_tingas_00000000,"R, Tingas",nan,nan,[],[],[],[]
EE-r_terras_00000000,"R, Terras",nan,nan,[],[],[],[]
EE-r_taagepera_00000000,"R, Taagepera",nan,nan,[],[],[],[]
EE-r_stefantšuk_00000000,"R, Stefantšuk",nan,nan,[],[],[],[]
EE-r_sillavee_00000000,"R, Sillavee",nan,nan,[],[],[],[]
EE-r_oltjer_00000000,"R, Oltjer",nan,nan,[],[],[],[]
EE-r_leiger_00000000,"R, Leiger",nan,nan,[],[],[],[]
EE-r_kuuse_00000000,"R, Kuuse",nan,nan,[],[],[],[]
EE-r_järvelill_00000000,"R, Järvelill",nan,nan,[],[],[],[]
EE-r_eamets_00000000,"R, Eamets",nan,nan,[],[],[],[]
EE-r_drenkhan_00000000,"R, Drenkhan",nan,nan,[],[],[],[]
EE-p_varul_00000000,"P, Varul",nan,nan,[],[],[],[]
EE-p_talving_00000000,"P, Talving",nan,nan,[],[],[],[]
EE-p_soom_00000000,"P, Soom",nan,nan,[],[],[],[]
EE-p_pikk_00000000,"P, Pikk",nan,nan,[],[],[],[]
EE-p_liimal_00000000,"P, Liimal",nan,nan,[],[],[],[]
EE-p_humal_00000000,"P, Humal",nan,nan,[],[],[],[]
EE-o_pärna_00000000,"O, Pärna",nan,nan,[],[],[],[]
EE-o_kondratjuk_00000000,"O, Kondratjuk",nan,nan,[],[],[],[]
EE-o_harjo_00000000,"O, Harjo",nan,nan,[],[],[],[]
EE-n_lammert_00000000,"N, Lammert",nan,nan,[],[],[],[]
EE-märt_sults_ja_viktor_vassiljev_00000000,"Märt, Vassiljev",nan,nan,[],[],[],[]
EE-ma_härma_00000000,"Ma, Härma",nan,nan,[],[],[],[]
EE-m_villig_00000000,"M, Villig",nan,nan,[],[],[],[]
EE-m_vasser_00000000,"M, Vasser",nan,nan,[],[],[],[]
EE-m_unt_00000000,"M, Unt",nan,nan,[],[],[],[]
EE-m_tamm_00000000,"M, Tamm",nan,nan,[],[],[],[]
EE-m_sorin_00000000,"M, Sorin",nan,nan,[],[],[],[]
EE-m_seppius_00000000,"M, Seppius",nan,nan,[],[],[],[]
EE-m_ross_00000000,"M, Ross",nan,nan,[],[],[],[]
EE-m_rannut_00000000,"M, Rannut",nan,nan,[],[],[],[]
EE-m_pedaste_00000000,"M, Pedaste",nan,nan,[],[],[],[]
EE-m_parv_00000000,"M, Parv",nan,nan,[],[],[],[]
EE-m_ots_00000000,"M, Ots",nan,nan,[],[],[],[]
EE-m_noorma_00000000,"M, Noorma",nan,nan,[],[],[],[]
EE-m_noorkõiv_00000000,"M, Noorkõiv",nan,nan,[],[],[],[]
EE-m_mägi_rohtmets_00000000,"M, Rohtmets",nan,nan,[],[],[],[]
EE-m_moll_00000000,"M, Moll",nan,nan,[],[],[],[]
EE-m_laar_00000000,"M, Laar",nan,nan,[],[],[],[]
EE-m_kurrikoff_00000000,"M, Kurrikoff",nan,nan,[],[],[],[]
EE-m_kurm_00000000,"M, Kurm",nan,nan,[],[],[],[]
EE-m_kaljurand_00000000,"M, Kaljurand",nan,nan,[],[],[],[]
EE-m_hääl_00000000,"M, Hääl",nan,nan,[],[],[],[]
EE-m_herem_00000000,"M, Herem",nan,nan,[],[],[],[]
EE-m_haukanõmm_00000000,"M, Haukanõmm",nan,nan,[],[],[],[]
EE-m_ehasoo_00000000,"M, Ehasoo",nan,nan,[],[],[],[]
EE-m_annus_00000000,"M, Annus",nan,nan,[],[],[],[]
EE-m_aben_00000000,"M, Aben",nan,nan,[],[],[],[]
EE-l_vallikivi_00000000,"L, Vallikivi",nan,nan,[],[],[],[]
EE-l_uusküla_00000000,"L, Uusküla",nan,nan,[],[],[],[]
EE-l_tammiste_00000000,"L, Tammiste",nan,nan,[],[],[],[]
EE-l_reier_00000000,"L, Reier",nan,nan,[],[],[],[]
EE-l_kunman_00000000,"L, Kunman",nan,nan,[],[],[],[]
EE-l_kaljuvee_00000000,"L, Kaljuvee",nan,nan,[],[],[],[]
EE-l_glikman_00000000,"L, Glikman",nan,nan,[],[],[],[]
EE-käpiknukud_00000000,"Käpiknukud, Käpiknukud",nan,nan,[],[],[],[]
EE-keskerakonna_fraktsioon_00000000,"Keskerakonna, Fraktsioon",nan,nan,[],[],[],[]
EE-k_stoicescu_00000000,"K, Stoicescu",nan,nan,[],[],[],[]
EE-k_simson_00000000,"K, Simson",nan,nan,[],[],[],[]
EE-k_saks_00000000,"K, Saks",nan,nan,[],[],[],[]
EE-k_saare_00000000,"K, Saare",nan,nan,[],[],[],[]
EE-k_saar_00000000,"K, Saar",nan,nan,[],[],[],[]
EE-k_raik_00000000,"K, Raik",nan,nan,[],[],[],[]
EE-k_oja_00000000,"K, Oja",nan,nan,[],[],[],[]
EE-k_land_00000000,"K, Land",nan,nan,[],[],[],[]
EE-k_kits_00000000,"K, Kits",nan,nan,[],[],[],[]
EE-k_kingo_00000000,"K, Kingo",nan,nan,[],[],[],[]
EE-k_kaarma_00000000,"K, Kaarma",nan,nan,[],[],[],[]
EE-k_joller_00000000,"K, Joller",nan,nan,[],[],[],[]
EE-k_fischer_00000000,"K, Fischer",nan,nan,[],[],[],[]
EE-jm_lehtme_00000000,"Jm, Lehtme",nan,nan,[],[],[],[]
EE-j_valge_00000000,"J, Valge",nan,nan,[],[],[],[]
EE-j_tehver_00000000,"J, Tehver",nan,nan,[],[],[],[]
EE-j_sepp_00000000,"J, Sepp",nan,nan,[],[],[],[]
EE-j_raidla_00000000,"J, Raidla",nan,nan,[],[],[],[]
EE-j_puusaag_00000000,"J, Puusaag",nan,nan,[],[],[],[]
EE-j_prints_00000000,"J, Prints",nan,nan,[],[],[],[]
EE-j_männik_00000000,"J, Männik",nan,nan,[],[],[],[]
EE-j_kõre_00000000,"J, Kõre",nan,nan,[],[],[],[]
EE-j_buzek_00000000,"J, Buzek",nan,nan,[],[],[],[]
EE-j_bercow_00000000,"J, Bercow",nan,nan,[],[],[],[]
EE-j_aaviksoo_00000000,"J, Aaviksoo",nan,nan,[],[],[],[]
EE-i_ülper_00000000,"I, Ülper",nan,nan,[],[],[],[]
EE-i_raag_00000000,"I, Raag",nan,nan,[],[],[],[]
EE-i_pilving_00000000,"I, Pilving",nan,nan,[],[],[],[]
EE-i_paul_00000000,"I, Paul",nan,nan,[],[],[],[]
EE-i_leppik_00000000,"I, Leppik",nan,nan,[],[],[],[]
EE-i_kannik_00000000,"I, Kannik",nan,nan,[],[],[],[]
EE-i_juurvee_00000000,"I, Juurvee",nan,nan,[],[],[],[]
EE-i_ibrus_00000000,"I, Ibrus",nan,nan,[],[],[],[]
EE-h_sooväli_sepping_00000000,"H, Sepping",nan,nan,[],[],[],[]
EE-h_sibul_00000000,"H, Sibul",nan,nan,[],[],[],[]
EE-h_oit_00000000,"H, Oit",nan,nan,[],[],[],[]
EE-h_murula_00000000,"H, Murula",nan,nan,[],[],[],[]
EE-h_mets_00000000,"H, Mets",nan,nan,[],[],[],[]
EE-h_eenmaa_dimitrieva_00000000,"H, Dimitrieva",nan,nan,[],[],[],[]
EE-h_braun_00000000,"H, Braun",nan,nan,[],[],[],[]
EE-f_mägus_00000000,"F, Mägus",nan,nan,[],[],[],[]
EE-em_tiit_00000000,"Em, Tiit",nan,nan,[],[],[],[]
EE-em_sadrak_00000000,"Em, Sadrak",nan,nan,[],[],[],[]
EE-e_veskimägi_00000000,"E, Veskimägi",nan,nan,[],[],[],[]
EE-e_saar_00000000,"E, Saar",nan,nan,[],[],[],[]
EE-e_oja_00000000,"E, Oja",nan,nan,[],[],[],[]
EE-e_laane_00000000,"E, Laane",nan,nan,[],[],[],[]
EE-e_janson_00000000,"E, Janson",nan,nan,[],[],[],[]
EE-d_sassoli_00000000,"D, Sassoli",nan,nan,[],[],[],[]
EE-d_kutsar_00000000,"D, Kutsar",nan,nan,[],[],[],[]
EE-b_valionytė_00000000,"B, Valionytė",nan,nan,[],[],[],[]
EE-aa_juhanson_00000000,"Aa, Juhanson",nan,nan,[],[],[],[]
EE-a_veimer_00000000,"A, Veimer",nan,nan,[],[],[],[]
EE-a_veetõusme_00000000,"A, Veetõusme",nan,nan,[],[],[],[]
EE-a_teelahk_00000000,"A, Teelahk",nan,nan,[],[],[],[]
EE-a_talvik_00000000,"A, Talvik",nan,nan,[],[],[],[]
EE-a_lõhmus_00000000,"A, Lõhmus",nan,nan,[],[],[],[]
EE-a_kütt_00000000,"A, Kütt",nan,nan,[],[],[],[]
EE-a_hvostov_00000000,"A, Hvostov",nan,nan,[],[],[],[]
EE-a_helm_00000000,"A, Helm",nan,nan,[],[],[],[]
EE-a_anger_kraavi_00000000,"A, Kraavi",nan,nan,[],[],[],[]
EE-a_alber_00000000,"A, Alber",nan,nan,[],[],[],[]
