name_id,name,gender,term_start,roles,parties,party_orientation,legislative_branch
IT-BongiornoGiulia,"Giulia, Bongiorno",F,2018-03-23,"['member', 'minister']",[],[],['Upper house']
IT-ParagoneGianluigi,"Gianluigi, Paragone",M,2018-03-23,['member'],[],[],['Upper house']
IT-BocciGianpiero,"Gianpiero, Bocci",M,2013-03-15,"['deputyHead', 'member']",[],[],['Upper house']
IT-PerilliGianluca,"Gianluca, Perilli",M,2018-03-23,"['deputyHead', 'head', 'member']",[],[],['Upper house']
IT-MarcucciAndrea,"Andrea, Marcucci",M,2013-03-15,"['head', 'member']",[],[],['Upper house']
IT-PerosinoMarco,"Marco, Perosino",M,2018-03-23,['member'],[],[],['Upper house']
IT-PepePasquale,"Pasquale, Pepe",M,2018-03-23,['member'],[],[],['Upper house']
IT-PergreffiSimona,"Simona, Pergreffi",F,2018-03-23,['member'],[],[],['Upper house']
IT-PellegriniEmanuele,"Emanuele, Pellegrini",M,2018-03-23,['member'],[],[],['Upper house']
IT-PellegriniMarco,"Marco, Pellegrini",M,2018-03-23,"['deputyHead', 'member']",[],[],['Upper house']
IT-PatuanelliStefano,"Stefano, Patuanelli",M,2018-03-23,"['deputyHead', 'head', 'member', 'minister']",[],[],['Upper house']
IT-PazzagliniGiuliano,"Giuliano, Pazzaglini",M,2018-03-23,['member'],[],[],['Upper house']
IT-AscaniAnna,"Anna, Ascani",F,2018-03-23,"['deputyHead', 'member']",[],[],['Upper house']
IT-PiarulliAngelaAnnaBruna,"Angela Anna Bruna, Piarulli",F,2018-03-23,['member'],[],[],['Upper house']
IT-AlbanoDonatella,"Donatella, Albano",F,2013-03-15,['member'],[],[],['Upper house']
IT-OrtolaniFranco,"Franco, Ortolani",M,2018-03-23,['member'],[],[],['Upper house']
IT-AirolaAlberto,"Alberto, Airola",M,2013-03-15,"['head', 'member']",[],[],['Upper house']
IT-SegreLiliana,"Liliana, Segre",F,2018-01-19,['member'],[],[],['Upper house']
IT-OstellariAndrea,"Andrea, Ostellari",M,2018-03-23,['member'],[],[],['Upper house']
IT-FreniFederico,"Federico, Freni",M,2021-09-24,"['deputyHead', 'member']",[],[],[]
IT-AielloPiero,"Piero, Aiello",M,2013-03-15,['member'],[],[],['Upper house']
IT-NocerinoSimonaNunzia,"Simona Nunzia, Nocerino",F,2018-03-23,"['deputyHead', 'member']",[],[],['Upper house']
IT-OrtisFabrizio,"Fabrizio, Ortis",M,2018-03-23,['member'],[],[],['Upper house']
IT-ArrigoniPaolo,"Paolo, Arrigoni",M,2013-03-15,['member'],[],[],['Upper house']
IT-SposettiUgo,"Ugo, Sposetti",M,2013-03-15,['member'],[],[],['Upper house']
IT-MollameFrancesco,"Francesco, Mollame",M,2018-03-23,['member'],[],[],['Upper house']
IT-AnitoriFabiola,"Fabiola, Anitori",F,2013-03-15,['member'],[],[],['Upper house']
IT-NaturaleGisella,"Gisella, Naturale",F,2018-03-23,['member'],[],[],['Upper house']
IT-AngioniIgnazio,"Ignazio, Angioni",M,2013-03-15,['member'],[],[],['Upper house']
IT-ZellerKarl,"Karl, Zeller",M,2013-03-15,"['head', 'member']",[],[],['Upper house']
IT-MininnoCataldo,"Cataldo, Mininno",M,2018-03-23,['member'],[],[],['Upper house']
IT-AlbertiniGabriele,"Gabriele, Albertini",M,2013-03-15,['member'],[],[],['Upper house']
IT-ModenaFiammetta,"Fiammetta, Modena",F,2018-03-23,['member'],[],[],['Upper house']
IT-PagnoncelliLionelloMarco,"Lionello Marco, Pagnoncelli",M,2013-06-03,['member'],[],[],['Upper house']
IT-LunesuMichelina,"Michelina, Lunesu",F,2019-06-19,['member'],[],[],['Upper house']
IT-PacificoMarinella,"Marinella, Pacifico",F,2018-03-23,['member'],[],[],['Upper house']
IT-PaganoNazario,"Nazario, Pagano",M,2018-03-23,['member'],[],[],['Upper house']
IT-MiglioreGennaro,"Gennaro, Migliore",M,2013-03-15,"['deputyHead', 'member']",[],[],['Upper house']
IT-DApuzzoMario,"Mario, D'Apuzzo",M,2018-01-09,['member'],[],[],['Upper house']
IT-MarinelloGaspareAntonio,"Gaspare Antonio, Marinello",M,2018-03-23,['member'],[],[],['Upper house']
IT-BonisoliAlberto,"Alberto, Bonisoli",M,2018-06-01,"['member', 'minister']",[],[],[]
IT-MasiniBarbara,"Barbara, Masini",F,2018-03-23,['member'],[],[],['Upper house']
IT-MarilottiGianni,"Gianni, Marilotti",M,2018-03-23,['member'],[],[],['Upper house']
IT-CostaSergio,"Sergio, Costa",M,2018-06-01,"['member', 'minister']",[],[],[]
IT-MarinRaffaellaFiormaria,"Raffaella Fiormaria, Marin",F,2018-03-23,['member'],[],[],['Upper house']
IT-BussettiMarco,"Marco, Bussetti",M,2018-06-01,"['member', 'minister']",[],[],[]
IT-AgostinelliDonatella,"Donatella, Agostinelli",F,2018-03-23,['member'],[],[],['Upper house']
IT-MangialavoriGiuseppeTommasoVincenzo,"Giuseppe Tommaso Vincenzo, Mangialavori",M,2018-03-23,"['deputyHead', 'member']",[],[],['Upper house']
IT-TrentaElisabetta,"Elisabetta, Trenta",F,2018-06-01,"['member', 'minister']",[],[],[]
IT-MantovaniMariaLaura,"Maria Laura, Mantovani",F,2018-03-23,['member'],[],[],['Upper house']
IT-TriaGiovanni,"Giovanni, Tria",M,2018-06-01,"['member', 'minister']",[],[],[]
IT-MancaDaniele,"Daniele, Manca",M,2018-03-23,['member'],[],[],['Upper house']
IT-NanniciniTommaso,"Tommaso, Nannicini",M,2016-01-29,"['deputyHead', 'member']",[],[],['Upper house']
IT-LonardoAlessandrina,"Alessandrina, Lonardo",F,2018-03-23,"['deputyHead', 'member']",[],[],['Upper house']
IT-MessinaAssuntela,"Assuntela, Messina",F,2018-03-23,"['deputyHead', 'member']",[],[],['Upper house']
IT-MartiRoberto,"Roberto, Marti",M,2018-03-23,['member'],[],[],['Upper house']
IT-MatriscianoSusy,"Susy, Matrisciano",F,2018-03-23,['member'],[],[],['Upper house']
IT-MautoneRaffaele,"Raffaele, Mautone",M,2018-03-23,"['deputyHead', 'member']",[],[],['Upper house']
IT-GarneroSantancheDaniela,"Daniela, Garnero Santanche'",F,2018-03-23,['member'],[],[],['Upper house']
IT-BaraniLucio,"Lucio, Barani",M,2013-03-15,"['head', 'member']",[],[],['Upper house']
IT-BellanovaTeresa,"Teresa, Bellanova",F,2014-02-28,"['deputyHead', 'member', 'minister']",[],[],['Upper house']
IT-LomutiArnaldo,"Arnaldo, Lomuti",M,2018-03-23,"['deputyHead', 'member']",[],[],['Upper house']
IT-LoreficePietro,"Pietro, Lorefice",M,2018-03-23,"['deputyHead', 'member']",[],[],['Upper house']
IT-LeoneCinzia,"Cinzia, Leone",F,2018-03-23,['member'],[],[],['Upper house']
IT-LicheriEttoreAntonio,"Ettore Antonio, Licheri",M,2018-03-23,"['head', 'member']",[],[],['Upper house']
IT-LaPietraPatrizioGiacomo,"Patrizio Giacomo, La Pietra",M,2018-03-23,['member'],[],[],['Upper house']
IT-LausMauroAntonioDonato,"Mauro Antonio Donato, Laus",M,2018-03-23,['member'],[],[],['Upper house']
IT-AmendolaVincenzo,"Vincenzo, Amendola",M,2013-03-15,"['deputyHead', 'member', 'minister']",[],[],['Upper house']
IT-DelBassoDeCaroUmberto,"Umberto, Del Basso De Caro",M,2013-03-15,"['deputyHead', 'member']",[],[],['Upper house']
IT-ParoliAdriano,"Adriano, Paroli",M,2018-03-23,['member'],[],[],['Upper house']
IT-ConteGiuseppe,"Giuseppe, Conte",M,2018-06-01,"['head', 'member']",[],[],[]
IT-MaiorinoAlessandra,"Alessandra, Maiorino",F,2018-03-23,"['deputyHead', 'member']",[],[],['Upper house']
IT-MallegniMassimo,"Massimo, Mallegni",M,2018-03-23,"['deputyHead', 'member']",[],[],['Upper house']
IT-DeCarloLuca,"Luca, De Carlo",M,2020-09-24,['member'],[],[],['Upper house']
IT-LupoGiulia,"Giulia, Lupo",F,2018-03-23,['member'],[],[],['Upper house']
IT-MagoniLara,"Lara, Magoni",F,2018-03-23,['member'],[],[],['Upper house']
IT-GiordaniSimonetta,"Simonetta, Giordani",F,2013-05-03,"['deputyHead', 'member']",[],[],[]
IT-MarinoMauroMaria,"Mauro Maria, Marino",M,2013-03-15,['member'],[],[],['Upper house']
IT-ZandaLuigi,"Luigi, Zanda",M,2013-03-15,"['head', 'member']",[],[],['Upper house']
IT-GrimaniLeonardo,"Leonardo, Grimani",M,2018-03-23,['member'],[],[],['Upper house']
IT-MagornoErnesto,"Ernesto, Magorno",M,2018-03-23,['member'],[],[],['Upper house']
IT-GuidolinBarbara,"Barbara, Guidolin",F,2018-03-23,['member'],[],[],['Upper house']
IT-GranatoBiancaLaura,"Bianca Laura, Granato",F,2018-03-23,"['deputyHead', 'member']",[],[],['Upper house']
IT-GrassiUgo,"Ugo, Grassi",M,2018-03-23,['member'],[],[],['Upper house']
IT-LottiLuca,"Luca, Lotti",F,2013-03-15,"['deputyHead', 'member', 'minister']",[],[],['Upper house']
IT-TabacciBruno,"Bruno, Tabacci",M,2018-03-23,"['deputyHead', 'member']",[],[],['Upper house']
IT-GaudianoFelicia,"Felicia, Gaudiano",F,2018-03-23,['member'],[],[],['Upper house']
IT-MalpezziSimonaFlavia,"Simona Flavia, Malpezzi",F,2018-03-23,"['deputyHead', 'head', 'member']",[],[],['Upper house']
IT-PistelliLapo,"Lapo, Pistelli",M,2013-03-15,"['deputyHead', 'member']",[],[],['Upper house']
IT-PittellaGianni,"Gianni, Pittella",M,2018-03-23,"['deputyHead', 'member']",[],[],['Upper house']
IT-LanziGabriele,"Gabriele, Lanzi",M,2018-03-23,['member'],[],[],['Upper house']
IT-LAbbatePatty,"Patty, L'Abbate",F,2018-03-23,['member'],[],[],['Upper house']
IT-LaMuraVirginia,"Virginia, La Mura",F,2018-03-23,['member'],[],[],['Upper house']
IT-IannoneAntonio,"Antonio, Iannone",M,2018-03-23,['member'],[],[],['Upper house']
IT-IwobiTonyChike,"Tony Chike, Iwobi",M,2018-03-23,['member'],[],[],['Upper house']
IT-LaRussaIgnazio,"Ignazio, La Russa",M,2018-03-23,['member'],[],[],['Upper house']
IT-LegniniGiovanni,"Giovanni, Legnini",M,2013-03-15,"['deputyHead', 'member']",[],[],['Upper house']
IT-FerrazziAndrea,"Andrea, Ferrazzi",M,2018-03-23,['member'],[],[],['Upper house']
IT-FerreroRoberta,"Roberta, Ferrero",F,2018-03-23,['member'],[],[],['Upper house']
IT-FenuEmiliano,"Emiliano, Fenu",M,2018-03-23,['member'],[],[],['Upper house']
IT-FormigoniRoberto,"Roberto, Formigoni",M,2013-03-15,['member'],[],[],['Upper house']
IT-FerraraGianluca,"Gianluca, Ferrara",M,2018-03-23,"['deputyHead', 'member']",[],[],['Upper house']
IT-GallicchioAgnese,"Agnese, Gallicchio",F,2018-03-23,['member'],[],[],['Upper house']
IT-GarrutiVincenzo,"Vincenzo, Garruti",M,2018-03-23,"['deputyHead', 'member']",[],[],['Upper house']
IT-FuscoUmberto,"Umberto, Fusco",M,2018-03-23,['member'],[],[],['Upper house']
IT-GallianiAdriano,"Adriano, Galliani",M,2018-03-23,"['deputyHead', 'member']",[],[],['Upper house']
IT-ManteroMatteo,"Matteo, Mantero",M,2018-03-23,['member'],[],[],['Upper house']
IT-FloridiaBarbara,"Barbara, Floridia",F,2018-03-23,"['deputyHead', 'member']",[],[],['Upper house']
IT-FregolentSonia,"Sonia, Fregolent",F,2018-03-23,['member'],[],[],['Upper house']
IT-DePoliAntonio,"Antonio, De Poli",M,2013-03-15,"['deputyHead', 'member']",[],[],['Upper house']
IT-GualdaniMarcello,"Marcello, Gualdani",M,2013-03-15,['member'],[],[],['Upper house']
IT-BruniFrancesco,"Francesco, Bruni",M,2013-03-15,['member'],[],[],['Upper house']
IT-SacconiMaurizio,"Maurizio, Sacconi",M,2013-03-15,"['head', 'member']",[],[],['Upper house']
IT-ConteFranco,"Franco, Conte",M,2013-03-15,['member'],[],[],['Upper house']
IT-MinzoliniAugusto,"Augusto, Minzolini",M,2013-03-15,['member'],[],[],['Upper house']
IT-FlorisEmilio,"Emilio, Floris",M,2013-03-15,"['deputyHead', 'member']",[],[],['Upper house']
IT-ValentiniDaniela,"Daniela, Valentini",F,2013-03-15,['member'],[],[],['Upper house']
IT-DiNicolaPrimo,"Primo, Di Nicola",M,2018-03-23,"['deputyHead', 'head', 'member']",[],[],['Upper house']
IT-DiPiazzaStanislao,"Stanislao, Di Piazza",M,2018-03-23,"['deputyHead', 'member']",[],[],['Upper house']
IT-DiMarzioLuigi,"Luigi, Di Marzio",M,2018-03-23,['member'],[],[],['Upper house']
IT-BoccaBernabo,"Bernabo', Bocca",M,2013-03-15,['member'],[],[],['Upper house']
IT-LAbbateGiuseppe,"Giuseppe, L'Abbate",M,2013-03-15,"['deputyHead', 'member']",[],[],['Upper house']
IT-DiMaggioSalvatoreTito,"Salvatore Tito, Di Maggio",M,2013-03-15,"['deputyHead', 'member']",[],[],['Upper house']
IT-KyengeCecile,"Cecile, Kyenge",F,2013-03-15,"['member', 'minister']",[],[],['Upper house']
IT-IoriVanna,"Vanna, Iori",F,2018-03-23,['member'],[],[],['Upper house']
IT-GiroMario,"Mario, Giro",M,2013-05-03,"['deputyHead', 'member']",[],[],[]
IT-FedeGiorgio,"Giorgio, Fede",M,2018-03-23,['member'],[],[],['Upper house']
IT-FaggiAntonella,"Antonella, Faggi",F,2018-03-23,"['deputyHead', 'member']",[],[],['Upper house']
IT-FazzolariGiovanbattista,"Giovanbattista, Fazzolari",M,2018-03-23,['member'],[],[],['Upper house']
IT-ErraniVasco,"Vasco, Errani",M,2018-03-23,['member'],[],[],['Upper house']
IT-EvangelistaElviraLucia,"Elvira Lucia, Evangelista",F,2018-03-23,['member'],[],[],['Upper house']
IT-DragoTizianaCarmelaRosaria,"Tiziana Carmela Rosaria, Drago",F,2018-03-23,['member'],[],[],['Upper house']
IT-DurnwalderMeinhard,"Meinhard, Durnwalder",M,2018-03-23,['member'],[],[],['Upper house']
IT-GrilliVittorioUmberto,"Vittorio Umberto, Grilli",M,nan,[],[],[],[]
IT-CrucioliMattia,"Mattia, Crucioli",M,2018-03-23,"['head', 'member']",[],[],['Upper house']
IT-PirovanoDaisy,"Daisy, Pirovano",F,2018-03-23,['member'],[],[],['Upper house']
IT-GianniniStefania,"Stefania, Giannini",F,2013-03-15,"['member', 'minister']",[],[],['Upper house']
IT-DAlfonsoLuciano,"Luciano, D'Alfonso",M,2018-03-23,['member'],[],[],['Upper house']
IT-ZuffadaSante,"Sante, Zuffada",M,2013-03-15,['member'],[],[],['Upper house']
IT-DalMasFranco,"Franco, Dal Mas",M,2018-03-23,['member'],[],[],['Upper house']
IT-LaforgiaFrancesco,"Francesco, Laforgia",M,2018-03-23,['member'],[],[],['Upper house']
IT-PiccinelliEnrico,"Enrico, Piccinelli",M,2013-05-28,['member'],[],[],['Upper house']
IT-DessiEmanuele,"Emanuele, Dessi'",M,2018-03-23,['member'],[],[],['Upper house']
IT-DiGirolamoGabriella,"Gabriella, Di Girolamo",F,2018-03-23,['member'],[],[],['Upper house']
IT-DellOlioGianmauro,"Gianmauro, Dell'Olio",M,2018-03-23,['member'],[],[],['Upper house']
IT-DeLuciaDanila,"Danila, De Lucia",F,2018-03-23,['member'],[],[],['Upper house']
IT-DeBonisSaverio,"Saverio, De Bonis",M,2018-03-23,"['deputyHead', 'member']",[],[],['Upper house']
IT-DeFalcoGregorio,"Gregorio, De Falco",M,2018-03-23,"['deputyHead', 'member']",[],[],['Upper house']
IT-MaffoniGianpietro,"Gianpietro, Maffoni",M,2018-07-10,['member'],[],[],['Upper house']
IT-DAngeloGrazia,"Grazia, D'Angelo",F,2018-03-23,"['deputyHead', 'member']",[],[],['Upper house']
IT-deBertoldiAndrea,"Andrea, de Bertoldi",M,2018-03-23,['member'],[],[],['Upper house']
IT-ColomboEmilio,"Emilio, Colombo",M,2013-03-15,['member'],[],[],['Upper house']
IT-StucchiGiacomo,"Giacomo, Stucchi",M,2013-03-15,['member'],[],[],['Upper house']
IT-DiBiagioAldo,"Aldo, Di Biagio",M,2013-03-15,"['deputyHead', 'member']",[],[],['Upper house']
IT-VitaliLuigi,"Luigi, Vitali",M,2018-03-23,['member'],[],[],['Upper house']
IT-GualtieriRoberto,"Roberto, Gualtieri",M,2019-09-05,"['member', 'minister']",[],[],['Upper house']
IT-SaccomanniFabrizio,"Fabrizio, Saccomanni",M,2013-04-28,"['member', 'minister']",[],[],[]
IT-EspositoStefano,"Stefano, Esposito",M,2013-03-15,['member'],[],[],['Upper house']
IT-TrigiliaCarlo,"Carlo, Trigilia",M,2013-04-28,"['member', 'minister']",[],[],[]
IT-BonettiElena,"Elena, Bonetti",F,2019-09-05,"['member', 'minister']",[],[],[]
IT-GiovanniniEnrico,"Enrico, Giovannini",M,2013-04-28,"['member', 'minister']",[],[],[]
IT-ZanonatoFlavio,"Flavio, Zanonato",M,2013-04-28,"['member', 'minister']",[],[],[]
IT-ColucciFrancesco,"Francesco, Colucci",M,2013-03-15,['member'],[],[],['Upper house']
IT-PisanoPaola,"Paola, Pisano",F,2019-09-05,"['member', 'minister']",[],[],[]
IT-CatricalàAntonio,"Antonio, Catricalà",M,2013-05-03,"['deputyHead', 'member']",[],[],[]
IT-BressaGianclaudio,"Gianclaudio, Bressa",M,2014-02-28,"['deputyHead', 'member']",[],[],['Upper house']
IT-BrunoDonato,"Donato, Bruno",M,2013-03-15,"['deputyHead', 'member']",[],[],['Upper house']
IT-DOnghiaAngela,"Angela, D'Onghia",F,2013-03-15,"['deputyHead', 'member']",[],[],['Upper house']
IT-DirindinNerina,"Nerina, Dirindin",F,2013-03-15,['member'],[],[],['Upper house']
IT-DiGiorgiRosaMaria,"Rosa Maria, Di Giorgi",F,2013-03-15,['member'],[],[],['Upper house']
IT-CompagnaLuigi,"Luigi, Compagna",M,2013-03-15,['member'],[],[],['Upper house']
IT-DeMonteIsabella,"Isabella, De Monte",F,2013-03-15,['member'],[],[],['Upper house']
IT-IchinoPietro,"Pietro, Ichino",M,2013-03-15,['member'],[],[],['Upper house']
IT-DAscolaNico,"Nico, D'Ascola",M,2013-03-15,['member'],[],[],['Upper house']
IT-BonaiutiPaolo,"Paolo, Bonaiuti",M,2013-03-15,['member'],[],[],['Upper house']
IT-DallaZuannaGianpiero,"Gianpiero, Dalla Zuanna",M,2013-03-15,['member'],[],[],['Upper house']
IT-DelBarbaMauro,"Mauro, Del Barba",M,2013-03-15,['member'],[],[],['Upper house']
IT-DePinPaola,"Paola, De Pin",F,2013-03-15,['member'],[],[],['Upper house']
IT-DePietroCristina,"Cristina, De Pietro",F,2013-03-15,['member'],[],[],['Upper house']
IT-FornaroFederico,"Federico, Fornaro",M,2013-03-15,"['deputyHead', 'member']",[],[],['Upper house']
IT-PavanelliEmma,"Emma, Pavanelli",F,2019-07-31,['member'],[],[],['Upper house']
IT-FissoreElena,"Elena, Fissore",F,2013-03-15,['member'],[],[],['Upper house']
IT-CaligiuriFulviaMichela,"Fulvia Michela, Caligiuri",F,2019-07-31,['member'],[],[],['Upper house']
IT-CalderoliRoberto,"Roberto, Calderoli",M,2013-03-15,['member'],[],[],['Upper house']
IT-CortiStefano,"Stefano, Corti",M,2019-07-31,['member'],[],[],['Upper house']
IT-ManzatoFranco,"Franco, Manzato",M,2018-03-23,"['deputyHead', 'member']",[],[],['Upper house']
IT-FattoriElena,"Elena, Fattori",F,2013-03-15,"['deputyHead', 'member']",[],[],['Upper house']
IT-FabbriCamilla,"Camilla, Fabbri",F,2013-03-15,['member'],[],[],['Upper house']
IT-EndrizziGiovanni,"Giovanni, Endrizzi",M,2013-03-15,"['head', 'member']",[],[],['Upper house']
IT-DonnoDaniela,"Daniela, Donno",F,2013-03-15,"['deputyHead', 'member']",[],[],['Upper house']
IT-FilippinRosanna,"Rosanna, Filippin",F,2013-03-15,['member'],[],[],['Upper house']
IT-FerraraElena,"Elena, Ferrara",F,2013-03-15,['member'],[],[],['Upper house']
IT-FaveroNicoletta,"Nicoletta, Favero",F,2013-03-15,['member'],[],[],['Upper house']
IT-FattoriniEmma,"Emma, Fattorini",F,2013-03-15,['member'],[],[],['Upper house']
IT-CesaroLuigi,"Luigi, Cesaro",M,2018-03-23,['member'],[],[],['Upper house']
IT-BoccardiMichele,"Michele, Boccardi",M,2015-09-08,['member'],[],[],['Upper house']
IT-CassanoMassimo,"Massimo, Cassano",M,2013-03-15,"['deputyHead', 'member']",[],[],['Upper house']
IT-SavonaPaolo,"Paolo, Savona",M,2018-06-01,"['member', 'minister']",[],[],[]
IT-CervelliniMassimo,"Massimo, Cervellini",M,2013-03-15,['member'],[],[],['Upper house']
IT-SacconeAntonio,"Antonio, Saccone",M,2018-03-23,['member'],[],[],['Upper house']
IT-CentinaioGianMarco,"Gian Marco, Centinaio",M,2013-03-15,"['deputyHead', 'head', 'member', 'minister']",[],[],['Upper house']
IT-CatalfoNunzia,"Nunzia, Catalfo",F,2013-03-15,"['deputyHead', 'head', 'member', 'minister']",[],[],['Upper house']
IT-CastaldiGianluca,"Gianluca, Castaldi",M,2013-03-15,"['deputyHead', 'head', 'member']",[],[],['Upper house']
IT-CiampolilloLello,"Lello, Ciampolillo",M,2013-03-15,['member'],[],[],['Upper house']
IT-CantiniLaura,"Laura, Cantini",F,2013-03-15,['member'],[],[],['Upper house']
IT-CasalettoMonica,"Monica, Casaletto",F,2013-03-15,['member'],[],[],['Upper house']
IT-CaridiAntonioStefano,"Antonio Stefano, Caridi",M,2013-03-15,['member'],[],[],['Upper house']
IT-CardinaliValeria,"Valeria, Cardinali",F,2013-03-15,['member'],[],[],['Upper house']
IT-CappellettiEnrico,"Enrico, Cappelletti",M,2013-03-15,"['head', 'member']",[],[],['Upper house']
IT-CorsiniPaolo,"Paolo, Corsini",M,2013-03-15,['member'],[],[],['Upper house']
IT-CapacchioneRosaria,"Rosaria, Capacchione",F,2013-03-15,['member'],[],[],['Upper house']
IT-DallaTorMario,"Mario, Dalla Tor",M,2013-03-15,['member'],[],[],['Upper house']
IT-DAddaErica,"Erica, D'Adda",F,2013-03-15,['member'],[],[],['Upper house']
IT-CuomoVincenzo,"Vincenzo, Cuomo",M,2013-03-15,['member'],[],[],['Upper house']
IT-CuccaGiuseppeLuigiSalvatore,"Giuseppe Luigi Salvatore, Cucca",M,2013-03-15,"['deputyHead', 'member']",[],[],['Upper house']
IT-BoldriniPaola,"Paola, Boldrini",F,2018-03-23,['member'],[],[],['Upper house']
IT-CociancichRoberto,"Roberto, Cociancich",M,2013-03-15,['member'],[],[],['Upper house']
IT-CioffiAndrea,"Andrea, Cioffi",M,2013-03-15,"['deputyHead', 'head', 'member']",[],[],['Upper house']
IT-CrimiVitoClaudio,"Vito Claudio, Crimi",M,2013-03-15,"['deputyHead', 'head', 'member']",[],[],['Upper house']
IT-CottiRoberto,"Roberto, Cotti",M,2013-03-15,"['deputyHead', 'member']",[],[],['Upper house']
IT-CompagnoneGiuseppe,"Giuseppe, Compagnone",M,2013-03-15,['member'],[],[],['Upper house']
IT-CollinaStefano,"Stefano, Collina",M,2013-03-15,['member'],[],[],['Upper house']
IT-CeroniRemigio,"Remigio, Ceroni",M,2013-03-15,['member'],[],[],['Upper house']
IT-AugussoriLuigi,"Luigi, Augussori",M,2018-03-23,['member'],[],[],['Upper house']
IT-CarfagnaMariaRosaria,"Maria Rosaria, Carfagna",F,2018-03-23,"['member', 'minister']",[],[],['Upper house']
IT-BertorottaOrnella,"Ornella, Bertorotta",F,2013-03-15,"['deputyHead', 'member']",[],[],['Upper house']
IT-BonifaziFrancesco,"Francesco, Bonifazi",M,2018-03-23,['member'],[],[],['Upper house']
IT-BergerHans,"Hans, Berger",M,2013-03-15,['member'],[],[],['Upper house']
IT-BonafedeAlfonso,"Alfonso, Bonafede",M,2013-03-15,"['member', 'minister']",[],[],['Upper house']
IT-BenciniAlessandra,"Alessandra, Bencini",F,2013-03-15,['member'],[],[],['Upper house']
IT-BellotRaffaela,"Raffaela, Bellot",F,2013-03-15,['member'],[],[],['Upper house']
IT-GiannuzziSilvana,"Silvana, Giannuzzi",F,2018-03-23,['member'],[],[],['Upper house']
IT-BilardiGiovanni,"Giovanni, Bilardi",M,2013-03-15,"['deputyHead', 'member']",[],[],['Upper house']
IT-BignamiLaura,"Laura, Bignami",F,2013-03-15,['member'],[],[],['Upper house']
IT-BiancoAmedeo,"Amedeo, Bianco",M,2013-03-15,['member'],[],[],['Upper house']
IT-NaccaratoPaolo,"Paolo, Naccarato",M,2013-05-07,['member'],[],[],['Upper house']
IT-BattistaLorenzo,"Lorenzo, Battista",M,2013-03-15,['member'],[],[],['Upper house']
IT-BarozzinoGiovanni,"Giovanni, Barozzino",M,2013-03-15,['member'],[],[],['Upper house']
IT-AstorreBruno,"Bruno, Astorre",M,2013-03-15,['member'],[],[],['Upper house']
IT-BiniCaterina,"Caterina, Bini",F,2018-03-23,"['deputyHead', 'member']",[],[],['Upper house']
IT-VolpiRaffaele,"Raffaele, Volpi",M,2013-03-15,"['deputyHead', 'member']",[],[],['Upper house']
IT-PillonSimone,"Simone, Pillon",M,2018-03-23,['member'],[],[],['Upper house']
IT-PirroElisa,"Elisa, Pirro",F,2018-03-23,['member'],[],[],['Upper house']
IT-CaleoMassimo,"Massimo, Caleo",M,2013-03-15,['member'],[],[],['Upper house']
IT-QuartoRuggiero,"Ruggiero, Quarto",M,2018-03-23,['member'],[],[],['Upper house']
IT-BulgarelliElisa,"Elisa, Bulgarelli",F,2013-03-15,"['deputyHead', 'member']",[],[],['Upper house']
IT-RautiIsabella,"Isabella, Rauti",F,2018-03-23,"['deputyHead', 'member']",[],[],['Upper house']
IT-BuccarellaMaurizio,"Maurizio, Buccarella",M,2013-03-15,"['deputyHead', 'head', 'member']",[],[],['Upper house']
IT-PresuttoVincenzo,"Vincenzo, Presutto",M,2018-03-23,"['deputyHead', 'member']",[],[],['Upper house']
IT-BrogliaClaudio,"Claudio, Broglia",M,2013-03-15,['member'],[],[],['Upper house']
IT-PucciarelliStefania,"Stefania, Pucciarelli",F,2018-03-23,"['deputyHead', 'member']",[],[],['Upper house']
IT-GuidesiGuido,"Guido, Guidesi",M,2013-03-15,"['deputyHead', 'member']",[],[],['Upper house']
IT-PisaniPietro,"Pietro, Pisani",M,2018-03-23,['member'],[],[],['Upper house']
IT-PapaevangeliuKristaliaRachele,"Kristalia Rachele, Papaevangeliu",F,2019-07-02,['member'],[],[],['Upper house']
IT-PizzolNadia,"Nadia, Pizzol",F,2018-03-23,['member'],[],[],['Upper house']
IT-CandianiStefano,"Stefano, Candiani",M,2013-03-15,"['deputyHead', 'member']",[],[],['Upper house']
IT-PisaniGiuseppe,"Giuseppe, Pisani",M,2018-03-23,['member'],[],[],['Upper house']
IT-BerlusconiSilvio,"Silvio, Berlusconi",M,2013-03-15,['member'],[],[],['Upper house']
IT-CampanellaFrancesco,"Francesco, Campanella",M,2013-03-15,"['deputyHead', 'member']",[],[],['Upper house']
IT-BotticiLaura,"Laura, Bottici",F,2013-03-15,"['deputyHead', 'member']",[],[],['Upper house']
IT-BoschiMariaElena,"Maria Elena, Boschi",F,2013-03-15,"['deputyHead', 'member', 'minister']",[],[],['Upper house']
IT-BorioliDanieleGaetano,"Daniele Gaetano, Borioli",M,2013-03-15,['member'],[],[],['Upper house']
IT-BorlettiDellAcquaBuitoniIlaria,"Ilaria, Borletti Dell'Acqua Buitoni",F,2013-03-15,"['deputyHead', 'member']",[],[],['Upper house']
IT-BocchinoFabrizio,"Fabrizio, Bocchino",M,2013-03-15,['member'],[],[],['Upper house']
IT-BlundoRosettaEnza,"Rosetta Enza, Blundo",F,2013-03-15,['member'],[],[],['Upper house']
IT-BorghesiStefano,"Stefano, Borghesi",M,2018-03-23,['member'],[],[],['Upper house']
IT-FerroMassimo,"Massimo, Ferro",M,2018-03-23,['member'],[],[],['Upper house']
IT-MattesiniDonella,"Donella, Mattesini",F,2013-03-15,['member'],[],[],['Upper house']
IT-SangalliGianCarlo,"Gian Carlo, Sangalli",M,2013-03-15,['member'],[],[],['Upper house']
IT-BertuzziMariaTeresa,"Maria Teresa, Bertuzzi",F,2013-03-15,['member'],[],[],['Upper house']
IT-MarsilioMarco,"Marco, Marsilio",M,2018-03-23,['member'],[],[],['Upper house']
IT-GhediniRita,"Rita, Ghedini",F,2013-03-15,['member'],[],[],['Upper house']
IT-DurigonClaudio,"Claudio, Durigon",M,2018-03-23,"['deputyHead', 'member']",[],[],['Upper house']
IT-DAnnaVincenzo,"Vincenzo, D'Anna",M,2013-03-15,"['deputyHead', 'member']",[],[],['Upper house']
IT-GranaiolaManuela,"Manuela, Granaiola",F,2013-03-15,['member'],[],[],['Upper house']
IT-CardielloFranco,"Franco, Cardiello",M,2013-03-15,['member'],[],[],['Upper house']
IT-PicchiGuglielmo,"Guglielmo, Picchi",M,2013-03-15,"['deputyHead', 'member']",[],[],['Upper house']
IT-MazzoniRiccardo,"Riccardo, Mazzoni",M,2013-03-15,"['deputyHead', 'member']",[],[],['Upper house']
IT-GarofoliRoberto,"Roberto, Garofoli",M,2021-02-13,"['deputyHead', 'member']",[],[],[]
IT-BianchiDorina,"Dorina, Bianchi",F,2013-03-15,"['deputyHead', 'member']",[],[],['Upper house']
IT-LoMoroDoris,"Doris, Lo Moro",F,2013-03-15,['member'],[],[],['Upper house']
IT-RanucciRaffaele,"Raffaele, Ranucci",M,2013-03-15,['member'],[],[],['Upper house']
IT-FontanaIlaria,"Ilaria, Fontana",F,2018-03-23,['member'],[],[],['Upper house']
IT-RixiEdoardo,"Edoardo, Rixi",M,2018-03-23,"['deputyHead', 'member']",[],[],['Upper house']
IT-MadiaMariaAnna,"Maria Anna, Madia",F,2013-03-15,"['member', 'minister']",[],[],['Upper house']
IT-RazziAntonio,"Antonio, Razzi",M,2013-03-15,['member'],[],[],['Upper house']
IT-LorenzinBeatrice,"Beatrice, Lorenzin",F,2013-03-15,"['member', 'minister']",[],[],['Upper house']
IT-ManfrediGaetano,"Gaetano, Manfredi",M,2020-01-10,"['member', 'minister']",[],[],[]
IT-BondiSandro,"Sandro, Bondi",M,2013-03-15,['member'],[],[],['Upper house']
IT-MugnaiFranco,"Franco, Mugnai",M,2017-12-21,['member'],[],[],['Upper house']
IT-NastriGaetano,"Gaetano, Nastri",M,2018-03-23,['member'],[],[],['Upper house']
IT-SciasciaSalvatore,"Salvatore, Sciascia",M,2013-03-15,['member'],[],[],['Upper house']
IT-MessinaAlfredo,"Alfredo, Messina",M,2013-03-15,['member'],[],[],['Upper house']
IT-BuffagniStefano,"Stefano, Buffagni",M,2018-03-23,"['deputyHead', 'member']",[],[],['Upper house']
IT-FazzoneClaudio,"Claudio, Fazzone",M,2013-03-15,['member'],[],[],['Upper house']
IT-MantovaniMario,"Mario, Mantovani",M,2013-03-15,['member'],[],[],['Upper house']
IT-GalloneMariaAlessandra,"Maria Alessandra, Gallone",F,2018-03-23,"['deputyHead', 'member']",[],[],['Upper house']
IT-OrlandoAndrea,"Andrea, Orlando",M,2013-03-15,"['member', 'minister']",[],[],['Upper house']
IT-MuneratoEmanuela,"Emanuela, Munerato",F,2013-03-15,['member'],[],[],['Upper house']
IT-SerafiniGiancarlo,"Giancarlo, Serafini",M,2013-03-15,['member'],[],[],['Upper house']
IT-PolilloGianfranco,"Gianfranco, Polillo",M,nan,[],[],[],[]
IT-MinnitiMarco,"Marco, Minniti",M,2013-03-15,['member'],[],[],['Upper house']
IT-FalangaCiro,"Ciro, Falanga",M,2013-03-15,['member'],[],[],['Upper house']
IT-MogheriniFederica,"Federica, Mogherini",F,2013-03-15,"['member', 'minister']",[],[],['Upper house']
IT-PelinoPaola,"Paola, Pelino",F,2013-03-15,"['deputyHead', 'member']",[],[],['Upper house']
IT-DeSianoDomenico,"Domenico, De Siano",M,2013-03-15,['member'],[],[],['Upper house']
IT-CaliendoGiacomo,"Giacomo, Caliendo",M,2013-03-15,['member'],[],[],['Upper house']
IT-MiloAntonio,"Antonio, Milo",M,2013-03-15,['member'],[],[],['Upper house']
IT-VallardiGianpaolo,"Gianpaolo, Vallardi",M,2018-03-23,['member'],[],[],['Upper house']
IT-MorassutRoberto,"Roberto, Morassut",M,2013-03-15,"['deputyHead', 'member']",[],[],['Upper house']
IT-MolteniNicola,"Nicola, Molteni",M,2013-03-15,"['deputyHead', 'member']",[],[],['Upper house']
IT-FasanoEnzo,"Enzo, Fasano",M,2013-03-15,['member'],[],[],['Upper house']
IT-PetrengaGiovanna,"Giovanna, Petrenga",F,2019-07-02,['member'],[],[],['Upper house']
IT-PortaFabio,"Fabio, Porta",M,2022-01-12,['member'],[],[],['Upper house']
IT-PizzettiLuciano,"Luciano, Pizzetti",M,2013-03-15,"['deputyHead', 'member']",[],[],['Upper house']
IT-MerloRicardoAntonio,"Ricardo Antonio, Merlo",M,2018-03-23,"['deputyHead', 'member']",[],[],['Upper house']
IT-MerloniMariaPaola,"Maria Paola, Merloni",F,2013-03-15,['member'],[],[],['Upper house']
IT-VerroAntonio,"Antonio, Verro",M,2013-03-15,['member'],[],[],['Upper house']
IT-ViceconteGuido,"Guido, Viceconte",M,2013-03-15,['member'],[],[],['Upper house']
IT-VerdiniDenis,"Denis, Verdini",M,2013-03-15,['member'],[],[],['Upper house']
IT-MontaniEnrico,"Enrico, Montani",M,2018-03-23,"['deputyHead', 'member']",[],[],['Upper house']
IT-MisianiAntonio,"Antonio, Misiani",M,2018-03-23,"['deputyHead', 'member']",[],[],['Upper house']
IT-ZanettinPierantonio,"Pierantonio, Zanettin",M,2013-03-15,['member'],[],[],['Upper house']
IT-SalviniMatteo,"Matteo, Salvini",M,2018-03-23,"['deputyHead', 'member']",[],[],['Upper house']
IT-SbrolliniDaniela,"Daniela, Sbrollini",F,2018-03-23,['member'],[],[],['Upper house']
IT-RossomandoAnna,"Anna, Rossomando",F,2018-03-23,['member'],[],[],['Upper house']
IT-RossiMariarosaria,"Mariarosaria, Rossi",F,2013-03-15,['member'],[],[],['Upper house']
IT-RivoltaErica,"Erica, Rivolta",F,2018-03-23,['member'],[],[],['Upper house']
IT-RepettiManuela,"Manuela, Repetti",F,2013-03-15,['member'],[],[],['Upper house']
IT-VerducciFrancesco,"Francesco, Verducci",M,2013-03-15,['member'],[],[],['Upper house']
IT-DAliaGianpiero,"Gianpiero, D'Alia",M,2013-03-15,"['member', 'minister']",[],[],['Upper house']
IT-GiorgisAndrea,"Andrea, Giorgis",M,2013-03-15,"['deputyHead', 'member']",[],[],['Upper house']
IT-DeMisturaStaffan,"Staffan, De Mistura",M,nan,[],[],[],[]
IT-CastelloneMariaDomenica,"Maria Domenica, Castellone",F,2018-03-23,"['deputyHead', 'head', 'member']",[],[],['Upper house']
IT-DeVincentiClaudio,"Claudio, De Vincenti",M,2013-05-03,"['deputyHead', 'member', 'minister']",[],[],[]
IT-CorradoMargherita,"Margherita, Corrado",F,2018-03-23,"['deputyHead', 'member']",[],[],['Upper house']
IT-CroattiMarco,"Marco, Croatti",M,2018-03-23,['member'],[],[],['Upper house']
IT-ConzattiDonatella,"Donatella, Conzatti",F,2018-03-23,['member'],[],[],['Upper house']
IT-CorbettaGianmarco,"Gianmarco, Corbetta",M,2018-03-23,['member'],[],[],['Upper house']
IT-CirianiLuca,"Luca, Ciriani",M,2018-03-23,"['head', 'member']",[],[],['Upper house']
IT-ColtortiMauro,"Mauro, Coltorti",M,2018-03-23,['member'],[],[],['Upper house']
IT-CastielloFrancesco,"Francesco, Castiello",M,2018-03-23,['member'],[],[],['Upper house']
IT-CernoTommaso,"Tommaso, Cerno",M,2018-03-23,['member'],[],[],['Upper house']
IT-MaranAlessandro,"Alessandro, Maran",M,2013-03-15,"['deputyHead', 'member']",[],[],['Upper house']
IT-LannuttiElio,"Elio, Lannutti",M,2018-03-23,['member'],[],[],['Upper house']
IT-MarinelloGiuseppeFrancescoMaria,"Giuseppe Francesco Maria, Marinello",M,2013-03-15,['member'],[],[],['Upper house']
IT-LupiMaurizio,"Maurizio, Lupi",M,2013-03-15,"['member', 'minister']",[],[],['Upper house']
IT-RossiDoriaMarco,"Marco, Rossi Doria",M,2013-05-03,"['deputyHead', 'member']",[],[],[]
IT-GueriniLorenzo,"Lorenzo, Guerini",M,2013-03-15,"['member', 'minister']",[],[],['Upper house']
IT-GrilloGiulia,"Giulia, Grillo",F,2013-03-15,"['member', 'minister']",[],[],['Upper house']
IT-GuerraMariaCecilia,"Maria Cecilia, Guerra",F,2013-03-15,"['deputyHead', 'head', 'member']",[],[],['Upper house']
IT-AzzolliniAntonio,"Antonio, Azzollini",M,2013-03-15,['member'],[],[],['Upper house']
IT-AzzolinaLucia,"Lucia, Azzolina",F,2018-03-23,"['deputyHead', 'member', 'minister']",[],[],['Upper house']
IT-ZavoliSergio,"Sergio, Zavoli",M,2013-03-15,['member'],[],[],['Upper house']
IT-TraversiRoberto,"Roberto, Traversi",M,2018-03-23,"['deputyHead', 'member']",[],[],['Upper house']
IT-BarcaFabrizio,"Fabrizio, Barca",M,nan,[],[],[],[]
IT-FraccaroRiccardo,"Riccardo, Fraccaro",M,2013-03-15,"['deputyHead', 'member', 'minister']",[],[],['Upper house']
IT-SchifaniRenato,"Renato, Schifani",M,2013-03-15,"['head', 'member']",[],[],['Upper house']
IT-MoaveroMilanesiEnzo,"Enzo, Moavero Milanesi",M,2013-04-28,"['member', 'minister']",[],[],[]
IT-AlfanoGioacchino,"Gioacchino, Alfano",M,2013-03-15,"['deputyHead', 'member']",[],[],['Upper house']
IT-AlfanoAngelino,"Angelino, Alfano",M,2013-03-15,"['member', 'minister']",[],[],['Upper house']
IT-PittoniMario,"Mario, Pittoni",M,2018-03-23,['member'],[],[],['Upper house']
IT-FantettiRaffaele,"Raffaele, Fantetti",M,2018-03-23,"['head', 'member']",[],[],['Upper house']
IT-DeAngelisFausto,"Fausto, De Angelis",M,2022-03-29,['member'],[],[],['Upper house']
IT-MatteoliAltero,"Altero, Matteoli",M,2013-03-15,['member'],[],[],['Upper house']
IT-StancanelliRaffaele,"Raffaele, Stancanelli",M,2018-03-23,['member'],[],[],['Upper house']
IT-DAmbrosioLettieriLuigi,"Luigi, D'Ambrosio Lettieri",M,2013-03-15,['member'],[],[],['Upper house']
IT-GhediniNiccolo,"Niccolo', Ghedini",M,2013-03-15,['member'],[],[],['Upper house']
IT-TomaselliSalvatore,"Salvatore, Tomaselli",M,2013-03-15,['member'],[],[],['Upper house']
IT-ToniniGiorgio,"Giorgio, Tonini",M,2013-03-15,"['deputyHead', 'member']",[],[],['Upper house']
IT-MolesGiuseppe,"Giuseppe, Moles",M,2018-03-23,"['deputyHead', 'member']",[],[],['Upper house']
IT-CancellieriAnnaMaria,"Anna Maria, Cancellieri",F,2013-04-28,"['member', 'minister']",[],[],[]
IT-AlicataBruno,"Bruno, Alicata",M,2013-03-15,['member'],[],[],['Upper house']
IT-VicariSimona,"Simona, Vicari",F,2013-03-15,"['deputyHead', 'member']",[],[],['Upper house']
IT-MontiMario,"Mario, Monti",M,2013-03-15,['member'],[],[],['Upper house']
IT-ValenteValeria,"Valeria, Valente",F,2018-03-23,"['deputyHead', 'member']",[],[],['Upper house']
IT-GirlandaRocco,"Rocco, Girlanda",M,2013-05-03,"['deputyHead', 'member']",[],[],[]
IT-SibiliaCosimo,"Cosimo, Sibilia",M,2013-03-15,['member'],[],[],['Upper house']
IT-ValenteSimone,"Simone, Valente",M,2013-03-15,"['deputyHead', 'member']",[],[],['Upper house']
IT-RossiLuciano,"Luciano, Rossi",M,2013-03-15,['member'],[],[],['Upper house']
IT-DiGiacomoUlisse,"Ulisse, Di Giacomo",M,2013-11-28,"['deputyHead', 'member']",[],[],['Upper house']
IT-QuagliarielloGaetano,"Gaetano, Quagliariello",M,2013-03-15,"['head', 'member', 'minister']",[],[],['Upper house']
IT-GaraviniLaura,"Laura, Garavini",F,2018-03-23,"['deputyHead', 'member']",[],[],['Upper house']
IT-VillarosaAlessioMattia,"Alessio Mattia, Villarosa",M,2013-03-15,"['deputyHead', 'member']",[],[],['Upper house']
IT-VezzaliMariaValentina,"Maria Valentina, Vezzali",F,2021-02-25,"['deputyHead', 'member']",[],[],[]
IT-ZanettiEnrico,"Enrico, Zanetti",M,2013-03-15,"['deputyHead', 'member']",[],[],['Upper house']
IT-GibiinoVincenzo,"Vincenzo, Gibiino",M,2013-03-15,['member'],[],[],['Upper house']
IT-GiammancoGabriella,"Gabriella, Giammanco",F,2018-03-23,"['deputyHead', 'member']",[],[],['Upper house']
IT-GattiMariaGrazia,"Maria Grazia, Gatti",F,2013-03-15,['member'],[],[],['Upper house']
IT-BuemiEnrico,"Enrico, Buemi",M,2013-05-22,"['deputyHead', 'member']",[],[],['Upper house']
IT-GalliDario,"Dario, Galli",M,2018-03-23,"['deputyHead', 'member']",[],[],['Upper house']
IT-TremontiGiulio,"Giulio, Tremonti",M,2013-03-15,['member'],[],[],['Upper house']
IT-RuvoloGiuseppe,"Giuseppe, Ruvolo",M,2013-03-15,['member'],[],[],['Upper house']
IT-CaseroLuigi,"Luigi, Casero",M,2013-03-15,"['deputyHead', 'member']",[],[],['Upper house']
IT-CirinnaMonica,"Monica, Cirinna'",F,2013-03-15,['member'],[],[],['Upper house']
IT-MarinoIgnazio,"Ignazio, Marino",M,2013-03-15,['member'],[],[],['Upper house']
IT-TrontiMario,"Mario, Tronti",M,2013-03-15,['member'],[],[],['Upper house']
IT-MucchettiMassimo,"Massimo, Mucchetti",M,2013-03-15,['member'],[],[],['Upper house']
IT-MoscardelliClaudio,"Claudio, Moscardelli",M,2013-03-15,['member'],[],[],['Upper house']
IT-MorraNicola,"Nicola, Morra",M,2013-03-15,"['head', 'member']",[],[],['Upper house']
IT-DiStefanoManlio,"Manlio, Di Stefano",M,2013-03-15,"['deputyHead', 'member']",[],[],['Upper house']
IT-MoroneseVilma,"Vilma, Moronese",F,2013-03-15,"['deputyHead', 'head', 'member']",[],[],['Upper house']
IT-OrellanaLuisAlberto,"Luis Alberto, Orellana",M,2013-03-15,"['deputyHead', 'member']",[],[],['Upper house']
IT-OliveroAndrea,"Andrea, Olivero",M,2013-03-15,"['deputyHead', 'member']",[],[],['Upper house']
IT-NugnesPaola,"Paola, Nugnes",F,2013-03-15,"['deputyHead', 'member']",[],[],['Upper house']
IT-MussiniMaria,"Maria, Mussini",F,2013-03-15,"['deputyHead', 'member']",[],[],['Upper house']
IT-MorgoniMario,"Mario, Morgoni",M,2013-03-15,['member'],[],[],['Upper house']
IT-DiMaioLuigi,"Luigi, Di Maio",M,2013-03-15,"['deputyHead', 'member', 'minister']",[],[],['Upper house']
IT-MontevecchiMichela,"Michela, Montevecchi",F,2013-03-15,"['deputyHead', 'head', 'member']",[],[],['Upper house']
IT-LamorgeseLuciana,"Luciana, Lamorgese",F,2019-09-05,"['member', 'minister']",[],[],[]
IT-PegorerCarlo,"Carlo, Pegorer",M,2013-03-15,['member'],[],[],['Upper house']
IT-PanizzaFranco,"Franco, Panizza",M,2013-03-15,"['deputyHead', 'member']",[],[],['Upper house']
IT-FerrariAlan,"Alan, Ferrari",M,2018-03-23,"['deputyHead', 'member']",[],[],['Upper house']
IT-PalermoFrancesco,"Francesco, Palermo",M,2013-03-15,['member'],[],[],['Upper house']
IT-FerraresiVittorio,"Vittorio, Ferraresi",M,2013-03-15,"['deputyHead', 'member']",[],[],['Upper house']
IT-PagliniSara,"Sara, Paglini",F,2013-03-15,['member'],[],[],['Upper house']
IT-FassinaStefano,"Stefano, Fassina",M,2013-03-15,"['deputyHead', 'member']",[],[],['Upper house']
IT-PagliariGiorgio,"Giorgio, Pagliari",M,2013-03-15,['member'],[],[],['Upper house']
IT-FaraoneDavide,"Davide, Faraone",M,2014-11-10,"['deputyHead', 'head', 'member']",[],[],['Upper house']
IT-GasparriMaurizio,"Maurizio, Gasparri",M,2013-03-15,['member'],[],[],['Upper house']
IT-PerroneLuigi,"Luigi, Perrone",M,2013-03-15,['member'],[],[],['Upper house']
IT-PepeBartolomeo,"Bartolomeo, Pepe",M,2013-03-15,['member'],[],[],['Upper house']
IT-DAngelisErasmo,"Erasmo, D'Angelis",M,2013-05-06,"['deputyHead', 'member']",[],[],[]
IT-ParenteAnnamaria,"Annamaria, Parente",F,2013-03-15,['member'],[],[],['Upper house']
IT-PaganoPippo,"Pippo, Pagano",M,2013-03-15,"['deputyHead', 'member']",[],[],['Upper house']
IT-PaduaVenera,"Venera, Padua",F,2013-03-15,['member'],[],[],['Upper house']
IT-FantinatiMattia,"Mattia, Fantinati",M,2013-03-15,"['deputyHead', 'member']",[],[],['Upper house']
IT-OrruPamelaGiacomaGiovanna,"Pamela Giacoma Giovanna, Orru'",F,2013-03-15,['member'],[],[],['Upper house']
IT-DivinaSergio,"Sergio, Divina",M,2013-03-15,"['deputyHead', 'member']",[],[],['Upper house']
IT-GiroFrancescoMaria,"Francesco Maria, Giro",M,2013-03-15,"['deputyHead', 'member']",[],[],['Upper house']
IT-MarinoLuigi,"Luigi, Marino",M,2013-03-15,"['deputyHead', 'member']",[],[],['Upper house']
IT-MarinMarco,"Marco, Marin",M,2013-03-15,['member'],[],[],['Upper house']
IT-DavicoMichelino,"Michelino, Davico",M,2013-03-15,['member'],[],[],['Upper house']
IT-GoziSandro,"Sandro, Gozi",M,2013-03-15,"['deputyHead', 'member']",[],[],['Upper house']
IT-LucidiStefano,"Stefano, Lucidi",M,2013-03-15,"['deputyHead', 'head', 'member']",[],[],['Upper house']
IT-LucheriniCarlo,"Carlo, Lucherini",M,2013-03-15,['member'],[],[],['Upper house']
IT-DadoneFabiana,"Fabiana, Dadone",F,2013-03-15,"['member', 'minister']",[],[],['Upper house']
IT-LongoFausto,"Fausto, Longo",M,2013-03-15,['member'],[],[],['Upper house']
IT-LongoEva,"Eva, Longo",F,2013-03-15,"['deputyHead', 'member']",[],[],['Upper house']
IT-CancelleriGiancarlo,"Giancarlo, Cancelleri",M,2021-02-25,"['deputyHead', 'member']",[],[],[]
IT-MangiliGiovanna,"Giovanna, Mangili",F,2013-03-15,['member'],[],[],['Upper house']
IT-MandelliAndrea,"Andrea, Mandelli",M,2013-03-15,['member'],[],[],['Upper house']
IT-UrsoAdolfo,"Adolfo, Urso",M,2018-03-23,['member'],[],[],['Upper house']
IT-MancusoBruno,"Bruno, Mancuso",M,2013-03-15,['member'],[],[],['Upper house']
IT-ManasseroPatrizia,"Patrizia, Manassero",F,2013-03-15,['member'],[],[],['Upper house']
IT-EspositoLucia,"Lucia, Esposito",F,2017-09-19,['member'],[],[],['Upper house']
IT-DIncàFederico,"Federico, D'Incà",M,2013-03-15,"['member', 'minister']",[],[],['Upper house']
IT-SassoRossano,"Rossano, Sasso",M,2018-03-23,"['deputyHead', 'member']",[],[],['Upper house']
IT-FilippiMarco,"Marco, Filippi",M,2013-03-15,['member'],[],[],['Upper house']
IT-MolinariFrancesco,"Francesco, Molinari",M,2013-03-15,"['deputyHead', 'member']",[],[],['Upper house']
IT-EspositoGiuseppe,"Giuseppe, Esposito",M,2013-03-15,"['deputyHead', 'member']",[],[],['Upper house']
IT-MaturaniGiuseppina,"Giuseppina, Maturani",F,2013-03-15,"['deputyHead', 'member']",[],[],['Upper house']
IT-DellAringaCarlo,"Carlo, Dell'Aringa",M,2013-03-15,"['deputyHead', 'member']",[],[],['Upper house']
IT-MartinaMaurizio,"Maurizio, Martina",M,2013-05-03,"['deputyHead', 'member', 'minister']",[],[],['Upper house']
IT-MastrangeliMarinoGermano,"Marino Germano, Mastrangeli",M,2013-03-15,['member'],[],[],['Upper house']
IT-MartonBruno,"Bruno, Marton",M,2013-03-15,"['deputyHead', 'head', 'member']",[],[],['Upper house']
IT-MartiniClaudio,"Claudio, Martini",M,2013-03-15,"['deputyHead', 'member']",[],[],['Upper house']
IT-CirilloMarcoFlavio,"Marco Flavio, Cirillo",M,2013-05-03,"['deputyHead', 'member']",[],[],[]
IT-MirabelliFranco,"Franco, Mirabelli",M,2013-03-15,"['deputyHead', 'member']",[],[],['Upper house']
IT-ScavoneAntonio,"Antonio, Scavone",M,2013-03-15,"['deputyHead', 'head', 'member']",[],[],['Upper house']
IT-MineoCorradino,"Corradino, Mineo",M,2013-03-15,['member'],[],[],['Upper house']
IT-CalendaCarlo,"Carlo, Calenda",M,2013-05-03,"['deputyHead', 'member', 'minister']",[],[],[]
IT-MauroMario,"Mario, Mauro",M,2013-03-15,"['head', 'member', 'minister']",[],[],['Upper house']
IT-DellOrcoMichele,"Michele, Dell'Orco",M,2013-03-15,"['deputyHead', 'member']",[],[],['Upper house']
IT-ToddeAlessandra,"Alessandra, Todde",F,2021-02-25,"['deputyHead', 'member']",[],[],[]
IT-VariatiAchille,"Achille, Variati",M,2019-09-13,"['deputyHead', 'member']",[],[],[]
IT-AgeaLaura,"Laura, Agea",F,2019-09-13,"['deputyHead', 'member']",[],[],[]
IT-MartelliCarlo,"Carlo, Martelli",M,2013-03-15,"['deputyHead', 'head', 'member']",[],[],['Upper house']
IT-BinettiPaola,"Paola, Binetti",F,2018-03-23,['member'],[],[],['Upper house']
IT-BobbaLuigi,"Luigi, Bobba",M,2013-03-15,"['deputyHead', 'member']",[],[],['Upper house']
IT-BonfriscoAnnaCinzia,"Anna Cinzia, Bonfrisco",F,2013-03-15,"['deputyHead', 'head', 'member']",[],[],['Upper house']
IT-FugattiMaurizio,"Maurizio, Fugatti",M,2018-03-23,"['deputyHead', 'member']",[],[],['Upper house']
IT-GotorMiguel,"Miguel, Gotor",M,2013-03-15,['member'],[],[],['Upper house']
IT-GirottoGianniPietro,"Gianni Pietro, Girotto",M,2013-03-15,['member'],[],[],['Upper house']
IT-GinettiNadia,"Nadia, Ginetti",F,2013-03-15,['member'],[],[],['Upper house']
IT-GiarrussoMarioMichele,"Mario Michele, Giarrusso",M,2013-03-15,"['deputyHead', 'head', 'member']",[],[],['Upper house']
IT-FucksiaSerenella,"Serenella, Fucksia",F,2013-03-15,"['deputyHead', 'member']",[],[],['Upper house']
IT-CominardiClaudio,"Claudio, Cominardi",M,2013-03-15,"['deputyHead', 'member']",[],[],['Upper house']
IT-SperanzaRoberto,"Roberto, Speranza",M,2013-03-15,"['member', 'minister']",[],[],['Upper house']
IT-FravezziVittorio,"Vittorio, Fravezzi",M,2013-03-15,"['deputyHead', 'member']",[],[],['Upper house']
IT-MinutoAnnaCarmela,"Anna Carmela, Minuto",F,2018-03-23,['member'],[],[],['Upper house']
IT-GiacobbeFrancesco,"Francesco, Giacobbe",M,2013-03-15,['member'],[],[],['Upper house']
IT-GambaroAdele,"Adele, Gambaro",F,2013-03-15,['member'],[],[],['Upper house']
IT-GalimbertiPaolo,"Paolo, Galimberti",M,2013-03-15,['member'],[],[],['Upper house']
IT-LumiaGiuseppe,"Giuseppe, Lumia",M,2013-03-15,['member'],[],[],['Upper house']
IT-GaettiLuigi,"Luigi, Gaetti",M,2013-03-15,"['deputyHead', 'head', 'member']",[],[],['Upper house']
IT-FerriCosimoMaria,"Cosimo Maria, Ferri",M,2013-05-03,"['deputyHead', 'member']",[],[],['Upper house']
IT-SibiliaCarlo,"Carlo, Sibilia",M,2013-03-15,"['deputyHead', 'member']",[],[],['Upper house']
IT-ManzioneDomenico,"Domenico, Manzione",M,2013-05-03,"['deputyHead', 'member']",[],[],[]
IT-GelminiMariastella,"Mariastella, Gelmini",F,2018-03-23,"['member', 'minister']",[],[],['Upper house']
IT-LoGiudiceSergio,"Sergio, Lo Giudice",M,2013-03-15,['member'],[],[],['Upper house']
IT-LiuzziPietro,"Pietro, Liuzzi",M,2013-03-15,['member'],[],[],['Upper house']
IT-LezziBarbara,"Barbara, Lezzi",F,2013-03-15,"['member', 'minister']",[],[],['Upper house']
IT-GallettiGianLuca,"Gian Luca, Galletti",M,2016-12-12,"['member', 'minister']",[],[],[]
IT-BubbicoFilippo,"Filippo, Bubbico",M,2013-03-15,"['deputyHead', 'member']",[],[],['Upper house']
IT-GiacomelliAntonello,"Antonello, Giacomelli",M,2013-03-15,"['deputyHead', 'member']",[],[],['Upper house']
IT-GaravagliaMassimo,"Massimo, Garavaglia",M,2013-03-15,"['deputyHead', 'member', 'minister']",[],[],['Upper house']
IT-IdemJosefa,"Josefa, Idem",F,2013-03-15,"['member', 'minister']",[],[],['Upper house']
IT-VescoviManuel,"Manuel, Vescovi",M,2018-03-23,['member'],[],[],['Upper house']
IT-GuerrieriPaleottiPaolo,"Paolo, Guerrieri Paleotti",M,2013-03-15,['member'],[],[],['Upper house']
IT-GrassoPietro,"Pietro, Grasso",M,2013-03-15,['member'],[],[],['Upper house']
IT-PianassoCesare,"Cesare, Pianasso",M,2018-03-23,['member'],[],[],['Upper house']
IT-CrippaDavide,"Davide, Crippa",M,2013-03-15,"['deputyHead', 'member']",[],[],['Upper house']
IT-GiovanardiCarlo,"Carlo, Giovanardi",M,2013-03-15,['member'],[],[],['Upper house']
IT-RufaGianfranco,"Gianfranco, Rufa",M,2018-03-23,['member'],[],[],['Upper house']
IT-FerraraMario,"Mario, Ferrara",M,2013-03-15,"['head', 'member']",[],[],['Upper house']
IT-LepriStefano,"Stefano, Lepri",M,2013-03-15,"['deputyHead', 'member']",[],[],['Upper house']
IT-DArienzoVincenzo,"Vincenzo, D'Arienzo",M,2018-03-23,['member'],[],[],['Upper house']
IT-MulèGiorgio,"Giorgio, Mulè",M,2018-03-23,"['deputyHead', 'member']",[],[],['Upper house']
IT-LanieceAlbert,"Albert, Laniece",M,2013-03-15,"['deputyHead', 'member']",[],[],['Upper house']
IT-NisiniTiziana,"Tiziana, Nisini",F,2018-03-23,"['deputyHead', 'member']",[],[],['Upper house']
IT-ToninelliDanilo,"Danilo, Toninelli",M,2018-03-23,"['head', 'member', 'minister']",[],[],['Upper house']
IT-LangellaPietro,"Pietro, Langella",M,2013-03-15,['member'],[],[],['Upper house']
IT-TofaloAngelo,"Angelo, Tofalo",M,2013-03-15,"['deputyHead', 'member']",[],[],['Upper house']
IT-LaiBachisioSilvio,"Bachisio Silvio, Lai",M,2013-03-15,['member'],[],[],['Upper house']
IT-TariccoMino,"Mino, Taricco",M,2018-03-23,['member'],[],[],['Upper house']
IT-FaddaPaolo,"Paolo, Fadda",M,2013-05-03,"['deputyHead', 'member']",[],[],[]
IT-CausinAndrea,"Andrea, Causin",M,2018-03-23,"['deputyHead', 'member']",[],[],['Upper house']
IT-CastiglioneGiuseppe,"Giuseppe, Castiglione",M,2013-03-15,"['deputyHead', 'member']",[],[],['Upper house']
IT-AlderisiFrancesca,"Francesca, Alderisi",F,2018-03-23,['member'],[],[],['Upper house']
IT-BarraCaraccioloLuciano,"Luciano, Barra Caracciolo",M,2018-06-13,"['deputyHead', 'member']",[],[],[]
IT-BruzzoneFrancesco,"Francesco, Bruzzone",M,2018-03-23,['member'],[],[],['Upper house']
IT-RossiDomenico,"Domenico, Rossi",M,2013-03-15,"['deputyHead', 'member']",[],[],['Upper house']
IT-AimiEnrico,"Enrico, Aimi",M,2018-03-23,['member'],[],[],['Upper house']
IT-CastelliLaura,"Laura, Castelli",F,2013-03-15,"['deputyHead', 'member']",[],[],['Upper house']
IT-RughettiAngelo,"Angelo, Rughetti",M,2013-03-15,"['deputyHead', 'member']",[],[],['Upper house']
IT-DeVecchisWilliam,"William, De Vecchis",M,2018-03-23,['member'],[],[],['Upper house']
IT-GiulianoSalvatore,"Salvatore, Giuliano",M,2018-06-13,"['deputyHead', 'member']",[],[],[]
IT-DiMiccoFabio,"Fabio, Di Micco",M,2018-03-23,['member'],[],[],['Upper house']
IT-BartolazziArmando,"Armando, Bartolazzi",M,2018-06-13,"['deputyHead', 'member']",[],[],[]
IT-CominciniEugenio,"Eugenio, Comincini",M,2018-03-23,['member'],[],[],['Upper house']
IT-MorelliAlessandro,"Alessandro, Morelli",M,2018-03-23,"['deputyHead', 'member']",[],[],['Upper house']
IT-DamianiDario,"Dario, Damiani",M,2018-03-23,['member'],[],[],['Upper house']
IT-MorroneJacopo,"Jacopo, Morrone",M,2018-03-23,"['deputyHead', 'member']",[],[],['Upper house']
IT-CarboneVincenzo,"Vincenzo, Carbone",M,2018-03-23,['member'],[],[],['Upper house']
IT-GeraciMichele,"Michele, Geraci",M,2018-06-13,"['deputyHead', 'member']",[],[],[]
IT-CarioAdriano,"Adriano, Cario",M,2018-03-23,['member'],[],[],['Upper house']
IT-PesceAlessandra,"Alessandra, Pesce",F,2018-06-13,"['deputyHead', 'member']",[],[],[]
IT-BiasottiSandroMario,"Sandro Mario, Biasotti",M,2018-03-23,['member'],[],[],['Upper house']
IT-AmatiSilvana,"Silvana, Amati",F,2013-03-15,['member'],[],[],['Upper house']
IT-AugelloAndrea,"Andrea, Augello",M,2013-03-15,['member'],[],[],['Upper house']
IT-VonoGelsomina,"Gelsomina, Vono",F,2018-03-23,['member'],[],[],['Upper house']
IT-CesaroAntimo,"Antimo, Cesaro",M,2013-03-15,"['deputyHead', 'member']",[],[],['Upper house']
IT-ZaffiniFrancesco,"Francesco, Zaffini",M,2018-03-23,['member'],[],[],['Upper house']
IT-ScalfarottoIvan,"Ivan, Scalfarotto",M,2013-03-15,"['deputyHead', 'member']",[],[],['Upper house']
IT-VaninOrietta,"Orietta, Vanin",F,2018-03-23,['member'],[],[],['Upper house']
IT-CarraroFranco,"Franco, Carraro",M,2013-03-15,['member'],[],[],['Upper house']
IT-ZulianiCristiano,"Cristiano, Zuliani",M,2018-03-23,['member'],[],[],['Upper house']
IT-GiorgettiAlberto,"Alberto, Giorgetti",M,2013-03-15,"['deputyHead', 'member']",[],[],['Upper house']
IT-GiorgettiGiancarlo,"Giancarlo, Giorgetti",M,2018-03-23,"['member', 'minister']",[],[],['Upper house']
IT-FinocchiaroAnna,"Anna, Finocchiaro",F,2013-03-15,"['member', 'minister']",[],[],['Upper house']
IT-DAliAntonio,"Antonio, D'Ali'",M,2013-03-15,"['deputyHead', 'member']",[],[],['Upper house']
IT-CasiniPierFerdinando,"Pier Ferdinando, Casini",M,2013-03-15,['member'],[],[],['Upper house']
IT-OrricoAnnaLaura,"Anna Laura, Orrico",F,2018-03-23,"['deputyHead', 'member']",[],[],['Upper house']
IT-ChitiVannino,"Vannino, Chiti",M,2013-03-15,['member'],[],[],['Upper house']
IT-CassonFelice,"Felice, Casson",M,2013-03-15,['member'],[],[],['Upper house']
IT-FranceschiniDario,"Dario, Franceschini",M,2013-03-15,"['member', 'minister']",[],[],['Upper house']
IT-SpadaforaVincenzo,"Vincenzo, Spadafora",M,2018-03-23,"['deputyHead', 'member', 'minister']",[],[],['Upper house']
IT-RomaniPaolo,"Paolo, Romani",M,2013-03-15,"['deputyHead', 'head', 'member']",[],[],['Upper house']
IT-ValdinosiMara,"Mara, Valdinosi",F,2014-10-16,['member'],[],[],['Upper house']
IT-VillariRiccardo,"Riccardo, Villari",M,2013-03-15,['member'],[],[],['Upper house']
IT-IurlaroPietro,"Pietro, Iurlaro",M,2013-03-15,['member'],[],[],['Upper house']
IT-MigliavaccaMaurizio,"Maurizio, Migliavacca",M,2013-03-15,['member'],[],[],['Upper house']
IT-BisinellaPatrizia,"Patrizia, Bisinella",F,2013-03-15,"['deputyHead', 'member']",[],[],['Upper house']
IT-TuranoRenatoGuerino,"Renato Guerino, Turano",M,2013-03-15,['member'],[],[],['Upper house']
IT-TavernaPaola,"Paola, Taverna",F,2013-03-15,"['deputyHead', 'head', 'member']",[],[],['Upper house']
IT-TarquinioLucio,"Lucio, Tarquinio",M,2013-03-15,"['head', 'member']",[],[],['Upper house']
IT-SustaGianluca,"Gianluca, Susta",M,2013-03-15,"['deputyHead', 'head', 'member']",[],[],['Upper house']
IT-StefanoDario,"Dario, Stefano",M,2013-03-15,"['deputyHead', 'member']",[],[],['Upper house']
IT-MicheloniClaudio,"Claudio, Micheloni",M,2013-03-15,['member'],[],[],['Upper house']
IT-SimeoniIvana,"Ivana, Simeoni",F,2013-03-15,['member'],[],[],['Upper house']
IT-SilvestroAnnalisa,"Annalisa, Silvestro",F,2013-03-15,['member'],[],[],['Upper house']
IT-StefaniErika,"Erika, Stefani",F,2013-03-15,"['deputyHead', 'member', 'minister']",[],[],['Upper house']
IT-SpilabotteMaria,"Maria, Spilabotte",F,2013-03-15,['member'],[],[],['Upper house']
IT-SonegoLodovico,"Lodovico, Sonego",M,2013-03-15,['member'],[],[],['Upper house']
IT-SolloPasquale,"Pasquale, Sollo",M,2013-03-15,['member'],[],[],['Upper house']
IT-BattistoniFrancesco,"Francesco, Battistoni",M,2018-03-23,"['deputyHead', 'member']",[],[],['Upper house']
IT-SantelliJole,"Jole, Santelli",F,2013-03-15,"['deputyHead', 'member']",[],[],['Upper house']
IT-BossiSimone,"Simone, Bossi",M,2018-03-23,['member'],[],[],['Upper house']
IT-BottoElena,"Elena, Botto",F,2018-03-23,['member'],[],[],['Upper house']
IT-BorgonzoniLucia,"Lucia, Borgonzoni",F,2018-03-23,"['deputyHead', 'member']",[],[],['Upper house']
IT-CasolatiMarzia,"Marzia, Casolati",F,2018-03-23,['member'],[],[],['Upper house']
IT-ChiavaroliFederica,"Federica, Chiavaroli",F,2013-03-15,"['deputyHead', 'member']",[],[],['Upper house']
IT-BoninoEmma,"Emma, Bonino",F,2013-04-28,"['member', 'minister']",[],[],['Upper house']
IT-CanginiAndrea,"Andrea, Cangini",M,2018-03-23,['member'],[],[],['Upper house']
IT-ZizzaVittorio,"Vittorio, Zizza",M,2013-03-15,['member'],[],[],['Upper house']
IT-CantuMariaCristina,"Maria Cristina, Cantu'",F,2018-03-23,['member'],[],[],['Upper house']
IT-CampariMaurizio,"Maurizio, Campari",M,2018-03-23,['member'],[],[],['Upper house']
IT-CanduraMassimo,"Massimo, Candura",M,2018-03-23,['member'],[],[],['Upper house']
IT-BriziarelliLuca,"Luca, Briziarelli",M,2018-03-23,['member'],[],[],['Upper house']
IT-CampagnaAntonella,"Antonella, Campagna",F,2018-03-23,"['deputyHead', 'member']",[],[],['Upper house']
IT-VaccariStefano,"Stefano, Vaccari",M,2013-03-15,['member'],[],[],['Upper house']
IT-UrasLuciano,"Luciano, Uras",M,2013-03-15,['member'],[],[],['Upper house']
IT-ZinClaudio,"Claudio, Zin",M,2013-03-15,['member'],[],[],['Upper house']
IT-ZanoniMagdaAngela,"Magda Angela, Zanoni",F,2013-03-15,['member'],[],[],['Upper house']
IT-VattuoneVito,"Vito, Vattuone",M,2013-03-15,['member'],[],[],['Upper house']
IT-VaccianoGiuseppe,"Giuseppe, Vacciano",M,2013-03-15,['member'],[],[],['Upper house']
IT-PignedoliLeana,"Leana, Pignedoli",F,2013-03-15,['member'],[],[],['Upper house']
IT-AngrisaniLuisa,"Luisa, Angrisani",F,2018-03-23,['member'],[],[],['Upper house']
IT-AuddinoGiuseppe,"Giuseppe, Auddino",M,2018-03-23,['member'],[],[],['Upper house']
IT-RicchiutiLucrezia,"Lucrezia, Ricchiuti",F,2013-03-15,['member'],[],[],['Upper house']
IT-BitiCaterina,"Caterina, Biti",F,2018-03-23,"['deputyHead', 'member']",[],[],['Upper house']
IT-PuppatoLaura,"Laura, Puppato",F,2013-03-15,['member'],[],[],['Upper house']
IT-BogoDeleddaVittoriaFrancescaMaria,"Vittoria Francesca Maria, Bogo Deledda",F,2018-03-23,['member'],[],[],['Upper house']
IT-PuglisiFrancesca,"Francesca, Puglisi",F,2013-03-15,"['deputyHead', 'member']",[],[],['Upper house']
IT-BergesioGiorgioMaria,"Giorgio Maria, Bergesio",M,2018-03-23,['member'],[],[],['Upper house']
IT-PugliaSergio,"Sergio, Puglia",M,2013-03-15,"['deputyHead', 'member']",[],[],['Upper house']
IT-BeruttiMassimoVittorio,"Massimo Vittorio, Berutti",M,2018-03-23,['member'],[],[],['Upper house']
IT-AmideiBartolomeo,"Bartolomeo, Amidei",M,2014-09-25,['member'],[],[],['Upper house']
IT-BarboniAntonio,"Antonio, Barboni",M,2018-03-23,['member'],[],[],['Upper house']
IT-BerardiRoberto,"Roberto, Berardi",M,2018-03-23,['member'],[],[],['Upper house']
IT-RomanoLucio,"Lucio, Romano",M,2013-03-15,"['deputyHead', 'head', 'member']",[],[],['Upper house']
IT-BagnaiAlberto,"Alberto, Bagnai",M,2018-03-23,['member'],[],[],['Upper house']
IT-RomaniMaurizio,"Maurizio, Romani",M,2013-03-15,['member'],[],[],['Upper house']
IT-BarachiniAlberto,"Alberto, Barachini",M,2018-03-23,['member'],[],[],['Upper house']
IT-PiccoliGiovanni,"Giovanni, Piccoli",M,2013-03-15,['member'],[],[],['Upper house']
IT-PezzopaneStefania,"Stefania, Pezzopane",F,2013-03-15,['member'],[],[],['Upper house']
IT-CostaAndrea,"Andrea, Costa",M,2021-02-25,"['deputyHead', 'member']",[],[],[]
IT-PetrocelliVitoRosario,"Vito Rosario, Petrocelli",M,2013-03-15,"['head', 'member']",[],[],['Upper house']
IT-GabrielliFranco,"Franco, Gabrielli",M,2021-02-25,"['deputyHead', 'member']",[],[],[]
IT-PetragliaAlessia,"Alessia, Petraglia",F,2013-03-15,['member'],[],[],['Upper house']
IT-DassùMarta,"Marta, Dassù",F,2013-05-03,"['deputyHead', 'member']",[],[],[]
IT-TotaroAchille,"Achille, Totaro",M,2018-03-23,['member'],[],[],['Upper house']
IT-ScomaFrancesco,"Francesco, Scoma",M,2013-03-15,['member'],[],[],['Upper house']
IT-AccotoRossella,"Rossella, Accoto",F,2018-03-23,"['deputyHead', 'member']",[],[],['Upper house']
IT-ScibonaMarco,"Marco, Scibona",M,2013-03-15,"['deputyHead', 'member']",[],[],['Upper house']
IT-AlfieriAlessandro,"Alessandro, Alfieri",M,2018-03-23,['member'],[],[],['Upper house']
IT-ScaliaFrancesco,"Francesco, Scalia",M,2013-03-15,['member'],[],[],['Upper house']
IT-SantiniGiorgio,"Giorgio, Santini",M,2013-03-15,['member'],[],[],['Upper house']
IT-AbateRosaSilvana,"Rosa Silvana, Abate",F,2018-03-23,['member'],[],[],['Upper house']
IT-PapatheuUraniaGiuliaRosina,"Urania Giulia Rosina, Papatheu",F,2018-03-23,['member'],[],[],['Upper house']
IT-SerraManuela,"Manuela, Serra",F,2013-03-15,['member'],[],[],['Upper house']
IT-LatorreNicola,"Nicola, Latorre",M,2013-03-15,['member'],[],[],['Upper house']
IT-RossiGianluca,"Gianluca, Rossi",M,2013-03-15,['member'],[],[],['Upper house']
IT-SantangeloVincenzo,"Vincenzo, Santangelo",M,2013-03-15,"['deputyHead', 'head', 'member']",[],[],['Upper house']
IT-SartoreAlessandra,"Alessandra, Sartore",F,2021-02-25,"['deputyHead', 'member']",[],[],[]
IT-SaggeseAngelica,"Angelica, Saggese",F,2013-03-15,['member'],[],[],['Upper house']
IT-BertaccoStefano,"Stefano, Bertacco",M,2014-09-25,"['head', 'member']",[],[],['Upper house']
IT-RussoFrancesco,"Francesco, Russo",M,2013-03-15,['member'],[],[],['Upper house']
IT-AnastasiCristiano,"Cristiano, Anastasi",M,2018-03-23,['member'],[],[],['Upper house']
IT-RossiMaurizio,"Maurizio, Rossi",M,2013-03-15,['member'],[],[],['Upper house']
IT-LanzillottaLinda,"Linda, Lanzillotta",F,2013-03-15,['member'],[],[],['Upper house']
IT-CiampiCarloAzeglio,"Carlo Azeglio, Ciampi",M,2013-03-15,['member'],[],[],['Upper house']
IT-BossiUmberto,"Umberto, Bossi",M,2018-03-23,['member'],[],[],['Upper house']
IT-ColettoLuca,"Luca, Coletto",M,2018-11-28,"['deputyHead', 'member']",[],[],[]
IT-ArchiBruno,"Bruno, Archi",M,2013-03-15,"['deputyHead', 'member']",[],[],['Upper house']
IT-CrosioJonny,"Jonny, Crosio",M,2013-03-15,['member'],[],[],['Upper house']
IT-DoriaCarlo,"Carlo, Doria",M,2020-09-25,['member'],[],[],['Upper house']
IT-BergaminiDeborah,"Deborah, Bergamini",F,2018-03-23,"['deputyHead', 'member']",[],[],['Upper house']
IT-PalmaNittoFrancesco,"Nitto Francesco, Palma",M,2013-03-15,['member'],[],[],['Upper house']
IT-SileriPierpaolo,"Pierpaolo, Sileri",M,2018-03-23,"['deputyHead', 'member']",[],[],['Upper house']
IT-TosatoPaolo,"Paolo, Tosato",M,2014-07-02,"['deputyHead', 'member']",[],[],['Upper house']
IT-BarbaroClaudio,"Claudio, Barbaro",M,2018-03-23,['member'],[],[],['Upper house']
IT-AracriFrancesco,"Francesco, Aracri",M,2013-03-15,['member'],[],[],['Upper house']
IT-BarettaPierPaolo,"Pier Paolo, Baretta",M,2013-03-15,"['deputyHead', 'member']",[],[],['Upper house']
IT-MauroGiovanni,"Giovanni, Mauro",M,2013-03-15,['member'],[],[],['Upper house']
IT-AlbertiCasellatiMariaElisabetta,"Maria Elisabetta, Alberti Casellati",F,2013-03-15,['member'],[],[],['Upper house']
IT-FasioloLaura,"Laura, Fasiolo",F,2014-07-01,['member'],[],[],['Upper house']
IT-AuricchioDomenico,"Domenico, Auricchio",M,2014-07-01,['member'],[],[],['Upper house']
IT-BrunettaRenato,"Renato, Brunetta",M,2018-03-23,"['member', 'minister']",[],[],['Upper house']
IT-AlessandriniValeria,"Valeria, Alessandrini",F,2020-03-12,['member'],[],[],['Upper house']
IT-BalduzziRenato,"Renato, Balduzzi",M,2013-03-15,['member'],[],[],['Upper house']
IT-BitonciMassimo,"Massimo, Bitonci",M,2013-03-15,"['deputyHead', 'head', 'member']",[],[],['Upper house']
IT-MargiottaSalvatore,"Salvatore, Margiotta",M,2013-03-15,"['deputyHead', 'member']",[],[],['Upper house']
IT-BocciaFrancesco,"Francesco, Boccia",M,2013-03-15,"['member', 'minister']",[],[],['Upper house']
IT-BerniniAnnaMaria,"Anna Maria, Bernini",F,2013-03-15,"['deputyHead', 'head', 'member']",[],[],['Upper house']
IT-RuotoloSandro,"Sandro, Ruotolo",M,2020-02-27,['member'],[],[],['Upper house']
IT-AmiciSesa,"Sesa, Amici",F,2013-03-15,"['deputyHead', 'member']",[],[],['Upper house']
IT-AmorusoFrancescoMaria,"Francesco Maria, Amoruso",M,2013-03-15,['member'],[],[],['Upper house']
IT-ConsiglioNunziante,"Nunziante, Consiglio",M,2013-03-15,['member'],[],[],['Upper house']
IT-DeGirolamoNunzia,"Nunzia, De Girolamo",F,2013-03-15,"['member', 'minister']",[],[],['Upper house']
IT-DeMicheliPaola,"Paola, De Micheli",F,2013-03-15,"['deputyHead', 'member', 'minister']",[],[],['Upper house']
IT-MessaMariaCristina,"Maria Cristina, Messa",F,2021-02-13,"['member', 'minister']",[],[],[]
IT-BianchiPatrizio,"Patrizio, Bianchi",M,2021-02-13,"['member', 'minister']",[],[],[]
IT-DeCamillisSabrina,"Sabrina, De Camillis",F,2013-05-03,"['deputyHead', 'member']",[],[],[]
IT-CingolaniRoberto,"Roberto, Cingolani",M,2021-02-13,"['member', 'minister']",[],[],[]
IT-CalandriniNicola,"Nicola, Calandrini",M,2019-03-19,['member'],[],[],['Upper house']
IT-AndreottiGiulio,"Giulio, Andreotti",M,2013-03-15,['member'],[],[],['Upper house']
IT-CassinelliRoberto,"Roberto, Cassinelli",M,2017-04-20,['member'],[],[],['Upper house']
IT-ComaroliSilvanaAndreina,"Silvana Andreina, Comaroli",F,2013-03-15,['member'],[],[],['Upper house']
IT-FrancoDaniele,"Daniele, Franco",M,2021-02-13,"['member', 'minister']",[],[],[]
IT-CartabiaMarta,"Marta, Cartabia",F,2021-02-13,"['member', 'minister']",[],[],[]
IT-ColaoVittorio,"Vittorio, Colao",M,2021-02-13,"['member', 'minister']",[],[],[]
IT-DraghiMario,"Mario, Draghi",M,2021-02-13,"['head', 'member']",[],[],[]
IT-SistoFrancescoPaolo,"Francesco Paolo, Sisto",M,2018-03-23,"['deputyHead', 'member']",[],[],['Upper house']
IT-ContiRiccardo,"Riccardo, Conti",M,2013-03-15,['member'],[],[],['Upper house']
IT-CostaEnrico,"Enrico, Costa",M,2013-03-15,"['deputyHead', 'member', 'minister']",[],[],['Upper house']
IT-CraxiStefaniaGabriellaAnastasia,"Stefania Gabriella Anastasia, Craxi",F,2018-03-23,['member'],[],[],['Upper house']
IT-GentileAntonio,"Antonio, Gentile",M,2013-03-15,"['deputyHead', 'member']",[],[],['Upper house']
IT-SudanoValeria,"Valeria, Sudano",F,2018-03-23,['member'],[],[],['Upper house']
IT-DeBiasiEmiliaGrazia,"Emilia Grazia, De Biasi",F,2013-03-15,['member'],[],[],['Upper house']
IT-TeseiDonatella,"Donatella, Tesei",F,2018-03-23,['member'],[],[],['Upper house']
IT-TestorElena,"Elena, Testor",F,2018-03-23,['member'],[],[],['Upper house']
IT-UrraroFrancesco,"Francesco, Urraro",M,2018-03-23,['member'],[],[],['Upper house']
IT-VaccaroSergio,"Sergio, Vaccaro",M,2018-03-23,['member'],[],[],['Upper house']
IT-TurcoMario,"Mario, Turco",M,2018-03-23,['member'],[],[],['Upper house']
IT-MacinaAnna,"Anna, Macina",F,2018-03-23,"['deputyHead', 'member']",[],[],['Upper house']
IT-UnterbergerJulia,"Julia, Unterberger",F,2018-03-23,"['head', 'member']",[],[],['Upper house']
IT-TrentacosteFabrizio,"Fabrizio, Trentacoste",M,2018-03-23,['member'],[],[],['Upper house']
IT-TiraboschiMariaVirginia,"Maria Virginia, Tiraboschi",F,2018-03-23,['member'],[],[],['Upper house']
IT-ToffaninRoberta,"Roberta, Toffanin",F,2018-03-23,['member'],[],[],['Upper house']
IT-DellaVedovaBenedetto,"Benedetto, Della Vedova",M,2013-03-15,"['deputyHead', 'member']",[],[],['Upper house']
IT-RuspandiniMassimo,"Massimo, Ruspandini",M,2018-03-23,['member'],[],[],['Upper house']
IT-RussoLoredana,"Loredana, Russo",F,2018-03-23,['member'],[],[],['Upper house']
IT-PatroniGriffiFilippo,"Filippo, Patroni Griffi",M,2013-04-28,"['member', 'minister']",[],[],[]
IT-CarrozzaMariaChiara,"Maria Chiara, Carrozza",F,2013-03-15,"['member', 'minister']",[],[],['Upper house']
IT-FedeliValeria,"Valeria, Fedeli",F,2013-03-15,['member'],[],[],['Upper house']
IT-RampiRoberto,"Roberto, Rampi",M,2018-03-23,['member'],[],[],['Upper house']
IT-SantilloAgostino,"Agostino, Santillo",M,2018-03-23,"['deputyHead', 'member']",[],[],['Upper house']
IT-BiondelliFranca,"Franca, Biondelli",F,2013-03-15,"['deputyHead', 'member']",[],[],['Upper house']
IT-RizzottiMaria,"Maria, Rizzotti",F,2013-03-15,"['deputyHead', 'member']",[],[],['Upper house']
IT-RichettiMatteo,"Matteo, Richetti",M,2018-03-23,['member'],[],[],['Upper house']
IT-PichettoFratinGilberto,"Gilberto, Pichetto Fratin",M,2018-03-23,"['deputyHead', 'member']",[],[],['Upper house']
IT-DeCristofaroPeppe,"Peppe, De Cristofaro",M,2013-03-15,"['deputyHead', 'member']",[],[],['Upper house']
IT-StabileLaura,"Laura, Stabile",F,2018-03-23,['member'],[],[],['Upper house']
IT-StegerDieter,"Dieter, Steger",M,2018-03-23,"['deputyHead', 'member']",[],[],['Upper house']
IT-SiriArmando,"Armando, Siri",M,2018-03-23,"['deputyHead', 'member']",[],[],['Upper house']
IT-SolinasChristian,"Christian, Solinas",M,2018-03-23,"['deputyHead', 'member']",[],[],['Upper house']
IT-DePetrisLoredana,"Loredana, De Petris",F,2013-03-15,"['head', 'member']",[],[],['Upper house']
IT-SbranaRosellina,"Rosellina, Sbrana",F,2018-03-23,['member'],[],[],['Upper house']
IT-SiclariMarco,"Marco, Siclari",M,2018-03-23,['member'],[],[],['Upper house']
IT-SaponaraMaria,"Maria, Saponara",F,2018-03-23,"['deputyHead', 'member']",[],[],['Upper house']
IT-SavianePaolo,"Paolo, Saviane",M,2018-03-23,['member'],[],[],['Upper house']
IT-SereniMarina,"Marina, Sereni",F,2013-03-15,"['deputyHead', 'member']",[],[],['Upper house']
IT-BalboniAlberto,"Alberto, Balboni",M,2018-03-23,['member'],[],[],['Upper house']
IT-PescoDaniele,"Daniele, Pesco",M,2018-03-23,"['deputyHead', 'member']",[],[],['Upper house']
IT-PatriarcaEdoardo,"Edoardo, Patriarca",M,2018-03-23,['member'],[],[],['Upper house']
IT-DelrioGraziano,"Graziano, Delrio",M,2013-04-28,"['deputyHead', 'member', 'minister']",[],[],['Upper house']
IT-ParriniDario,"Dario, Parrini",M,2018-03-23,['member'],[],[],['Upper house']
IT-RomeoMassimiliano,"Massimiliano, Romeo",M,2018-03-23,"['head', 'member']",[],[],['Upper house']
IT-RonzulliLicia,"Licia, Ronzulli",F,2018-03-23,"['deputyHead', 'member']",[],[],['Upper house']
IT-RomagnoliSergio,"Sergio, Romagnoli",M,2018-03-23,['member'],[],[],['Upper house']
IT-RomanoIunioValerio,"Iunio Valerio, Romano",M,2018-03-23,['member'],[],[],['Upper house']
IT-RipamontiPaolo,"Paolo, Ripamonti",M,2018-03-23,['member'],[],[],['Upper house']
IT-RojcTatjana,"Tatjana, Rojc",F,2018-03-23,['member'],[],[],['Upper house']
IT-RiccardiAlessandra,"Alessandra, Riccardi",F,2018-03-23,['member'],[],[],['Upper house']
IT-RicciardiSabrina,"Sabrina, Ricciardi",F,2018-03-23,['member'],[],[],['Upper house']
IT-BianconiLaura,"Laura, Bianconi",F,2013-03-15,"['deputyHead', 'head', 'member']",[],[],['Upper house']
IT-TocciWalter,"Walter, Tocci",M,2013-03-15,['member'],[],[],['Upper house']
IT-BrayMassimo,"Massimo, Bray",M,2013-03-15,"['member', 'minister']",[],[],['Upper house']
IT-AbbadoClaudio,"Claudio, Abbado",M,2013-08-30,['member'],[],[],['Upper house']
IT-FontanaLorenzo,"Lorenzo, Fontana",M,2018-03-23,"['member', 'minister']",[],[],['Upper house']
IT-ReggiRoberto,"Roberto, Reggi",M,2014-02-28,"['deputyHead', 'member']",[],[],[]
IT-RubbiaCarlo,"Carlo, Rubbia",M,2013-08-30,['member'],[],[],['Upper house']
IT-BarracciuFrancesca,"Francesca, Barracciu",F,2014-02-28,"['deputyHead', 'member']",[],[],[]
IT-DeFilippoVito,"Vito, De Filippo",M,2014-02-28,"['deputyHead', 'member']",[],[],['Upper house']
IT-MorandoEnrico,"Enrico, Morando",M,2014-02-28,"['deputyHead', 'member']",[],[],[]
IT-GavaVannia,"Vannia, Gava",F,2018-03-23,"['deputyHead', 'member']",[],[],['Upper house']
IT-PianoRenzo,"Renzo, Piano",M,2013-08-30,['member'],[],[],['Upper house']
IT-CattaneoElena,"Elena, Cattaneo",F,2013-08-30,['member'],[],[],['Upper house']
IT-MalanLucio,"Lucio, Malan",M,2013-03-15,"['deputyHead', 'member']",[],[],['Upper house']
IT-DeganiBarbara,"Barbara, Degani",F,2014-02-28,"['deputyHead', 'member']",[],[],[]
IT-ToccafondiGabriele,"Gabriele, Toccafondi",M,2013-05-03,"['deputyHead', 'member']",[],[],['Upper house']
IT-NesciDalila,"Dalila, Nesci",F,2018-03-23,"['deputyHead', 'member']",[],[],['Upper house']
IT-TorrisiSalvatore,"Salvatore, Torrisi",M,2013-03-15,['member'],[],[],['Upper house']
IT-RutaRoberto,"Roberto, Ruta",M,2013-03-15,['member'],[],[],['Upper house']
IT-PolettiGiuliano,"Giuliano, Poletti",M,2014-02-22,"['member', 'minister']",[],[],[]
IT-RenziMatteo,"Matteo, Renzi",M,2014-02-22,"['head', 'member']",[],[],['Upper house']
IT-GuidiFederica,"Federica, Guidi",F,2014-02-22,"['member', 'minister']",[],[],[]
IT-PadoanPietroCarlo,"Pietro Carlo, Padoan",M,2014-02-24,"['member', 'minister']",[],[],['Upper house']
IT-DelReEmanuelaClaudia,"Emanuela Claudia, Del Re",F,2018-03-23,"['deputyHead', 'member']",[],[],['Upper house']
IT-ManconiLuigi,"Luigi, Manconi",M,2013-03-15,['member'],[],[],['Upper house']
IT-MussoliniAlessandra,"Alessandra, Mussolini",F,2013-03-15,['member'],[],[],['Upper house']
IT-ScilipotiIsgroDomenico,"Domenico, Scilipoti Isgro'",M,2013-03-15,['member'],[],[],['Upper house']
IT-NapolitanoGiorgio,"Giorgio, Napolitano",M,2015-01-14,['member'],[],[],['Upper house']
IT-GentiloniSilveriPaolo,"Paolo, Gentiloni Silveri",M,2013-03-15,"['head', 'member', 'minister']",[],[],['Upper house']
IT-PinottiRoberta,"Roberta, Pinotti",F,2013-03-15,"['deputyHead', 'member', 'minister']",[],[],['Upper house']
IT-MinasiTilde,"Tilde, Minasi",F,2021-12-02,['member'],[],[],['Upper house']
IT-BerrettaGiuseppe,"Giuseppe, Berretta",F,2013-03-15,"['deputyHead', 'member']",[],[],['Upper house']
IT-NenciniRiccardo,"Riccardo, Nencini",M,2013-03-15,"['deputyHead', 'member']",[],[],['Upper house']
IT-LettaEnrico,"Enrico, Letta",M,2013-03-15,"['head', 'member']",[],[],['Upper house']
