name_id,name,gender,term_start,roles,parties,party_orientation,legislative_branch
PV-AgirreGaritaonandia,"Jasone, Agirre Garitaonandia",F,2017,['member'],[],[],['Unicameralism']
PV-AguirreArizmendi,"Iñaki, Aguirre Arizmendi",M,2013,['member'],[],[],['Unicameralism']
PV-AiartzaZallo,"Jon, Aiartza Zallo",M,nan,['member'],[],[],['Unicameralism']
PV-AldasoroIturbe,"Aitor, Aldasoro Iturbe",M,nan,['member'],[],[],['Unicameralism']
PV-AlonsoMartín,"Alberto, Alonso Martín",M,2012-10-20,['member'],[],[],['Unicameralism']
PV-ÁlvarezMartínez,"Gorka, Álvarez Martínez",M,2012-10-20,['member'],[],[],['Unicameralism']
PV-AnduezaLorenzo,"Eneko, Andueza Lorenzo",M,2011-06-13,['member'],[],[],['Unicameralism']
PV-AnguloGarcía,"Gustavo, Angulo García",M,2012-10-20,['member'],[],[],['Unicameralism']
PV-ArreseOtegi,"Ikoitz, Arrese Otegi",M,2012-10-20,['member'],[],[],['Unicameralism']
PV-ArrizabalagaArruza,"Leixuri, Arrizabalaga Arruza",F,2012-10-20,['member'],[],[],['Unicameralism']
PV-ArrizabalagaOlaizola,"María Eugenia, Arrizabalaga Olaizola",F,1996,['member'],[],[],['Unicameralism']
PV-ArruabarrenaAzpitarte,"Mikel, Arruabarrena Azpitarte",M,2015,['member'],[],[],['Unicameralism']
PV-ArzuagaGumuzio,"Julen, Arzuaga Gumuzio",M,2012-10-20,['member'],[],[],['Unicameralism']
PV-AtutxaSainz,"Jon Andoni, Atutxa Sainz",M,1992,['member'],[],[],['Unicameralism']
PV-BarrioBaroja,"Carmelo, Barrio Baroja",M,1990-10-28,['member'],[],[],['Unicameralism']
PV-BerasaluzeLazkano,"Irune, Berasaluze Lazkano",F,2007,['member'],[],[],['Unicameralism']
PV-BerrojalbizZabala,"Itxaso, Berrojalbiz Zabala",F,nan,['member'],[],[],['Unicameralism']
PV-BlancoDeAngulo,"Eva, Blanco De Angulo",F,nan,['member'],[],[],['Unicameralism']
PV-CasanovaAlonso,"Iker, Casanova Alonso",M,nan,['member'],[],[],['Unicameralism']
PV-CorcueraLeunda,"Susana, Corcuera Leunda",F,1993,['member'],[],[],['Unicameralism']
PV-DíezAntxustegi,"Antxustegi, Díez",M,2019,['member'],[],[],['Unicameralism']
PV-EgibarArtola,"Joseba, Egibar Artola",M,1990-12-18,['member'],[],[],['Unicameralism']
PV-ErkorekaGervasio,"Josu, Erkoreka Gervasio",M,2004-04-12,"['member', 'minister']",[],[],['Unicameralism']
PV-EstarronaElizondo,"Josu, Estarrona Elizondo",M,2012-10-20,['member'],[],[],['Unicameralism']
PV-EtxebarriaAstondoa,"Itxaso, Etxebarria Astondoa",F,2012-10-20,['member'],[],[],['Unicameralism']
PV-EtxebarrietaLegrand,"Oihana, Etxebarrieta Legrand",F,2012-10-20,['member'],[],[],['Unicameralism']
PV-FernandezDeBetoñoSaenzDeLacuesta,"Unai, Fernandez de Betoño Saenz de Lacuesta",M,nan,['member'],[],[],['Unicameralism']
PV-GallasteguiOyarzábal,"Miren, Gallástegui Oyarzábal",F,1995,['member'],[],[],['Unicameralism']
PV-GarciaOrtega,"Pazis, Garcia Ortega",F,nan,['member'],[],[],['Unicameralism']
PV-GardeRamirez,"Maria, Garde Ramirez",F,2012-10-20,['member'],[],[],['Unicameralism']
PV-GarridoKnörr,"Laura, Garrido Knörr",F,1999-07-04,['member'],[],[],['Unicameralism']
PV-GilVegas,"José Manuel, Gil Vegas",M,2012-10-20,['member'],[],[],['Unicameralism']
PV-GonzálezRodríguez,"Isabel, González Rodríguez",F,2012-10-20,['member'],[],[],['Unicameralism']
PV-GordilloPérez,"Luis Ignacio, Gordillo Pérez",M,2012-10-20,['member'],[],[],['Unicameralism']
PV-GorrotxategiAzurmendi,"Miren, Gorrotxategi Azurmendi",F,2012-10-20,['member'],[],[],['Unicameralism']
PV-GrajalesRodríguez,"Unai, Grajales Rodríguez",M,2012-10-20,['member'],[],[],['Unicameralism']
PV-GurrutxagaUranga,"Maialen, Gurrutxaga Uranga",F,2015,['member'],[],[],['Unicameralism']
PV-HernándezHidalgo,"Jon, Hernández Hidalgo",M,2012-10-20,['member'],[],[],['Unicameralism']
PV-IpiñazarMiranda,"Maitane, Ipiñazar Miranda",F,nan,['member'],[],[],['Unicameralism']
PV-IriarteOkiñena,"Maddalen, Iriarte Okiñena",F,2012-10-20,['member'],[],[],['Unicameralism']
PV-IriarteSanVicente,"Ibai, Iriarte San Vicente",M,2012-06-12,['member'],[],[],['Unicameralism']
PV-IturgaizAngulo,"Carlos, Iturgaiz Angulo",M,1991-06-17,['member'],[],[],['Unicameralism']
PV-IturrateIbarra,"Iñigo, Iturrate Ibarra",M,1991-06-17,['member'],[],[],['Unicameralism']
PV-JuezGarmendia,"Eva, Juez Garmendia",F,nan,['member'],[],[],['Unicameralism']
PV-KortajarenaIbañez,"Nerea, Kortajarena Ibañez",F,2012-10-20,['member'],[],[],['Unicameralism']
PV-LandaluzePerez,"Janire, Landaluze Perez",F,nan,[],[],[],[]
PV-ZubiriRey,"Sabin, Zubiri Rey",M,nan,[],[],[],[]
PV-LarrauriAranguren,"Estibaliz, Larrauri Aranguren",F,2012-10-20,['member'],[],[],['Unicameralism']
PV-LarreaLaso,"Muriel, Larrea Laso",F,2012-10-20,['member'],[],[],['Unicameralism']
PV-LupardoAtutxa,"Nerea, Lupardo Atutxa",F,1994,['member'],[],[],['Unicameralism']
PV-MartinezAxpe,"Lore, Martinez Axpe",F,2012-10-20,['member'],[],[],['Unicameralism']
PV-MartínezGrisaleña,"Amaia, Martínez Grisaleña",F,2020-07-12,['member'],[],[],['Unicameralism']
PV-MartínezZatón,"Iñigo, Martínez Zatón",M,2012-10-20,['member'],[],[],['Unicameralism']
PV-DolinšekMarjan,"Rakel, Molina Pérez",F,2012-10-20,['member'],[],[],['Unicameralism']
PV-OrbegozoUribe,"Kerman, Orbegozo Uribe",M,nan,['member'],[],[],['Unicameralism']
PV-OteroGabirondo,"Mikel, Otero Gabirondo",M,2012-10-20,['member'],[],[],['Unicameralism']
PV-PastorGarrido,"Garrido José Antonio, Pastor",M,1993-01-01,['member'],[],[],['Unicameralism']
PV-PérezBorinaga,"Laura, Pérez Borinaga",F,2015-06,['member'],[],[],['Unicameralism']
PV-PérezEzquerra,"Sonia, Pérez Ezquerra",F,2012-10-20,"['member', 'minister']",[],[],['Unicameralism']
PV-PinedoBustamante,"Leire, Pinedo Bustamante",F,2012-06-12,['member'],[],[],['Unicameralism']
PV-PrietoSanVicente,"Txarli, Prieto San Vicente",M,1993-01-01,['member'],[],[],['Unicameralism']
PV-RodriguezLejarza,"Ander, Rodriguez Lejarza",M,2012-06-12,['member'],[],[],['Unicameralism']
PV-RodriguezTorres,"Arkaitz, Rodriguez Torres",M,2016-07,['member'],[],[],['Unicameralism']
PV-RicoLezama,"Ekain, Rico Lezama",M,nan,['member'],[],[],['Unicameralism']
PV-RuizDeAlegriaMaestu,"Ana, Ruiz de Alegria Maestu",F,nan,['member'],[],[],['Unicameralism']
PV-SaezDeEgilazRamos,"Eraitz, Saez de Egilaz Ramos",F,2017,['member'],[],[],['Unicameralism']
PV-SanJoséLópez,"María Jesus, San José López",F,2012-10-20,"['member', 'minister']",[],[],['Unicameralism']
PV-SánchezMartín,"Gloria, Sánchez Martín",F,2004,['member'],[],[],['Unicameralism']
PV-SotoRodríguez,"David, Soto Rodríguez",M,2012-10-20,['member'],[],[],['Unicameralism']
PV-SusoPérezDeArenaza,"José Antonio, Suso Pérez de Arenaza",M,1982,['member'],[],[],['Unicameralism']
PV-TejeriaOtermin,"Bakartxo, Tejeria Otermin",F,1999-07-04,['member'],[],[],['Unicameralism']
PV-TelleríaOrriols,"Luis Javier, Tellería Orriols",M,1990,['member'],[],[],['Unicameralism']
PV-UberaAranzeta,"Rebeka, Ubera Aranzeta",F,2012-06-12,['member'],[],[],['Unicameralism']
PV-UrkulluRenteria,"Iñigo, Urkullu Renteria",M,1984-02-06,['member'],[],[],['Unicameralism']
PV-UrrutiaOianguren,"Aitor, Urrutia Oianguren",M,nan,['member'],[],[],['Unicameralism']
PV-ZabalaZarate,"Alaitz, Zabala Zarate",F,2019,['member'],[],[],['Unicameralism']
PV-ZuluagaZamalloa,"Irune, Zuluaga Zamalloa",F,nan,['member'],[],[],['Unicameralism']
PV-OrtuzarArruabarrena,"Andoni, Ortuzar Arruabarrena",M,2012,['member'],[],[],['Unicameralism']
PV-AurrekoetxeaBilbao,"Arantza, Aurrekoetxea Bilbao",F,2012,['member'],[],[],['Unicameralism']
PV-GatzagaetxebarriaBastida,"Ricardo, Gatzagaetxebarria Bibao",F,1992,"['member', 'minister']",[],[],['Unicameralism']
PV-AgirreMunoa,"Amaia, Agirre Muñoa",F,nan,['member'],[],[],['Unicameralism']
PV-AnsotegiElordi,"Fatima, Ansotegi Elordi",F,2008,['member'],[],[],['Unicameralism']
PV-CorralesGoti,"Leire, Corrales Goti",F,2001,['member'],[],[],['Unicameralism']
PV-Arieta-AraunabenaIbarzabal,"Juan Antonio, Arieta-Araunabeña Ibarzabal",M,2001-09-27,['member'],[],[],['Unicameralism']
PV-HernaezLaviña,"Estibaliz, Hernaez Laviña",F,2005-07-28,['member'],[],[],['Unicameralism']
PV-GorospeElezkano,"Miren Josune, Gorospe Elezkano",F,2010-02-01,['member'],[],[],['Unicameralism']
PV-MintegiLakarra,"Laura, Mintegi Lakarra",F,2012-06-12,['member'],[],[],['Unicameralism']
PV-UgarteburuMarkuerkiaga,"Maribi, Ugarteburu Markuerkiaga",F,2012-06-12,['member'],[],[],['Unicameralism']
PV-MaeztuPerez,"Dani, Maeztu Perez",M,2012-06-12,['member'],[],[],['Unicameralism']
PV-MatuteGarcíaDeJalón,"Oskar, Matute García de Jalón",M,2012-06-12,['member'],[],[],['Unicameralism']
PV-MuñozAranguren,"Arturo, Muñoz Aranguren",M,nan,['member'],[],[],['Unicameralism']
PV-CelaáDiéguez,"María Isabel, Celaá Diéguez",F,1998-11-25,['member'],[],[],['Unicameralism']
PV-AresTaboada,"Rodolfo, Ares Taboada",M,1994-11-30,['member'],[],[],['Unicameralism']
PV-ReyesMartín,"Vicente, Reyes Martín",M,nan,['member'],[],[],['Unicameralism']
PV-CasteloDeSa,"Alexia, Castelo de Sa",F,2012-10-20,['member'],[],[],['Unicameralism']
PV-BasagoitiPastor,"Antonio, Basagoiti Pastor",M,2009-04,['member'],[],[],['Unicameralism']
PV-DamboreneaBasterrechea,"Antonio, Damborenea Basterretxea",M,1994-11-30,['member'],[],[],['Unicameralism']
PV-LlanosGómez,"Inés Nerea, Llanos Gómez",F,1995,['member'],[],[],['Unicameralism']
PV-IsasiBalanzategi,"Xabier, Isasi Balantzategi",M,2012-10-20,['member'],[],[],['Unicameralism']
PV-UrizarKaretxe,"Pello, Urizar Karetxe",M,2012-06-12,['member'],[],[],['Unicameralism']
PV-BeitialarrangoitiaLizarralde,"Maria Angeles, Beitialarrangoitia Lizarralde",F,2012-06-12,['member'],[],[],['Unicameralism']
PV-AgirrezabalaMantxola,"Juanjo, Agirrezabala Mantxola",M,2012-10-20,['member'],[],[],['Unicameralism']
PV-LazarobasterBadiola,"Iñaki, Lazarobaster Badiola",M,nan,['member'],[],[],['Unicameralism']
PV-UrruzunoUrresti,"Unai, Urruzuno Urresti",M,2012-10-20,['member'],[],[],['Unicameralism']
PV-UrreaHerrera,"Diana Carolina, Urrea Herrera",F,2012-10-20,['member'],[],[],['Unicameralism']
PV-Etxebarria,"Alex, Etxebarria",M,nan,['member'],[],[],['Unicameralism']
PV-VaqueroMontero,"Maribel, Vaquero Montero",F,2007-07-16,['member'],[],[],['Unicameralism']
PV-UrkiolaAlustiza,"Ane, Urkiola Alustiza",F,2009-04-03,['member'],[],[],['Unicameralism']
PV-MendizabalMendizabal,"Garbiñe, Mendizabal Mendizabal",F,2009-04-03,['member'],[],[],['Unicameralism']
PV-Uribe-EtxebarriaApalategi,"Luke, Uribe-Etxebarria Apalategi",M,2001-12-31,['member'],[],[],['Unicameralism']
PV-ArriolaLópez,"Iñaki, Arriola López",M,1993-01-01,"['member', 'minister']",[],[],['Unicameralism']
PV-RoncalAzanza,"Blanca, Roncal Azanza",F,2001-06-28,['member'],[],[],['Unicameralism']
PV-ItxasoGonzález,"Bixen, Itxaso González",M,2009-04-03,['member'],[],[],['Unicameralism']
PV-QuirogaCia,"Arantza, Quiroga Cia",F,1995,['member'],[],[],['Unicameralism']
PV-SémperPascual,"Francisco de Borja, Sémper Pascual",M,2003-01-20,['member'],[],[],['Unicameralism']
PV-AgirreLópez,"Xabier, Agirre Lóopez",M,2004-01-01,['member'],[],[],['Unicameralism']
PV-BerriozabalBóveda,"Jone, Berriozabal Bóveda",F,2008-04-02,['member'],[],[],['Unicameralism']
PV-CarroIglesias,"Francisco Javier, Carro Iglesias",M,nan,['member'],[],[],['Unicameralism']
PV-BeltrándeHerediaArroniz,"Estefania, Beltrán de Heredia Arroniz",F,1998-11-25,"['member', 'minister']",[],[],['Unicameralism']
PV-AldaiturriagaZorrozua,"Norberto, Aldaiturriaga Zorrozua",M,2009-04-03,['member'],[],[],['Unicameralism']
PV-OregiBastarrika,"Ana Isabel, Oregi Bastarrika",F,2012-10-20,"['member', 'minister']",[],[],['Unicameralism']
PV-ArrondoAldasoro,"Belen, Arrondo Aldasoro",F,2012-10-20,['member'],[],[],['Unicameralism']
PV-ArraizBarbadillo,"Hasier, Arraiz Barbadillo",M,2012-10-20,['member'],[],[],['Unicameralism']
PV-LópezDeMunainGanuza,"Igor, Lopez de Muniain",M,nan,['member'],[],[],['Unicameralism']
PV-BreñasGonzálezDeZárate,"Estitxu, Breñas González de Zárate",F,nan,['member'],[],[],['Unicameralism']
PV-OyarzabalDeMiguel,"Iñaki, OyarzábaL de Miguel",M,1998-11-25,['member'],[],[],['Unicameralism']
PV-MarotoAranzábal,"Javier Ignacio, Maroto Aranzabal",M,1999-07-04,['member'],[],[],['Unicameralism']
PV-LópezDeOcarizLópezDeMunain,"Maria del Carmen, López de Okariz López de Munain",F,1998-11-25,['member'],[],[],['Unicameralism']
PV-LópezÁlvarez,"Francisco Javier, López Álvarez",M,1993-01-01,['member'],[],[],['Unicameralism']
PV-SarasuaDíaz,"Txaro, Sarasua Díaz",F,nan,['member'],[],[],['Unicameralism']
PV-RojoSolana,"Natalia, Rojo Solana",F,2005-05-25,['member'],[],[],['Unicameralism']
PV-UnzaluHermosa,"Mikel, Unzalu Hermosa",M,2009-05-18,['member'],[],[],['Unicameralism']
PV-ManeiroLabayen,"Gorka, Maneiro Labayen",M,2009-04-03,['member'],[],[],['Unicameralism']
PV-Ramírez-EscuderoIsusi,"Juan Carlos, Ramírez-Escudero Isusi",M,nan,['member'],[],[],['Unicameralism']
PV-OtaolaUrkijo,"Almudena, Otaola Urkijo",F,2012-10-20,['member'],[],[],['Unicameralism']
PV-MolinaPérez,"Rakel, Molina Pérez",F,2012-10-20,['member'],[],[],['Unicameralism']
PV-AlonsoAranegui,"Alfonso, Alonso Aranegui",M,1999-07-04,['member'],[],[],['Unicameralism']
PV-deAndrésGuerra,"Javier, de Andrés Guerra",M,2007-06-20,['member'],[],[],['Unicameralism']
PV-RuizDeArbuloCerio,"Javier, Ruiz de Arbulo Cerio",M,nan,['member'],[],[],['Unicameralism']
PV-LarrionRuizDeGauna,"Miren, Larrion Ruiz de Gauna",F,2012-10-20,['member'],[],[],['Unicameralism']
PV-SanSaturninoMurua,"Ibon, San Saturnino Murua",M,2012-10-20,['member'],[],[],['Unicameralism']
PV-LopezDeArroyabeSaezDeMaturana,"Eva, Lopez de Arroyabe Saez de Maturana",F,2012-10-20,['member'],[],[],['Unicameralism']
PV-MacazagaSáenz,"Cristina, Macazaga Sáenz",F,2012-10-20,['member'],[],[],['Unicameralism']
PV-GarcíaLarrimbe,"Edurne, García Larrimbe",F,2012-10-20,['member'],[],[],['Unicameralism']
PV-BecerraCarollo,"Jose Ramon, Becerra Carollo",M,2012-10-20,['member'],[],[],['Unicameralism']
PV-OtaloraAriño,"Begoña, Otalora Ariño",F,1999,['member'],[],[],['Unicameralism']
PV-ArregiRomarate,"Amaia, Arregi Romarate",F,nan,['member'],[],[],['Unicameralism']
PV-ZorrillaIbañez,"Joseba Mirena, Zorrilla Ibáñez",M,1999-06-13,['member'],[],[],['Unicameralism']
PV-LatxagaUgartemendia,"David, Latxaga Ugartemendia",M,2003-05-15,['member'],[],[],['Unicameralism']
PV-SagarduiGoikoetxea,"Miren Gotzone, Sagardui Goikoetxea",F,2012-10-20,"['member', 'minister']",[],[],['Unicameralism']
PV-BetolazaSanMiguel,"Amaia, Betolaza San Miguel",F,nan,['member'],[],[],['Unicameralism']
PV-GoirizelaiaOrdorika,"Jone, Goirizelaia Ordorika",F,2012-06-12,['member'],[],[],['Unicameralism']
PV-MartínezHierro,"Lander, Martínez Hierro",M,2012-10-20,['member'],[],[],['Unicameralism']
PV-AranaVaras,"Eukene, Arana Varas",F,2012-10-20,['member'],[],[],['Unicameralism']
PV-UriaSerrano,"Juan Luis, Uria Serrano",M,2012-10-20,['member'],[],[],['Unicameralism']
PV-GuancheSuárez,"Tinixara, Guanche Suárez",F,2012-10-20,['member'],[],[],['Unicameralism']
PV-RuizChico,"Yahcov, Ruiz Chico",M,2012-10-20,['member'],[],[],['Unicameralism']
PV-MendiaCueva,"Idoia, Mendia Cueva",F,2001-06-08,"['member', 'minister']",[],[],['Unicameralism']
PV-TapiaOtaegi,"Miren Arantzazu, Tapia Otaegi",F,2011-12-02,"['member', 'minister']",[],[],['Unicameralism']
PV-SolorzanoSanchez,"Carmen, Solorzano Sanchez",F,nan,['member'],[],[],['Unicameralism']
PV-UgarteZubizarreta,"Larraitz, Ugarte Zubizarreta",F,2012-10-20,['member'],[],[],['Unicameralism']
PV-OtamendiTolosa,"Maider, Otamendi Tolosa",F,2012-10-20,['member'],[],[],['Unicameralism']
PV-ZabalaArtano,"Pilar, Zabala Artano",F,2012-10-20,['member'],[],[],['Unicameralism']
PV-BollainUrbieta,"Julen, Bollain Urbieta",M,2012-10-20,['member'],[],[],['Unicameralism']
PV-RomeroPozo,"Rafaela, Romero Pozo",F,1995-06-23,['member'],[],[],['Unicameralism']
PV-GuerraAlonso,"Asunción, Guerra Alonso",F,nan,['member'],[],[],['Unicameralism']
PV-RuizBujedo,"Cristina, Ruiz Bujedo",F,nan,['member'],[],[],['Unicameralism']
PV-DeBengoecheaEstrade,"Juana, De Bengoechea Estrade",F,nan,['member'],[],[],['Unicameralism']
PV-GaramendiLanda,"Olatz, Garamendi Landa",F,2012,"['member', 'minister']",[],[],['Unicameralism']
PV-AzpiazuUriarte,"Pedro, Azpiazu Uriarte",M,2000,"['member', 'minister']",[],[],['Unicameralism']
PV-BildarratzSorron,"Jokin, Bildarratz Sorron",M,2001,"['member', 'minister']",[],[],['Unicameralism']
PV-ArtolazabalAlbeniz,"Beatriz, Artolazabal Albeniz",F,1991,"['member', 'minister']",[],[],['Unicameralism']
PV-ZupiriaGorostidi,"Bingen, Zupiria Gorostidi",M,1989,"['member', 'minister']",[],[],['Unicameralism']
PV-HurtadoDomínguez,"Javier, Hurtado Domínguez",M,2011,"['member', 'minister']",[],[],['Unicameralism']
PV-ToñaGuenaga,"Angel, Toña Guenaga",M,2015,"['member', 'minister']",[],[],['Unicameralism']
PV-UriarteToledo,"Cristina, Uriarte Toledo",F,2012,"['member', 'minister']",[],[],['Unicameralism']
PV-DarpónSierra,"Jon, Darpón Sierra",M,2012,['member'],[],[],['Unicameralism']
PV-AburtoRike,"Juan María, Aburto Rike",M,1991,"['member', 'minister']",[],[],['Unicameralism']
PV-RetortilloPaniagua,"Alfredo, Retortillo Paniagua",M,2016,"['member', 'minister']",[],[],['Unicameralism']
PV-MurgaEizagaechevarria,"Nekane, Murga Eizagaechevarria",F,2017,"['member', 'minister']",[],[],['Unicameralism']
PV-FresnoAsensio,"Rosa, Fresno Asensio",F,nan,['member'],[],[],[]
PV-ZulaikaPortillo,"Ilargi-, Zulaika Portillo",F,2012-10-20,['member'],[],[],['Unicameralism']
PV-AzkueManterola,"Jon, Azkue Manterola",M,nan,['member'],[],[],['Unicameralism']
PV-ElolaAzpeitia,"Patxi, Elola Azpeitia",M,nan,['member'],[],[],['Unicameralism']
PV-LeteGarcía,"Elena, Lete García",F,nan,['member'],[],[],['Unicameralism']
PV-EtxeberriaIradi,"Lur, Etxeberria Iradi",F,nan,['member'],[],[],['Unicameralism']
PV-ZaballosDeLlanos,"Jesus María, Zaballos de Llanos",M,nan,['member'],[],[],['Unicameralism']
PV-IparragirreEtxeberria,"Peio, Iparragirre Etxeberria",M,nan,['member'],[],[],['Unicameralism']
PV-UrkolaIriarte,"Felix, Urkola Iriarte",M,nan,['member'],[],[],['Unicameralism']
PV-MichelenaIguaran,"Manuel, Michelena Iguaran",M,nan,['member'],[],[],['Unicameralism']
PV-MujikaIriondo,"Garikoitz, Mujika Iriondo",M,nan,['member'],[],[],['Unicameralism']
PV-OtaduiBiteri,"Ana, Otadui Biteri",F,nan,['member'],[],[],['Unicameralism']
PV-MendizabalEtxeberria,"Garbiñe, Mendizabal Etxeberria",F,nan,['member'],[],[],['Unicameralism']
PV-LezertuaRodríguez,"Manuel, Lezertua Rodríguez",M,nan,['member'],[],[],['Unicameralism']
PV-GuerendiainGabás,"Itziar, Guerendiain Gabás",F,nan,['member'],[],[],['Unicameralism']
PV-GordilloGil,"Luis Ignacio, Gordillo Gil",M,nan,['member'],[],[],['Unicameralism']
PV-BidegurenGabantxo,"Idurre, Bideguren Gabantxo",F,nan,['member'],[],[],[]
