name_id,name,gender,term_start,roles,parties,party_orientation,legislative_branch
BA-ČamparaAvdo,"Avdo, Čampara",M,1998-11-26,['member'],['Stranka demokratske akcije'],['Centre-right to right'],['Unicameralism']
BA-DžaferovićŠefik,"Šefik, Džaferović",M,1998-11-26,['member'],['Stranka demokratske akcije'],['Centre-right to right'],['Unicameralism']
BA-HercegMugdin,"Mugdin, Herceg",M,1998-11-26,['member'],['Socijaldemokratska partija Bosne i Hercegovine'],['Centre-left'],['Unicameralism']
BA-ŠarčevićIsmet,"Ismet, Šarčević",M,1998-11-26,['member'],['Stranka demokratske akcije'],['Centre-right to right'],['Unicameralism']
BA-MadunićIvan,"Ivan, Madunić",M,1998-11-26,['member'],['Hrvatska demokratska zajednica Bosne i Hercegovine'],['Centre-right'],['Unicameralism']
BA-MarićZoran,"Zoran, Marić",M,1998-11-26,['member'],['Hrvatska demokratska zajednica Bosne i Hercegovine'],['Centre-right'],['Unicameralism']
BA-LjubičićDrago,"Drago, Ljubičić",M,1998-11-26,['member'],"['Srpski narodni savez', 'Savez nezavisnih socijaldemokrata']","['Centre-right', 'Syncretic politics']",['Unicameralism']
BA-MalićMomir,"Momir, Malić",M,1998-11-26,['member'],['Socijalistička partija'],['Centre-left'],['Unicameralism']
BA-PajićĐoko,"Đoko, Pajić",M,1998-11-26,['member'],"['Srpska demokratska stranka', 'Srpska radikalna stranka Republike Srpske']","['Centre-right to right', 'Right']",['Unicameralism']
BA-RistanRistić,"Ristić, Ristan",M,1998-11-26,['member'],['Savez nezavisnih socijaldemokrata'],['Syncretic politics'],['Unicameralism']
BA-ŽigićIzet,"Izet, Žigić",M,1998-11-26,['member'],['Stranka za Bosnu i Hercegovinu'],['Centre'],['Unicameralism']
BA-ŠoljićVladimir,"Vladimir, Šoljić",M,1998-11-26,['member'],['Hrvatska demokratska zajednica Bosne i Hercegovine'],['Centre-right'],['Unicameralism']
BA-ZorićVinko,"Vinko, Zorić",M,1998-11-26,['member'],"['Hrvatska demokratska zajednica 1991', 'Hrvatska demokratska zajednica Bosne i Hercegovine']","['Centre-right', 'Centre-right']",['Unicameralism']
BA-ŽivkovićIvo,"Ivo, Živković",M,1998-11-26,['member'],"['Hrvatska demokratska zajednica Bosne i Hercegovine', 'Nova hrvatska inicijativa']","['Centre-right', 'Left']",['Unicameralism']
BA-TošićMomir,"Momir, Tošić",M,1998-11-26,['member'],['Srpska demokratska stranka'],['Centre-right to right'],['Unicameralism']
BA-GenjacHalid,"Halid, Genjac",M,1998-11-26,['member'],"['Koalicija za cjelovitu i demokratsku BiH', 'Stranka demokratske akcije']","[nan, 'Centre-right to right']",['Unicameralism']
BA-JusufovićMunib,"Munib, Jusufović",M,2000-12-29,['member'],"['Savez za bolju budućnost', 'Stranka za Bosnu i Hercegovinu']","['Centre-right', 'Centre']",['Unicameralism']
BA-SpahićIbrahim,"Ibrahim, Spahić",M,1998-11-26,['member'],"['Građanska demokratska stranka', 'Koalicija za cjelovitu i demokratsku BiH']","[nan, nan]",['Unicameralism']
BA-DivkovićIvo,"Ivo, Divković",M,1998-11-26,['member'],"['Socijaldemokratska partija Bosne i Hercegovine', 'Socijaldemokrati BiH']","['Centre-left', 'Centre-left']",['Unicameralism']
BA-IvankovićJerko,"Jerko, Ivanković",M,2000-12-29,['member'],['Narodna stranka Radom za boljitak'],['Centre'],['Unicameralism']
BA-SušacNiko,"Niko, Sušac",M,2000-12-29,['member'],['Socijaldemokratska partija Bosne i Hercegovine'],['Centre-left'],['Unicameralism']
BA-IlićDragutin,"Dragutin, Ilić",M,2000-12-29,['member'],['Socijalistička partija'],['Centre-left'],['Unicameralism']
BA-NovakovićMomčilo,"Momčilo, Novaković",M,2000-12-29,['member'],"['Koalicija Partija demokratskog progresa - Narodni demokratski pokret', 'Srpska demokratska stranka']","['Centre-right', 'Centre-right to right']",['Unicameralism']
BA-RodićDragutin,"Dragutin, Rodić",M,2000-12-29,['member'],['Demokratski narodni savez'],['Centre-right'],['Unicameralism']
BA-TokićSejfudin,"Sejfudin, Tokić",M,1998-11-26,['member'],"['Socijaldemokratska partija Bosne i Hercegovine', 'Socijaldemokrati BiH']","['Centre-left', 'Centre-left']",['Unicameralism']
BA-ŠimićIlija,"Ilija, Šimić",M,2000-12-29,['member'],['Hrvatska seljačka stranka'],['Centre'],['Unicameralism']
BA-ŠpirićNikola,"Nikola, Špirić",M,1998-11-26,"['member', 'minister']","['Partija demokratskog progresa', 'Srpska demokratska stranka', 'Savez nezavisnih socijaldemokrata']","['Centre to centre-right', 'Centre-right to right', 'Syncretic politics']",['Unicameralism']
BA-TučjačaninGoran,"Goran, Tučjačanin",M,2000-12-29,['member'],['Savez nezavisnih socijaldemokrata'],['Syncretic politics'],['Unicameralism']
BA-NeimarlijaHilmo,"Hilmo, Neimarlija",M,1998-11-26,['member'],"['Koalicija za cjelovitu i demokratsku BiH', 'Stranka za Bosnu i Hercegovinu', 'Stranka demokratske akcije']","[nan, 'Centre', 'Centre-right to right']",['Unicameralism']
BA-BrkaOsman,"Osman, Brka",M,2000-12-29,['member'],['Stranka demokratske akcije'],['Centre-right to right'],['Unicameralism']
BA-ČengićHasan,"Hasan, Čengić",M,2002-12-03,['member'],['Stranka demokratske akcije'],['Centre-right to right'],['Unicameralism']
BA-PamukMustafa,"Mustafa, Pamuk",M,1998-11-26,['member'],"['Koalicija za cjelovitu i demokratsku BiH', 'Stranka za Bosnu i Hercegovinu']","[nan, 'Centre']",['Unicameralism']
BA-JukićVelimir,"Velimir, Jukić",M,2002-12-03,['member'],"['Koalicija HDZ-HK-HNZ', 'Hrvatska demokratska zajednica Bosne i Hercegovine']","['Centre-right', 'Centre-right']",['Unicameralism']
BA-FilipovićIlija,"Ilija, Filipović",M,2002-12-03,['member'],['Hrvatska demokratska zajednica Bosne i Hercegovine'],['Centre-right'],['Unicameralism']
BA-LimovTomislav,"Tomislav, Limov",M,2002-12-03,['member'],['Socijaldemokratska partija Bosne i Hercegovine'],['Centre-left'],['Unicameralism']
BA-MilojevićGoran,"Goran, Milojević",M,2002-12-03,['member'],['Partija demokratskog progresa'],['Centre to centre-right'],['Unicameralism']
BA-SpajićAnto,"Anto, Spajić",M,2002-12-03,['member'],['Hrvatska demokratska zajednica Bosne i Hercegovine'],['Centre-right'],['Unicameralism']
BA-ZrnoBranko,"Branko, Zrno",M,2002-12-03,['member'],['Hrvatska demokratska zajednica Bosne i Hercegovine'],['Centre-right'],['Unicameralism']
BA-ŠiljegovićBoško,"Boško, Šiljegović",M,2002-12-03,['member'],['Srpska demokratska stranka'],['Centre-right to right'],['Unicameralism']
BA-StojanovićRuža,"Ruža, Stojanović",F,2002-12-03,['member'],['Srpska demokratska stranka'],['Centre-right to right'],['Unicameralism']
BA-RadovanovićVinko,"Vinko, Radovanović",M,2002-12-03,['member'],['Partija demokratskog progresa'],['Centre to centre-right'],['Unicameralism']
BA-ČoloAlma,"Alma, Čolo",F,2006-11-20,['member'],['Stranka demokratske akcije'],['Centre-right to right'],['Unicameralism']
BA-IvanićMladen,"Mladen, Ivanić",M,2006-11-20,['member'],['Partija demokratskog progresa'],['Centre to centre-right'],['Unicameralism']
BA-IbrahimpašićAdem,"Adem, Ibrahimpašić",M,2006-11-20,['member'],['Socijaldemokratska partija Bosne i Hercegovine'],['Centre-left'],['Unicameralism']
BA-JovićIvoMiro,"Ivo Miro, Jović",M,2006-11-20,['member'],['Hrvatska demokratska zajednica Bosne i Hercegovine'],['Centre-right'],['Unicameralism']
BA-KoprivicaZoran,"Zoran, Koprivica",M,2006-11-20,['member'],['Savez nezavisnih socijaldemokrata'],['Syncretic politics'],['Unicameralism']
BA-MajkićDušanka,"Dušanka, Majkić",F,2002-12-03,['member'],['Savez nezavisnih socijaldemokrata'],['Syncretic politics'],['Unicameralism']
BA-LjubićBožo,"Božo, Ljubić",M,2006-11-20,['member'],"['Hrvatska demokratska zajednica 1991', 'Koalicija Hrvatska demokratska zajednica Bosne i Hercegovine - Hrvatska seljačka stranka - Hrvatska kršćanska demokratska unija Bosne i Hercegovine - Hrvatska stranka prava dr. Ante Starčević - Hrvatska stranka prava Herceg-Bosne']","['Centre-right', 'Right']",['Unicameralism']
BA-RajićBožo,"Božo, Rajić",M,2006-11-20,['member'],['Hrvatska demokratska zajednica 1991'],['Centre-right'],['Unicameralism']
BA-RančićHazim,"Hazim, Rančić",M,2006-11-20,['member'],['Stranka demokratske akcije'],['Centre-right to right'],['Unicameralism']
BA-TihićSulejman,"Sulejman, Tihić",M,2006-11-20,['member'],['Stranka demokratske akcije'],['Centre-right to right'],['Unicameralism']
BA-ŠarabaSlobodan,"Slobodan, Šaraba",M,2006-11-20,['member'],['Srpska demokratska stranka'],['Centre-right to right'],['Unicameralism']
BA-BećirovićHasan,"Hasan, Bećirović",M,2010-11-30,['member'],['Socijaldemokratska partija Bosne i Hercegovine'],['Centre-left'],['Unicameralism']
BA-BradarićMehmed,"Mehmed, Bradarić",M,2010-11-30,['member'],['Socijaldemokratska partija Bosne i Hercegovine'],['Centre-left'],['Unicameralism']
BA-ČovićDragan,"Dragan, Čović",M,2010-11-30,['member'],['Hrvatska demokratska zajednica Bosne i Hercegovine'],['Centre-right'],['Unicameralism']
BA-HodžićSeudin,"Seudin, Hodžić",M,2010-11-30,['member'],['Socijaldemokratska partija Bosne i Hercegovine'],['Centre-left'],['Unicameralism']
BA-KapetanovićNermina,"Nermina, Kapetanović",F,2010-11-30,['member'],['Stranka demokratske akcije'],['Centre-right to right'],['Unicameralism']
BA-KošaracStaša,"Staša, Košarac",M,2010-11-30,"['member', 'minister']",['Savez nezavisnih socijaldemokrata'],['Syncretic politics'],['Unicameralism']
BA-KrešićStjepan,"Stjepan, Krešić",M,2010-11-30,['member'],['Koalicija Hrvatska demokratska zajednica Bosne i Hercegovine - Hrvatska seljačka stranka - Hrvatska kršćanska demokratska unija Bosne i Hercegovine - Hrvatska stranka prava dr. Ante Starčević - Hrvatska stranka prava Herceg-Bosne'],['Right'],['Unicameralism']
BA-KrištoBorjana,"Borjana, Krišto",F,2010-11-30,['member'],"['Hrvatska demokratska zajednica Bosne i Hercegovine', 'Koalicija Hrvatska demokratska zajednica Bosne i Hercegovine - Hrvatska seljačka stranka - Hrvatska kršćanska demokratska unija Bosne i Hercegovine - Hrvatska stranka prava dr. Ante Starčević - Hrvatska stranka prava Herceg-Bosne']","['Centre-right', 'Right']",['Unicameralism']
BA-RagužMartin,"Martin, Raguž",M,2002-12-03,['member'],"['Hrvatska demokratska zajednica 1991', 'Hrvatska demokratska zajednica Bosne i Hercegovine']","['Centre-right', 'Centre-right']",['Unicameralism']
BA-SimićKrstan,"Krstan, Simić",M,2010-11-30,['member'],['Savez nezavisnih socijaldemokrata'],['Syncretic politics'],['Unicameralism']
BA-TadićOgnjen,"Ognjen, Tadić",M,2010-11-30,['member'],['Srpska demokratska stranka'],['Centre-right to right'],['Unicameralism']
BA-VrdoljakKrunoslav,"Krunoslav, Vrdoljak",M,2010-11-30,['member'],['Socijaldemokratska partija Bosne i Hercegovine'],['Centre-left'],['Unicameralism']
BA-KadićSead,"Sead, Kadić",M,2014-12-09,['member'],['Stranka demokratske akcije'],['Centre-right to right'],['Unicameralism']
BA-PodžićSifet,"Sifet, Podžić",M,2014-12-09,"['member', 'minister']",['Demokratska fronta'],['Centre to centre-left'],['Unicameralism']
BA-RadončićFahrudin,"Fahrudin, Radončić",M,2012-11-22,"['member', 'minister']",['Savez za bolju budućnost'],['Centre-right'],['Unicameralism']
BA-ČolakBariša,"Bariša, Čolak",M,2007-01-11,"['member', 'minister']",['Hrvatska demokratska zajednica Bosne i Hercegovine'],['Centre-right'],['Unicameralism']
BA-KaramatićMario,"Mario, Karamatić",M,2014-12-09,['member'],['Koalicija Hrvatska demokratska zajednica Bosne i Hercegovine - Hrvatska seljačka stranka - Hrvatska kršćanska demokratska unija Bosne i Hercegovine - Hrvatska stranka prava dr. Ante Starčević - Hrvatska stranka prava Herceg-Bosne'],['Right'],['Unicameralism']
BA-DžambasZdenka,"Zdenka, Džambas",F,2014-12-09,['member'],['Hrvatska demokratska zajednica Bosne i Hercegovine'],['Centre-right'],['Unicameralism']
BA-RadmanovićNebojša,"Nebojša, Radmanović",M,2014-12-09,['member'],['Savez nezavisnih socijaldemokrata'],['Syncretic politics'],['Unicameralism']
BA-NovićSredoje,"Sredoje, Nović",M,2007-01-11,"['member', 'minister']",['Savez nezavisnih socijaldemokrata'],['Syncretic politics'],['Unicameralism']
BA-BabaljDarko,"Darko, Babalj",M,2010-11-30,['member'],['Srpska demokratska stranka'],['Centre-right to right'],['Unicameralism']
BA-SoftićSafet,"Safet, Softić",M,2014-12-09,['member'],['Stranka demokratske akcije'],['Centre-right to right'],['Unicameralism']
BA-ZovkoLjilja,"Ljilja, Zovko",F,2014-12-09,['member'],['Hrvatska demokratska zajednica Bosne i Hercegovine'],['Centre-right'],['Unicameralism']
BA-AlagićRaifa,"Raifa, Alagić",F,1998-11-26,['member'],['Koalicija za cjelovitu i demokratsku BiH'],[nan],['Unicameralism']
BA-BičakčićEdhem,"Edhem, Bičakčić",M,1998-11-26,['member'],['Koalicija za cjelovitu i demokratsku BiH'],[nan],['Unicameralism']
BA-ČaršimamovićTarik,"Tarik, Čaršimamović",M,1998-11-26,['member'],['Koalicija za cjelovitu i demokratsku BiH'],[nan],['Unicameralism']
BA-BećirbašićSmail,"Smail, Bećirbašić",M,1998-11-26,['member'],['Koalicija za cjelovitu i demokratsku BiH'],[nan],['Unicameralism']
BA-BogićevićBogić,"Bogić, Bogićević",M,1998-11-26,['member'],['Socijaldemokratska partija Bosne i Hercegovine'],['Centre-left'],['Unicameralism']
BA-BakovićMirko,"Mirko, Baković",M,1998-11-26,['member'],['Hrvatska demokratska zajednica Bosne i Hercegovine'],['Centre-right'],['Unicameralism']
BA-BaltaRadenka,"Radenka, Balta",F,1998-11-26,['member'],['Srpska radikalna stranka Republike Srpske'],['Right'],['Unicameralism']
BA-DeretićMiodrag,"Miodrag, Deretić",M,1998-11-26,['member'],['Radikalna stranka Republike Srpske'],['Right'],['Unicameralism']
BA-BošnjakMilenka,"Milenka, Bošnjak",F,1998-11-26,['member'],['Sloga'],[nan],['Unicameralism']
BA-BanjacMirko,"Mirko, Banjac",M,1998-11-26,['member'],['Srpska demokratska stranka'],['Centre-right to right'],['Unicameralism']
BA-FilipovićMediha,"Mediha, Filipović",F,1998-11-26,['member'],['Koalicija za cjelovitu i demokratsku BiH'],[nan],['Unicameralism']
BA-JahićAdnan,"Adnan, Jahić",M,1998-11-26,['member'],['Koalicija za cjelovitu i demokratsku BiH'],[nan],['Unicameralism']
BA-KadićRasim,"Rasim, Kadić",M,1998-11-26,['member'],['Koalicija za cjelovitu i demokratsku BiH'],[nan],['Unicameralism']
BA-KarićMunira,"Munira, Karić",F,1998-11-26,['member'],['Koalicija za cjelovitu i demokratsku BiH'],[nan],['Unicameralism']
BA-ĐedovićIbrahim,"Ibrahim, Đedović",M,1998-11-26,['member'],['Demokratska narodna zajednica BiH'],['Big tent'],['Unicameralism']
BA-HavelAna,"Ana, Havel",F,1998-11-26,['member'],['Hrvatska demokratska zajednica Bosne i Hercegovine'],['Centre-right'],['Unicameralism']
BA-DokićBranko,"Branko, Dokić",M,1998-11-26,['member'],"['Partija demokratskog progresa', 'Sloga']","['Centre to centre-right', nan]",['Unicameralism']
BA-JovanovićBranislava,"Branislava, Jovanović",F,1998-11-26,['member'],['Sloga'],[nan],['Unicameralism']
BA-KulovićHamdija,"Hamdija, Kulović",M,1998-11-26,['member'],['Koalicija za cjelovitu i demokratsku BiH'],[nan],['Unicameralism']
BA-OručevićSafet,"Safet, Oručević",M,1998-11-26,['member'],['Koalicija za cjelovitu i demokratsku BiH'],[nan],['Unicameralism']
BA-MalkićAbdurahman,"Abdurahman, Malkić",M,1998-11-26,['member'],"['Koalicija za cjelovitu i demokratsku BiH', 'Stranka demokratske akcije']","[nan, 'Centre-right to right']",['Unicameralism']
BA-LagumdžijaZlatko,"Zlatko, Lagumdžija",M,1998-11-26,"['member', 'minister']",['Socijaldemokratska partija Bosne i Hercegovine'],['Centre-left'],['Unicameralism']
BA-MijačevićIvo,"Ivo, Mijačević",M,1998-11-26,['member'],['Socijaldemokratska partija Bosne i Hercegovine'],['Centre-left'],['Unicameralism']
BA-MuminagićSuada,"Suada, Muminagić",F,1998-11-26,['member'],['Socijaldemokratska partija Bosne i Hercegovine'],['Centre-left'],['Unicameralism']
BA-MikulićAnita,"Anita, Mikulić",F,1998-11-26,['member'],['Hrvatska demokratska zajednica Bosne i Hercegovine'],['Centre-right'],['Unicameralism']
BA-LozančićIvo,"Ivo, Lozančić",M,1998-11-26,['member'],"['Nova hrvatska inicijativa', 'Koalicija Nova hrvatska inicijativa - Hrvatska kršćanska demokratska unija Bosne i Hercegovine']","['Left', 'Centre']",['Unicameralism']
BA-MirkovićDragan,"Dragan, Mirković",M,1998-11-26,['member'],['Srpska radikalna stranka Republike Srpske'],['Right'],['Unicameralism']
BA-RaščićRijad,"Rijad, Raščić",M,1998-11-26,['member'],['Koalicija za cjelovitu i demokratsku BiH'],[nan],['Unicameralism']
BA-SilajdžićHaris,"Haris, Silajdžić",M,1998-11-26,['member'],['Koalicija za cjelovitu i demokratsku BiH'],[nan],['Unicameralism']
BA-PašalićIvicaLhotak,"Ivica (Lhotak), Pašalić",M,1998-11-26,['member'],['Hrvatska demokratska zajednica Bosne i Hercegovine'],['Centre-right'],['Unicameralism']
BA-SkopljakPero,"Pero, Skopljak",M,1998-11-26,['member'],['Hrvatska demokratska zajednica Bosne i Hercegovine'],['Centre-right'],['Unicameralism']
BA-RakićVito,"Vito, Rakić",M,1998-11-26,['member'],['Sloga'],[nan],['Unicameralism']
BA-PerkanovićMarija,"Marija, Perkanović",F,1998-11-26,['member'],['Srpska demokratska stranka'],['Centre-right to right'],['Unicameralism']
BA-RađevićDesanka,"Desanka, Rađević",F,1998-11-26,['member'],['Srpska demokratska stranka'],['Centre-right to right'],['Unicameralism']
BA-ZovkoLjubomir,"Ljubomir, Zovko",M,1998-11-26,['member'],['Hrvatska demokratska zajednica Bosne i Hercegovine'],['Centre-right'],['Unicameralism']
BA-BjelobrkBoro,"Boro, Bjelobrk",M,2000-12-29,['member'],['Socijaldemokratska partija Bosne i Hercegovine'],['Centre-left'],['Unicameralism']
BA-AvdićSead,"Sead, Avdić",M,2000-12-29,['member'],"['Socijaldemokratska partija Bosne i Hercegovine', 'Socijaldemokratska unija Bosne i Hercegovine']","['Centre-left', 'Centre-left']",['Unicameralism']
BA-BorićAdem,"Adem, Borić",M,2000-12-29,['member'],['Stranka demokratske akcije'],['Centre-right to right'],['Unicameralism']
BA-AmiđićMarko,"Marko, Amiđić",M,2000-12-29,['member'],['Hrvatska demokratska zajednica Bosne i Hercegovine'],['Centre-right'],['Unicameralism']
BA-BegovićMuhamed,"Muhamed, Begović",M,2000-12-29,['member'],['Stranka za Bosnu i Hercegovinu'],['Centre'],['Unicameralism']
BA-BilbijaŽeljko,"Željko, Bilbija",M,2000-12-29,['member'],['Partija demokratskog progresa'],['Centre to centre-right'],['Unicameralism']
BA-FerzanovićBranislava,"Branislava, Ferzanović",M,2000-12-29,['member'],['Socijaldemokratska partija Bosne i Hercegovine'],['Centre-left'],['Unicameralism']
BA-FilipovićOmer,"Omer, Filipović",M,2000-12-29,['member'],['Socijaldemokratska partija Bosne i Hercegovine'],['Centre-left'],['Unicameralism']
BA-KamberovićVioleta,"Violeta, Kamberović",F,2000-12-29,['member'],['Socijaldemokratska partija Bosne i Hercegovine'],['Centre-left'],['Unicameralism']
BA-ButurovićSead,"Sead, Buturović",M,2000-12-29,['member'],['Stranka demokratske akcije'],['Centre-right to right'],['Unicameralism']
BA-GrabovacTitanMiro,"Miro, Grabovac Titan",M,2000-12-29,['member'],['Hrvatska demokratska zajednica Bosne i Hercegovine'],['Centre-right'],['Unicameralism']
BA-CuplovMustafa,"Mustafa, Cuplov",M,2000-12-29,['member'],['Stranka za Bosnu i Hercegovinu'],['Centre'],['Unicameralism']
BA-JovanovićMirko,"Mirko, Jovanović",M,2000-12-29,['member'],['Srpska demokratska stranka'],['Centre-right to right'],['Unicameralism']
BA-KovačevićLjubomir,"Ljubomir, Kovačević",M,2000-12-29,['member'],['Srpska demokratska stranka'],['Centre-right to right'],['Unicameralism']
BA-GligorićTihomir,"Tihomir, Gligorić",M,2000-12-29,['member'],['Socijalistička partija'],['Centre-left'],['Unicameralism']
BA-MašićDamir,"Damir, Mašić",M,2000-12-29,['member'],['Socijaldemokratska partija Bosne i Hercegovine'],['Centre-left'],['Unicameralism']
BA-MašovićAmor,"Amor, Mašović",M,2000-12-29,['member'],['Stranka demokratske akcije'],['Centre-right to right'],['Unicameralism']
BA-KulenovićSalih,"Salih, Kulenović",M,2000-12-29,['member'],['Stranka demokratske akcije'],['Centre-right to right'],['Unicameralism']
BA-LjubićMariofil,"Mariofil, Ljubić",M,2000-12-29,['member'],['Hrvatska demokratska zajednica Bosne i Hercegovine'],['Centre-right'],['Unicameralism']
BA-MajdandžićFranjo,"Franjo, Majdandžić",M,2000-12-29,['member'],['Stranka za Bosnu i Hercegovinu'],['Centre'],['Unicameralism']
BA-MehtićHalil,"Halil, Mehtić",M,2000-12-29,['member'],['Bosanskohercegovačka stranka prava 1861'],[nan],['Unicameralism']
BA-MijatovićMirko,"Mirko, Mijatović",M,2000-12-29,['member'],['Srpska demokratska stranka'],['Centre-right to right'],['Unicameralism']
BA-LolićBranislav,"Branislav, Lolić",M,2000-12-29,['member'],['Srpski narodni savez'],['Centre-right'],['Unicameralism']
BA-ŠarganovićSenad,"Senad, Šarganović",M,2000-12-29,['member'],['Socijaldemokratska partija Bosne i Hercegovine'],['Centre-left'],['Unicameralism']
BA-StanimirovićDragi,"Dragi, Stanimirović",M,2000-12-29,['member'],['Socijaldemokratska partija Bosne i Hercegovine'],['Centre-left'],['Unicameralism']
BA-PurićMirsad,"Mirsad, Purić",M,2000-12-29,['member'],['Stranka za Bosnu i Hercegovinu'],['Centre'],['Unicameralism']
BA-OsmanovićBahrija,"Bahrija, Osmanović",F,2000-12-29,['member'],['Demokratska stranka penzionera BiH'],[nan],['Unicameralism']
BA-SpasojevićZoran,"Zoran, Spasojević",M,2000-12-29,['member'],['Srpska demokratska stranka'],['Centre-right to right'],['Unicameralism']
BA-StokićDušan,"Dušan, Stokić",M,2000-12-29,['member'],['Partija demokratskog progresa'],['Centre to centre-right'],['Unicameralism']
BA-MirjanićŽeljko,"Željko, Mirjanić",M,2000-12-29,['member'],['Koalicija Savez nezavisnih socijaldemokrata'],['Right'],['Unicameralism']
BA-ŠašivarevićNedžad,"Nedžad, Šašivarević",M,2000-12-29,['member'],['Stranka za Bosnu i Hercegovinu'],['Centre'],['Unicameralism']
BA-VilićRamiz,"Ramiz, Vilić",M,2000-12-29,['member'],['Stranka demokratske akcije'],['Centre-right to right'],['Unicameralism']
BA-VukićZdenko,"Zdenko, Vukić",M,2000-12-29,['member'],['Hrvatska demokratska zajednica Bosne i Hercegovine'],['Centre-right'],['Unicameralism']
BA-ZaćiragićEmina,"Emina, Zaćiragić",F,2000-12-29,['member'],['Stranka za Bosnu i Hercegovinu'],['Centre'],['Unicameralism']
BA-ĆemanMirsad,"Mirsad, Ćeman",M,2002-12-03,['member'],['Stranka demokratske akcije'],['Centre-right to right'],['Unicameralism']
BA-BelkićBeriz,"Beriz, Belkić",M,2002-12-03,['member'],['Stranka za Bosnu i Hercegovinu'],['Centre'],['Unicameralism']
BA-DurakovićNijaz,"Nijaz, Duraković",M,2002-12-03,['member'],['Stranka za Bosnu i Hercegovinu'],['Centre'],['Unicameralism']
BA-AndrićFilip,"Filip, Andrić",M,2002-12-03,['member'],['Hrvatska demokratska zajednica Bosne i Hercegovine'],['Centre-right'],['Unicameralism']
BA-BešlagićSelim,"Selim, Bešlagić",M,2002-12-03,['member'],['Socijaldemokratska partija Bosne i Hercegovine'],['Centre-left'],['Unicameralism']
BA-AltićMuhamed,"Muhamed, Altić",M,2002-12-03,['member'],['Stranka penzionera-umirovljenika BiH'],[nan],['Unicameralism']
BA-BlagojevićMirko,"Mirko, Blagojević",M,2002-12-03,['member'],['Srpska radikalna stranka Republike Srpske'],['Right'],['Unicameralism']
BA-FelićHazim,"Hazim, Felić",M,2002-12-03,['member'],['Stranka demokratske akcije'],['Centre-right to right'],['Unicameralism']
BA-HadžićIzet,"Izet, Hadžić",M,2002-12-03,['member'],['Stranka demokratske akcije'],['Centre-right to right'],['Unicameralism']
BA-JahićElmir,"Elmir, Jahić",M,2002-12-03,['member'],['Stranka demokratske akcije'],['Centre-right to right'],['Unicameralism']
BA-HadžiahmetovićAzra,"Azra, Hadžiahmetović",F,2002-12-03,['member'],['Stranka za Bosnu i Hercegovinu'],['Centre'],['Unicameralism']
BA-HuskićAdem,"Adem, Huskić",M,2002-12-03,['member'],['Stranka za Bosnu i Hercegovinu'],['Centre'],['Unicameralism']
BA-KapetanovićSenija,"Senija, Kapetanović",F,2002-12-03,['member'],['Stranka za Bosnu i Hercegovinu'],['Centre'],['Unicameralism']
BA-KomšićVlatka,"Vlatka, Komšić",F,2002-12-03,['member'],['Hrvatska demokratska zajednica Bosne i Hercegovine'],['Centre-right'],['Unicameralism']
BA-JovanovićMiloš,"Miloš, Jovanović",M,2002-12-03,['member'],['Srpska demokratska stranka'],['Centre-right to right'],['Unicameralism']
BA-ĐurkovićJelina,"Jelina, Đurković",F,2002-12-03,['member'],['Partija demokratskog progresa'],['Centre to centre-right'],['Unicameralism']
BA-LehoFatima,"Fatima, Leho",F,2002-12-03,['member'],['Stranka demokratske akcije'],['Centre-right to right'],['Unicameralism']
BA-MlaćoNadžida,"Nadžida, Mlaćo",F,2002-12-03,['member'],['Stranka demokratske akcije'],['Centre-right to right'],['Unicameralism']
BA-MoranjkićMuhamed,"Muhamed, Moranjkić",M,2002-12-03,['member'],['Bosanska stranka'],['Left'],['Unicameralism']
BA-MilićevićLjiljana,"Ljiljana, Milićević",F,2002-12-03,['member'],['Srpska demokratska stranka'],['Centre-right to right'],['Unicameralism']
BA-MišićNenad,"Nenad, Mišić",M,2002-12-03,['member'],['Srpska demokratska stranka'],['Centre-right to right'],['Unicameralism']
BA-KunićPetar,"Petar, Kunić",M,2002-12-03,['member'],"['Demokratski narodni savez', 'Partija demokratskog progresa']","['Centre-right', 'Centre to centre-right']",['Unicameralism']
BA-KrižanovićJozo,"Jozo, Križanović",M,2002-12-03,['member'],['Socijaldemokratska partija Bosne i Hercegovine'],['Centre-left'],['Unicameralism']
BA-UšanovićMubera,"Mubera, Ušanović",F,2002-12-03,['member'],['Stranka demokratske akcije'],['Centre-right to right'],['Unicameralism']
BA-SipovićMirsad,"Mirsad, Sipović",M,2002-12-03,['member'],['Stranka demokratske akcije'],['Centre-right to right'],['Unicameralism']
BA-SuljkanovićMehmed,"Mehmed, Suljkanović",M,2002-12-03,['member'],['Stranka za Bosnu i Hercegovinu'],['Centre'],['Unicameralism']
BA-SoptaRuža,"Ruža, Sopta",F,2002-12-03,['member'],['Hrvatska demokratska zajednica Bosne i Hercegovine'],['Centre-right'],['Unicameralism']
BA-PotočnikMladen,"Mladen, Potočnik",M,2002-12-03,['member'],['Ekonomski blok'],[nan],['Unicameralism']
BA-NakašAbdulah,"Abdulah, Nakaš",M,2002-12-03,['member'],['Stranka demokratske akcije'],['Centre-right to right'],['Unicameralism']
BA-ŽilićMehmed,"Mehmed, Žilić",M,2002-12-03,['member'],['Stranka demokratske akcije'],['Centre-right to right'],['Unicameralism']
BA-ŽivkovićMilorad,"Milorad, Živković",M,2002-12-03,['member'],['Savez nezavisnih socijaldemokrata'],['Syncretic politics'],['Unicameralism']
BA-DolićRifat,"Rifat, Dolić",M,2006-11-20,['member'],['Demokratska narodna zajednica BiH'],['Big tent'],['Unicameralism']
BA-AjanovićEkrem,"Ekrem, Ajanović",M,2006-11-20,['member'],['Stranka za Bosnu i Hercegovinu'],['Centre'],['Unicameralism']
BA-AlajbegovićAzra,"Azra, Alajbegović",F,2006-11-20,['member'],['Stranka za Bosnu i Hercegovinu'],['Centre'],['Unicameralism']
BA-BahtićSadik,"Sadik, Bahtić",M,2006-11-20,['member'],['Stranka za Bosnu i Hercegovinu'],['Centre'],['Unicameralism']
BA-BećirovićDenis,"Denis, Bećirović",M,2006-11-20,['member'],['Socijaldemokratska partija Bosne i Hercegovine'],['Centre-left'],['Unicameralism']
BA-HalilovićSefer,"Sefer, Halilović",M,2006-11-20,['member'],['Bosanskohercegovačka patriotska stranka'],['Centre-right'],['Unicameralism']
BA-IzetbegovićBakir,"Bakir, Izetbegović",M,2006-11-20,['member'],['Stranka demokratske akcije'],['Centre-right to right'],['Unicameralism']
BA-IvankovićLijanovićJerko,"Jerko, Ivanković Lijanović",M,2006-11-20,['member'],['Narodna stranka Radom za boljitak'],['Centre'],['Unicameralism']
BA-JamakosmanovićSead,"Sead, Jamakosmanović",M,2006-11-20,['member'],['Stranka demokratske akcije'],['Centre-right to right'],['Unicameralism']
BA-JašarevićBajazit,"Bajazit, Jašarević",M,2006-11-20,['member'],['Stranka demokratske akcije'],['Centre-right to right'],['Unicameralism']
BA-JovičićSlavko,"Slavko, Jovičić",M,2006-11-20,['member'],['Savez nezavisnih socijaldemokrata'],['Syncretic politics'],['Unicameralism']
BA-KadrićRemzija,"Remzija, Kadrić",M,2006-11-20,['member'],['Stranka za Bosnu i Hercegovinu'],['Centre'],['Unicameralism']
BA-KalabićDrago,"Drago, Kalabić",M,2006-11-20,['member'],['Savez nezavisnih socijaldemokrata'],['Syncretic politics'],['Unicameralism']
BA-LozančićNiko,"Niko, Lozančić",M,2006-11-20,['member'],"['Koalicija HDZ-HK-HNZ', 'Hrvatska demokratska zajednica Bosne i Hercegovine']","['Centre-right', 'Centre-right']",['Unicameralism']
BA-MalićMirjana,"Mirjana, Malić",F,2006-11-20,['member'],['Socijaldemokratska partija Bosne i Hercegovine'],['Centre-left'],['Unicameralism']
BA-MarkovićMilica,"Milica, Marković",F,2006-11-20,['member'],['Savez nezavisnih socijaldemokrata'],['Syncretic politics'],['Unicameralism']
BA-MehmedovićŠemsudin,"Šemsudin, Mehmedović",M,2006-11-20,['member'],['Stranka demokratske akcije'],['Centre-right to right'],['Unicameralism']
BA-MatićSlavko,"Slavko, Matić",M,2006-11-20,['member'],['Koalicija HDZ-HK-HNZ'],['Centre-right'],['Unicameralism']
BA-KuzmanovićŽeljko,"Željko, Kuzmanović",M,2006-11-20,['member'],['Savez nezavisnih socijaldemokrata'],['Syncretic politics'],['Unicameralism']
BA-MilašinLjiljana,"Ljiljana, Milašin",F,2006-11-20,['member'],['Demokratski narodni savez'],['Centre-right'],['Unicameralism']
BA-KlokićLejla,"Lejla, Klokić",F,2006-11-20,['member'],['Stranka demokratske akcije'],['Centre-right to right'],['Unicameralism']
BA-NanićHusein,"Husein, Nanić",M,2006-11-20,['member'],['Stranka demokratske akcije'],['Centre-right to right'],['Unicameralism']
BA-OkolićMirko,"Mirko, Okolić",M,2006-11-20,['member'],['Srpska demokratska stranka'],['Centre-right to right'],['Unicameralism']
BA-ProdanovićLazar,"Lazar, Prodanović",M,2006-11-20,['member'],['Savez nezavisnih socijaldemokrata'],['Syncretic politics'],['Unicameralism']
BA-SokolovićSalko,"Salko, Sokolović",M,2006-11-20,['member'],['Stranka demokratske akcije'],['Centre-right to right'],['Unicameralism']
BA-ŠainVesna,"Vesna, Šain",F,2006-11-20,['member'],['Savez nezavisnih socijaldemokrata'],['Syncretic politics'],['Unicameralism']
BA-ZaimovićUzunovićNermina,"Nermina, Zaimović-Uzunović",F,2006-11-20,['member'],['Socijaldemokratska partija Bosne i Hercegovine'],['Centre-left'],['Unicameralism']
BA-BašićAdnan,"Adnan, Bašić",M,2010-11-30,['member'],['Savez za bolju budućnost'],['Centre-right'],['Unicameralism']
BA-DervozIsmeta,"Ismeta, Dervoz",F,2010-11-30,['member'],['Savez za bolju budućnost'],['Centre-right'],['Unicameralism']
BA-BursaćSaša,"Saša, Bursać",M,2010-11-30,['member'],['Savez nezavisnih socijaldemokrata'],['Syncretic politics'],['Unicameralism']
BA-BojićBorislav,"Borislav, Bojić",M,2010-11-30,['member'],['Srpska demokratska stranka'],['Centre-right to right'],['Unicameralism']
BA-BosićMladen,"Mladen, Bosić",M,2010-11-30,['member'],['Srpska demokratska stranka'],['Centre-right to right'],['Unicameralism']
BA-ĆemalovićNermina,"Nermina, Ćemalović",M,2010-11-30,['member'],['Socijaldemokratska partija Bosne i Hercegovine'],['Centre-left'],['Unicameralism']
BA-DomazetAnto,"Anto, Domazet",M,2010-11-30,['member'],['Socijaldemokratska partija Bosne i Hercegovine'],['Centre-left'],['Unicameralism']
BA-JurišićZvonko,"Zvonko, Jurišić",M,2010-11-30,['member'],['Koalicija Hrvatska demokratska zajednica Bosne i Hercegovine - Hrvatska seljačka stranka - Hrvatska kršćanska demokratska unija Bosne i Hercegovine - Hrvatska stranka prava dr. Ante Starčević - Hrvatska stranka prava Herceg-Bosne'],['Right'],['Unicameralism']
BA-FazlićAmir,"Amir, Fazlić",M,2010-11-30,['member'],['Stranka demokratske akcije'],['Centre-right to right'],['Unicameralism']
BA-JagodićZijad,"Zijad, Jagodić",M,2010-11-30,['member'],['Stranka demokratske akcije'],['Centre-right to right'],['Unicameralism']
BA-ĐugumMirsad,"Mirsad, Đugum",M,2010-11-30,['member'],['Savez za bolju budućnost'],['Centre-right'],['Unicameralism']
BA-KabilEmir,"Emir, Kabil",M,2010-11-30,['member'],['Savez za bolju budućnost'],['Centre-right'],['Unicameralism']
BA-IvankovićLijanovićMladen,"Mladen, Ivanković Lijanović",M,2010-11-30,['member'],['Narodna stranka Radom za boljitak'],['Centre'],['Unicameralism']
BA-FranjičevićMato,"Mato, Franjičević",M,2010-11-30,['member'],['Hrvatska demokratska zajednica Bosne i Hercegovine'],['Centre-right'],['Unicameralism']
BA-MagazinovićSaša,"Saša, Magazinović",M,2010-11-30,['member'],['Socijaldemokratska partija Bosne i Hercegovine'],['Centre-left'],['Unicameralism']
BA-MartinovićDanijela,"Danijela, Martinović",F,2010-11-30,['member'],['Socijaldemokratska partija Bosne i Hercegovine'],['Centre-left'],['Unicameralism']
BA-KrstovićSpremoVesna,"Vesna, Krstović-Spremo",F,2010-11-30,['member'],['Partija demokratskog progresa'],['Centre to centre-right'],['Unicameralism']
BA-KušljugićMirza,"Mirza, Kušljugić",M,2010-11-30,['member'],['Socijaldemokratska partija Bosne i Hercegovine'],['Centre-left'],['Unicameralism']
BA-MešićMirsad,"Mirsad, Mešić",M,2010-11-30,['member'],['Socijaldemokratska partija Bosne i Hercegovine'],['Centre-left'],['Unicameralism']
BA-SarajlićAsim,"Asim, Sarajlić",M,2010-11-30,['member'],['Stranka demokratske akcije'],['Centre-right to right'],['Unicameralism']
BA-ŠepićSenad,"Senad, Šepić",M,2010-11-30,['member'],['Stranka demokratske akcije'],['Centre-right to right'],['Unicameralism']
BA-PurićNermin,"Nermin, Purić",M,2010-11-30,['member'],['Demokratska narodna zajednica BiH'],['Big tent'],['Unicameralism']
BA-VrankićDragan,"Dragan, Vrankić",M,2010-11-30,['member'],['Hrvatska demokratska zajednica Bosne i Hercegovine'],['Centre-right'],['Unicameralism']
BA-TomićBoško,"Boško, Tomić",M,2010-11-30,['member'],['Savez nezavisnih socijaldemokrata'],['Syncretic politics'],['Unicameralism']
BA-PandurevićAleksandra,"Aleksandra, Pandurević",F,2010-11-30,['member'],['Srpska demokratska stranka'],['Centre-right to right'],['Unicameralism']
BA-DemirovićSafer,"Safer, Demirović",M,2014-12-09,['member'],['Stranka demokratske akcije'],['Centre-right to right'],['Unicameralism']
BA-AhmetovićSadik,"Sadik, Ahmetović",M,2014-12-09,['member'],[],[],['Unicameralism']
BA-BećirovićDamir,"Damir, Bećirović",M,2014-12-09,['member'],['Demokratska fronta'],['Centre to centre-left'],['Unicameralism']
BA-BeganovićMensura,"Mensura, Beganović",M,2014-12-09,['member'],['Demokratska fronta'],['Centre to centre-left'],['Unicameralism']
BA-ArnautDamir,"Damir, Arnaut",M,2014-12-09,['member'],['Savez za bolju budućnost'],['Centre-right'],['Unicameralism']
BA-BackovićZaim,"Zaim, Backović",M,2014-12-09,['member'],['Bosanskohercegovačka patriotska stranka'],['Centre-right'],['Unicameralism']
BA-KomšićŽeljko,"Željko, Komšić",M,2014-12-09,['member'],['Demokratska fronta'],['Centre to centre-left'],['Unicameralism']
BA-GasalVražalicaMaja,"Maja, Gasal-Vražalica",F,2014-12-09,['member'],['Demokratska fronta'],['Centre to centre-left'],['Unicameralism']
BA-KrčmarĐorđo,"Đorđo, Krčmar",M,2014-12-09,['member'],['Srpska demokratska stranka'],['Centre-right to right'],['Unicameralism']
BA-IsakovićMirsad,"Mirsad, Isaković",M,2014-12-09,['member'],['Savez za bolju budućnost'],['Centre-right'],['Unicameralism']
BA-ĐonlagićMirsad,"Mirsad, Đonlagić",M,2014-12-09,['member'],['Savez za bolju budućnost'],['Centre-right'],['Unicameralism']
BA-KožulPredrag,"Predrag, Kožul",M,2014-12-09,['member'],['Koalicija Hrvatska demokratska zajednica Bosne i Hercegovine - Hrvatska seljačka stranka - Hrvatska kršćanska demokratska unija Bosne i Hercegovine - Hrvatska stranka prava dr. Ante Starčević - Hrvatska stranka prava Herceg-Bosne'],['Right'],['Unicameralism']
BA-EmrićJasmin,"Jasmin, Emrić",M,2014-12-09,['member'],['Stranka demokratske aktivnosti'],['Centre-right'],['Unicameralism']
BA-MilovanovićMiroslav,"Miroslav, Milovanović",M,2014-12-09,['member'],['Savez nezavisnih socijaldemokrata'],['Syncretic politics'],['Unicameralism']
BA-LalićNenad,"Nenad, Lalić",M,2014-12-09,['member'],['Srpska demokratska stranka'],['Centre-right to right'],['Unicameralism']
BA-LovrinovićNikola,"Nikola, Lovrinović",M,2014-12-09,['member'],['Koalicija Hrvatska demokratska zajednica Bosne i Hercegovine - Hrvatska seljačka stranka - Hrvatska kršćanska demokratska unija Bosne i Hercegovine - Hrvatska stranka prava dr. Ante Starčević - Hrvatska stranka prava Herceg-Bosne'],['Right'],['Unicameralism']
BA-VajzovićHanka,"Hanka, Vajzović",F,2014-12-09,['member'],['Demokratska fronta'],['Centre to centre-left'],['Unicameralism']
BA-ŠkaljićFehim,"Fehim, Škaljić",M,2014-12-09,['member'],['Savez za bolju budućnost'],['Centre-right'],['Unicameralism']
BA-TomićMonika,"Monika, Tomić",F,2014-12-09,['member'],['Koalicija Hrvatska demokratska zajednica Bosne i Hercegovine - Hrvatska seljačka stranka - Hrvatska kršćanska demokratska unija Bosne i Hercegovine - Hrvatska stranka prava dr. Ante Starčević - Hrvatska stranka prava Herceg-Bosne'],['Right'],['Unicameralism']
BA-ZelenikaDiana,"Diana, Zelenika",F,2014-12-09,['member'],['Hrvatska demokratska zajednica 1991'],['Centre-right'],['Unicameralism']
BA-VukovljakJovan,"Jovan, Vukovljak",M,2014-12-09,['member'],['Demokratski narodni savez'],['Centre-right'],['Unicameralism']
BA-BradaraLidija,"Lidija, Bradara",F,2018-12-06,['member'],['Hrvatska demokratska zajednica Bosne i Hercegovine'],['Centre-right'],['Unicameralism']
BA-MiletićZlatko,"Zlatko, Miletić",M,2018-12-06,['member'],[],[],['Unicameralism']
BA-PendešMarina,"Marina, Pendeš",F,2015-04-01,"['member', 'minister']",['Hrvatska demokratska zajednica Bosne i Hercegovine'],['Centre-right'],['Unicameralism']
BA-BaručijaAida,"Aida, Baručija",F,2018-12-06,['member'],['Nezavisni blok'],['Big tent'],['Unicameralism']
BA-BegićZlatan,"Zlatan, Begić",M,2018-12-06,['member'],['Demokratska fronta'],['Centre to centre-left'],['Unicameralism']
BA-BijedićEnver,"Enver, Bijedić",M,2018-12-06,['member'],[],[],['Unicameralism']
BA-BogdanićDragan,"Dragan, Bogdanić",M,2018-12-06,['member'],['Savez nezavisnih socijaldemokrata'],['Syncretic politics'],['Unicameralism']
BA-BorenovićBranislav,"Branislav, Borenović",M,2018-12-06,['member'],['Partija demokratskog progresa'],['Centre to centre-right'],['Unicameralism']
BA-DedićŠemsudin,"Šemsudin, Dedić",M,2018-12-06,['member'],['Stranka demokratske akcije'],['Centre-right to right'],['Unicameralism']
BA-ĐapoEdita,"Edita, Đapo",F,2018-12-06,['member'],['Savez za bolju budućnost'],['Centre-right'],['Unicameralism']
BA-ĐonlagićDženan,"Dženan, Đonlagić",M,2018-12-06,['member'],['Demokratska fronta'],['Centre to centre-left'],['Unicameralism']
BA-FilipovićDarijana,"Darijana, Filipović",F,2018-12-06,['member'],['Koalicija Hrvatska demokratska zajednica Bosne i Hercegovine - Hrvatska seljačka stranka - Hrvatska kršćanska demokratska unija Bosne i Hercegovine - Hrvatska stranka prava dr. Ante Starčević - Hrvatska stranka prava Herceg-Bosne'],['Right'],['Unicameralism']
BA-GalićJakov,"Jakov, Galić",M,2018-12-06,['member'],['Socijalistička Partija'],['Centre-left'],['Unicameralism']
BA-GlavašVlatko,"Vlatko, Glavaš",M,2018-12-06,['member'],['Demokratska fronta'],['Centre to centre-left'],['Unicameralism']
BA-HelezZukan,"Zukan, Helez",M,2018-12-06,['member'],['Socijaldemokratska partija Bosne i Hercegovine'],['Centre-left'],['Unicameralism']
BA-KojovićPredrag,"Predrag, Kojović",M,2018-12-06,['member'],['Naša stranka'],['Centre to centre-left'],['Unicameralism']
BA-KukićMirsad,"Mirsad, Kukić",M,2018-12-06,['member'],['Pokret demokratske akcije'],['Centre-right'],['Unicameralism']
BA-MandraNermin,"Nermin, Mandra",M,2018-12-06,['member'],['Stranka demokratske akcije'],['Centre-right to right'],['Unicameralism']
BA-MarinkovićLepićMirjana,"Mirjana, Marinković – Lepić",F,2018-12-06,['member'],['Naša stranka'],['Centre to centre-left'],['Unicameralism']
BA-MatanovićMijo,"Mijo, Matanović",M,2018-12-06,['member'],['Koalicija Hrvatska demokratska zajednica Bosne i Hercegovine - Hrvatska seljačka stranka - Hrvatska kršćanska demokratska unija Bosne i Hercegovine - Hrvatska stranka prava dr. Ante Starčević - Hrvatska stranka prava Herceg-Bosne'],['Right'],['Unicameralism']
BA-MektićDragan,"Dragan, Mektić",F,2015-03-31,"['member', 'minister']",['Srpska demokratska stranka'],['Centre-right to right'],['Unicameralism']
BA-MiljanovićLjubica,"Ljubica, Miljanović",F,2018-12-06,['member'],['Savez nezavisnih socijaldemokrata'],['Syncretic politics'],['Unicameralism']
BA-MladinaNada,"Nada, Mladina",F,2018-12-06,['member'],['Socijaldemokratska partija Bosne i Hercegovine'],['Centre-left'],['Unicameralism']
BA-MušićEdin,"Edin, Mušić",M,2018-12-06,['member'],['Stranka demokratske akcije'],['Centre-right to right'],['Unicameralism']
BA-NešićNenad,"Nenad, Nešić",M,2018-12-06,['member'],['Demokratski narodni savez'],['Centre-right'],['Unicameralism']
BA-NikšićNermin,"Nermin, Nikšić",M,2018-12-06,['member'],['Socijaldemokratska partija Bosne i Hercegovine'],['Centre-left'],['Unicameralism']
BA-NovakovićBursaćSnježana,"Snježana, Novaković – Bursać",F,2018-12-06,['member'],['Savez nezavisnih socijaldemokrata'],['Syncretic politics'],['Unicameralism']
BA-OsmanovićAdil,"Adil, Osmanović",M,2015-04-01,"['member', 'minister']",['Stranka demokratske akcije'],['Centre-right to right'],['Unicameralism']
BA-PekićMira,"Mira, Pekić",F,2018-12-06,['member'],['Partija demokratskog progresa'],['Centre to centre-right'],['Unicameralism']
BA-PetrovićObren,"Obren, Petrović",M,2018-12-06,['member'],['Srpska demokratska stranka'],['Centre-right to right'],['Unicameralism']
BA-StevandićNenad,"Nenad, Stevandić",M,2018-12-06,['member'],['Savez nezavisnih socijaldemokrata'],['Syncretic politics'],['Unicameralism']
BA-ŠarovićMirko,"Mirko, Šarović",M,2015-04-01,"['member', 'minister']",['Srpska demokratska stranka'],['Centre-right to right'],['Unicameralism']
BA-VulićSanja,"Sanja, Vulić",F,2018-12-06,['member'],['Savez nezavisnih socijaldemokrata'],['Syncretic politics'],['Unicameralism']
BA-ZvizdićDenis,"Denis, Zvizdić",M,2018-12-06,['member'],[],[],['Unicameralism']
BA-TegeltijaMilan,"Milan, Tegeltija",nan,nan,[],[],[],[]
BA-LjubićDamir,"Damir, Ljubić",nan,2012-01-12,['minister'],[],[],[]
BA-ErićSavo,"Savo, Erić",nan,nan,[],[],[],[]
BA-MikićStjepan,"Stjepan, Mikić",nan,nan,[],[],[],[]
BA-ĆosićIvan,"Ivan, Ćosić",nan,nan,[],[],[],[]
BA-VukojaMarin,"Marin, Vukoja",nan,nan,[],[],[],[]
BA-ČorićNino,"Nino, Čorić",nan,nan,[],[],[],[]
BA-TodorovićBranka,"Branka, Todorović",nan,nan,[],[],[],[]
BA-ŠegotNikola,"Nikola, Šegot",nan,nan,[],[],[],[]
BA-CrnadakIgor,"Igor, Crnadak",nan,2015-04-01,['minister'],[],[],[]
BA-TulumovićMuhamed,"Muhamed, Tulumović",nan,nan,[],[],[],[]
BA-PrlićJadranko,"Jadranko, Prlić",nan,nan,[],[],[],[]
BA-HalilagićJusuf,"Jusuf, Halilagić",nan,nan,[],[],[],[]
BA-PilavaAmir,"Amir, Pilava",nan,nan,[],[],[],[]
BA-BisićMustafa,"Mustafa, Bisić",nan,nan,[],[],[],[]
BA-MlaćoDževad,"Dževad, Mlaćo",nan,nan,[],[],[],[]
BA-KovićGordana,"Gordana, Ković",nan,nan,[],[],[],[]
BA-ŠakotaRanko,"Ranko, Šakota",nan,nan,[],[],[],[]
BA-MikerevićDragan,"Dragan, Mikerević",nan,nan,[],[],[],[]
BA-ČamparaAljoša,"Aljoša, Čampara",nan,nan,[],[],[],[]
BA-RudovićVido,"Vido, Rudović",nan,nan,[],[],[],[]
BA-PejićNikola,"Nikola, Pejić",nan,nan,[],[],[],[]
BA-ŠakotaEduard,"Eduard, Šakota",nan,nan,[],[],[],[]
BA-KaramehićSelim,"Selim, Karamehić",nan,nan,[],[],[],[]
BA-KremenovićOstoja,"Ostoja, Kremenović",nan,nan,[],[],[],[]
BA-TuševljakMilorad,"Milorad, Tuševljak",nan,nan,[],[],[],[]
BA-ParavacBorislav,"Borislav, Paravac",nan,nan,[],[],[],[]
BA-NišićSvetozar,"Svetozar, Nišić",nan,nan,[],[],[],[]
BA-PrimoracVilim,"Vilim, Primorac",nan,nan,[],[],[],[]
BA-MišićIvica,"Ivica, Mišić",nan,nan,[],[],[],[]
BA-HodžićSead,"Sead, Hodžić",nan,nan,[],[],[],[]
BA-KovačevićMatko,"Matko, Kovačević",nan,nan,[],[],[],[]
BA-MačkićSead,"Sead, Mačkić",nan,nan,[],[],[],[]
BA-ArnautBoriša,"Boriša, Arnaut",nan,nan,[],[],[],[]
BA-KoraćLidija,"Lidija, Korać",nan,nan,[],[],[],[]
BA-VukojeMarin,"Marin, Vukoje",nan,nan,[],[],[],[]
BA-SadovićTarik,"Tarik, Sadović",nan,nan,[],[],[],[]
BA-ArnautovićSuad,"Suad, Arnautović",nan,nan,[],[],[],[]
BA-HadžagićEsma,"Esma, Hadžagić",nan,nan,[],[],[],[]
BA-JelavićAnte,"Ante, Jelavić",nan,nan,[],[],[],[]
BA-VejoDamir,"Damir, Vejo",nan,nan,[],[],[],[]
BA-ZekovićMilad,"Milad, Zeković",nan,nan,[],[],[],[]
BA-BegićMustafa,"Mustafa, Begić",nan,nan,[],[],[],[]
BA-KrsmanRanko,"Ranko, Krsman",nan,nan,[],[],[],[]
BA-ŽivaljHusein,"Husein, Živalj",nan,nan,[],[],[],[]
BA-MijatovićVojin,"Vojin, Mijatović",nan,nan,[],[],[],[]
BA-BevandaVjekoslav,"Vjekoslav, Bevanda",nan,2015-04-01,['minister'],[],[],[]
BA-KasumovićFuad,"Fuad, Kasumović",nan,nan,[],[],[],[]
BA-AlijagićAmila,"Amila, Alijagić",nan,nan,[],[],[],[]
BA-RečicaNudžeim,"Nudžeim, Rečica",nan,nan,[],[],[],[]
BA-KlobučarŽeljka,"Željka, Klobučar",nan,nan,[],[],[],[]
BA-HadžibegoćReuf,"Reuf, Hadžibegoć",nan,nan,[],[],[],[]
BA-AndrićLužanskiIvo,"Ivo, Andrić Lužanski",nan,nan,[],[],[],[]
BA-HadţiabdićIrena,"Irena, Hadţiabdić",nan,nan,[],[],[],[]
BA-AšaninMarko,"Marko, Ašanin",nan,nan,[],[],[],[]
BA-LasićMile,"Mile, Lasić",nan,nan,[],[],[],[]
BA-BoškoŠiljeković,"Šiljeković, Boško",nan,nan,[],[],[],[]
BA-KupusovićNamik,"Namik, Kupusović",nan,nan,[],[],[],[]
BA-TinjakHamdo,"Hamdo, Tinjak",nan,nan,[],[],[],[]
BA-PašićHilmo,"Hilmo, Pašić",nan,nan,[],[],[],[]
BA-HaverićFadil,"Fadil, Haverić",nan,nan,[],[],[],[]
BA-RadovanovićBećirbašić,"Bećirbašić, Radovanović",nan,nan,[],[],[],[]
BA-MušovićSamir,"Samir, Mušović",nan,nan,[],[],[],[]
BA-DžafićSuad,"Suad, Džafić",nan,nan,[],[],[],[]
BA-CrnčevićBranislava,"Branislava, Crnčević",nan,nan,[],[],[],[]
BA-KlačarRajka,"Rajka, Klačar",nan,nan,[],[],[],[]
BA-MekićDragiša,"Dragiša, Mekić",nan,nan,[],[],[],[]
BA-LučićMiloš,"Miloš, Lučić",nan,2020-05-15,['minister'],[],[],[]
BA-NikićStjepan,"Stjepan, Nikić",nan,nan,[],[],[],[]
BA-SrkalovićMuris,"Muris, Srkalović",nan,nan,[],[],[],[]
BA-TešanovićZoran,"Zoran, Tešanović",nan,nan,[],[],[],[]
BA-DurakovićKemal,"Kemal, Duraković",nan,nan,[],[],[],[]
BA-VilićMedina,"Medina, Vilić",nan,nan,[],[],[],[]
BA-LažetićDragana,"Dragana, Lažetić",nan,nan,[],[],[],[]
BA-TrnkaKasim,"Kasim, Trnka",nan,nan,[],[],[],[]
BA-RadovanovićNikola,"Nikola, Radovanović",nan,nan,[],[],[],[]
BA-PejićIgor,"Igor, Pejić",nan,nan,[],[],[],[]
BA-EždaunPedi,"Pedi, Eždaun",nan,nan,[],[],[],[]
BA-DžakulaMiro,"Miro, Džakula",nan,nan,[],[],[],[]
BA-MarjanovićDarko,"Darko, Marjanović",nan,nan,[],[],[],[]
BA-BogdanovićRadomir,"Radomir, Bogdanović",nan,nan,[],[],[],[]
BA-MihajlovićSvetozar,"Svetozar, Mihajlović",nan,nan,[],[],[],[]
BA-RijanićŽeljko,"Željko, Rijanić",nan,nan,[],[],[],[]
BA-GrbićAnto,"Anto, Grbić",nan,nan,[],[],[],[]
BA-PilicaJasmin,"Jasmin, Pilica",nan,nan,[],[],[],[]
BA-StanišićRajka,"Rajka, Stanišić",nan,nan,[],[],[],[]
BA-SalihovićGoran,"Goran, Salihović",nan,nan,[],[],[],[]
BA-TerizićAdnan,"Adnan, Terizić",nan,nan,[],[],[],[]
BA-BosićBoro,"Boro, Bosić",nan,nan,[],[],[],[]
BA-TopićLidija,"Lidija, Topić",nan,nan,[],[],[],[]
BA-ĐurđićNeđo,"Neđo, Đurđić",nan,nan,[],[],[],[]
BA-DumančićVinko,"Vinko, Dumančić",nan,nan,[],[],[],[]
BA-MarinovićIvica,"Ivica, Marinović",nan,nan,[],[],[],[]
BA-EnesBećirbašić,"Bećirbašić, Enes",nan,nan,[],[],[],[]
BA-MiletićMate,"Mate, Miletić",nan,nan,[],[],[],[]
BA-TrišićLjiljana,"Ljiljana, Trišić",nan,nan,[],[],[],[]
BA-OdobašićIzet,"Izet, Odobašić",nan,nan,[],[],[],[]
BA-GudeljevićAnkica,"Ankica, Gudeljević",nan,2019-12-24,['minister'],[],[],[]
BA-BektoSamir,"Samir, Bekto",nan,nan,[],[],[],[]
BA-PrimoracDražen,"Dražen, Primorac",nan,nan,[],[],[],[]
BA-ŠerifovićSabrija,"Sabrija, Šerifović",nan,nan,[],[],[],[]
BA-PudarZorka,"Zorka, Pudar",nan,nan,[],[],[],[]
BA-StanićRadenko,"Radenko, Stanić",nan,nan,[],[],[],[]
BA-MiletićIvan,"Ivan, Miletić",nan,nan,[],[],[],[]
BA-ŽigićJasenka,"Jasenka, Žigić",nan,nan,[],[],[],[]
BA-KumalićJusuf,"Jusuf, Kumalić",nan,nan,[],[],[],[]
BA-PašalićIvica,"Ivica, Pašalić",nan,nan,[],[],[],[]
BA-KozarićRahmanLamija,"Lamija, Kozarić Rahman",nan,nan,[],[],[],[]
BA-ZovkoMirko,"Mirko, Zovko",nan,nan,[],[],[],[]
BA-NinkovićBojan,"Bojan, Ninković",nan,nan,[],[],[],[]
BA-DivčićIvo,"Ivo, Divčić",nan,nan,[],[],[],[]
BA-ĆosićGoran,"Goran, Ćosić",nan,nan,[],[],[],[]
BA-TadićGordana,"Gordana, Tadić",nan,nan,[],[],[],[]
BA-PelivanJure,"Jure, Pelivan",nan,nan,[],[],[],[]
BA-KrajtmerVinko,"Vinko, Krajtmer",nan,nan,[],[],[],[]
BA-JusićSead,"Sead, Jusić",nan,nan,[],[],[],[]
BA-DragutinIlić,"Ilić, Dragutin",nan,nan,[],[],[],[]
BA-IsakovićMunib,"Munib, Isaković",nan,nan,[],[],[],[]
BA-JukićNives,"Nives, Jukić",nan,nan,[],[],[],[]
BA-ŠantićAhmet,"Ahmet, Šantić",nan,nan,[],[],[],[]
BA-PalavrćSeada,"Seada, Palavrć",nan,nan,[],[],[],[]
BA-KojićSavo,"Savo, Kojić",nan,nan,[],[],[],[]
BA-BegićMuhamed,"Muhamed, Begić",nan,nan,[],[],[],[]
BA-RadovićNade,"Nade, Radović",nan,nan,[],[],[],[]
BA-SadikovićTarik,"Tarik, Sadiković",nan,nan,[],[],[],[]
BA-GrubešaJosip,"Josip, Grubeša",nan,2015-04-01,['minister'],[],[],[]
BA-ZeljkoZoran,"Zoran, Zeljko",nan,nan,[],[],[],[]
BA-RackovićĐorđe,"Đorđe, Racković",nan,nan,[],[],[],[]
BA-KneževićŽeljko,"Željko, Knežević",nan,nan,[],[],[],[]
BA-ĐerićDelivoje,"Delivoje, Đerić",nan,nan,[],[],[],[]
BA-ŽugaMirsad,"Mirsad, Žuga",nan,nan,[],[],[],[]
BA-CikotićSelmo,"Selmo, Cikotić",nan,2020-07-23,['minister'],[],[],[]
BA-BajrambašićIzet,"Izet, Bajrambašić",nan,nan,[],[],[],[]
BA-MilićevićĐorđe,"Đorđe, Milićević",nan,nan,[],[],[],[]
BA-MuminovićZada,"Zada, Muminović",nan,nan,[],[],[],[]
BA-MarinkovićVaso,"Vaso, Marinković",nan,nan,[],[],[],[]
BA-JukićRužica,"Ružica, Jukić",nan,nan,[],[],[],[]
BA-MilinovićZdenko,"Zdenko, Milinović",nan,nan,[],[],[],[]
BA-IštvanićZlatan,"Zlatan, Ištvanić",nan,nan,[],[],[],[]
BA-ŽivkovićGordana,"Gordana, Živković",nan,nan,[],[],[],[]
BA-ReljićDragoljub,"Dragoljub, Reljić",nan,nan,[],[],[],[]
BA-LakićMilica,"Milica, Lakić",nan,nan,[],[],[],[]
BA-OrtonFrank,"Frank, Orton",nan,nan,[],[],[],[]
BA-DiksonĐoni,"Đoni, Dikson",nan,nan,[],[],[],[]
BA-MiletićDragica,"Dragica, Miletić",nan,nan,[],[],[],[]
BA-PopovićVitomir,"Vitomir, Popović",nan,nan,[],[],[],[]
BA-JancUdo,"Udo, Janc",nan,nan,[],[],[],[]
BA-MešanovićHamed,"Hamed, Mešanović",nan,nan,[],[],[],[]
BA-HadžovićVedran,"Vedran, Hadžović",nan,nan,[],[],[],[]
BA-AntoSpajić,"Spajić, Anto",nan,nan,[],[],[],[]
BA-KovićGordanal,"Gordanal, Ković",nan,nan,[],[],[],[]
BA-SalkičevićDizdarevićErmina,"Ermina, Salkićević Dizdarević",nan,nan,[],[],[],[]
BA-KoprivicaKojo,"Kojo, Koprivica",nan,nan,[],[],[],[]
BA-MalićMilomir,"Milomir, Malić",nan,nan,[],[],[],[]
BA-VignjevićLidija,"Lidija, Vignjević",nan,nan,[],[],[],[]
BA-KeboMirsad,"Mirsad, Kebo",nan,nan,[],[],[],[]
BA-MarinSlavko,"Slavko, Marin",nan,nan,[],[],[],[]
BA-GavranDušan,"Dušan, Gavran",nan,nan,[],[],[],[]
BA-MitrovićVojin,"Vojin, Mitrović",nan,2019-12-23,['minister'],[],[],[]
BA-KresićMijo,"Mijo, Kresić",nan,nan,[],[],[],[]
BA-LovrićVelimir,"Velimir, Lovrić",nan,nan,[],[],[],[]
BA-ŠpirićIlija,"Ilija, Špirić",nan,nan,[],[],[],[]
BA-ZahirovićŠaban,"Šaban, Zahirović",nan,nan,[],[],[],[]
BA-RizvanbegovićFahrudin,"Fahrudin, Rizvanbegović",nan,nan,[],[],[],[]
BA-MatićBožidar,"Božidar, Matić",nan,nan,[],[],[],[]
BA-PandurevićMiodrag,"Miodrag, Pandurević",nan,nan,[],[],[],[]
BA-PopadićMilana,"Milana, Popadić",nan,nan,[],[],[],[]
BA-JelečSead,"Sead, Jeleč",nan,nan,[],[],[],[]
BA-MahmutovićDževad,"Dževad, Mahmutović",nan,nan,[],[],[],[]
BA-MuratovićZakira,"Zakira, Muratović",nan,nan,[],[],[],[]
BA-UsoracVladimir,"Vladimir, Usorac",nan,nan,[],[],[],[]
BA-ZubakKrešimir,"Krešimir, Zubak",nan,nan,[],[],[],[]
BA-MatanovićSlavko,"Slavko, Matanović",nan,2015-04-01,['minister'],[],[],[]
BA-DžumhurJasminka,"Jasminka, Džumhur",nan,nan,[],[],[],[]
BA-HamondPhilip,"Philip, Hamond",nan,nan,[],[],[],[]
BA-ŠehićVehid,"Vehid, Šehić",nan,nan,[],[],[],[]
BA-RaduljSlobodan,"Slobodan, Radulj",nan,nan,[],[],[],[]
BA-BlocerPiter,"Piter, Blocer",nan,nan,[],[],[],[]
BA-RidžalNaida,"Naida, Ridžal",nan,nan,[],[],[],[]
BA-RadišićŽivko,"Živko, Radišić",nan,nan,[],[],[],[]
BA-LovrićLjiljana,"Ljiljana, Lovrić",nan,nan,[],[],[],[]
BA-RizvoSamir,"Samir, Rizvo",nan,nan,[],[],[],[]
BA-PandurevićMilorad,"Milorad, Pandurević",nan,nan,[],[],[],[]
BA-JurčevićMarinko,"Marinko, Jurčević",nan,nan,[],[],[],[]
BA-MarkovićPero,"Pero, Marković",nan,nan,[],[],[],[]
BA-DžonsonRasellord,"Rasellord, Džonson",nan,nan,[],[],[],[]
BA-MiočGabrijel,"Gabrijel, Mioč",nan,nan,[],[],[],[]
BA-LisakSead,"Sead, Lisak",nan,nan,[],[],[],[]
BA-MašinovićMuharem,"Muharem, Mašinović",nan,nan,[],[],[],[]
BA-LimovTihomir,"Tihomir, Limov",nan,nan,[],[],[],[]
BA-GotovušaEsad,"Esad, Gotovuša",nan,nan,[],[],[],[]
BA-MajićPetar,"Petar, Majić",nan,nan,[],[],[],[]
BA-ĐedovićMuhamed,"Muhamed, Đedović",nan,nan,[],[],[],[]
BA-KozarićKemal,"Kemal, Kozarić",nan,nan,[],[],[],[]
BA-ParavlićSeada,"Seada, Paravlić",nan,nan,[],[],[],[]
BA-ZeljkovićSuad,"Suad, Zeljković",nan,nan,[],[],[],[]
BA-PuhalacSlobodan,"Slobodan, Puhalac",nan,nan,[],[],[],[]
BA-KovačevićDragan,"Dragan, Kovačević",nan,nan,[],[],[],[]
BA-DraganićMilomir,"Milomir, Draganić",nan,nan,[],[],[],[]
BA-BožanićDragan,"Dragan, Božanić",nan,nan,[],[],[],[]
BA-KovačevićMomčilo,"Momčilo, Kovačević",nan,nan,[],[],[],[]
BA-BrankovićNedžad,"Nedžad, Branković",nan,nan,[],[],[],[]
BA-PoljaševićVeselin,"Veselin, Poljašević",nan,nan,[],[],[],[]
BA-ŠmitKristijan,"Kristijan, Šmit",nan,nan,[],[],[],[]
BA-SoftićSenad,"Senad, Softić",nan,nan,[],[],[],[]
BA-KovačPredrag,"Predrag, Kovač",nan,nan,[],[],[],[]
BA-DugandžićVlatko,"Vlatko, Dugandžić",nan,nan,[],[],[],[]
BA-GrubešićNiko,"Niko, Grubešić",nan,nan,[],[],[],[]
BA-PeštoErmin,"Ermin, Pešto",nan,nan,[],[],[],[]
BA-HadžićDamir,"Damir, Hadžić",nan,2012-01-12,['minister'],[],[],[]
BA-PećanacBrane,"Brane, Pećanac",nan,nan,[],[],[],[]
BA-SalkićMirsad,"Mirsad, Salkić",nan,nan,[],[],[],[]
BA-TerzićAdman,"Adman, Terzić",nan,nan,[],[],[],[]
BA-FilipovićErma,"Erma, Filipović",nan,nan,[],[],[],[]
BA-KurnićŽiko,"Žiko, Kurnić",nan,nan,[],[],[],[]
BA-KadrićZijad,"Zijad, Kadrić",nan,nan,[],[],[],[]
BA-BrkićJosip,"Josip, Brkić",nan,nan,[],[],[],[]
BA-JovićPredrag,"Predrag, Jović",nan,nan,[],[],[],[]
BA-KulinaDragan,"Dragan, Kulina",nan,nan,[],[],[],[]
BA-DautbašićBakir,"Bakir, Dautbašić",nan,nan,[],[],[],[]
BA-PivićNezir,"Nezir, Pivić",nan,nan,[],[],[],[]
BA-MerdžoJosip,"Josip, Merdžo",nan,nan,[],[],[],[]
BA-RajilićSnježana,"Snježana, Rajilić",nan,nan,[],[],[],[]
BA-VukovićMirko,"Mirko, Vuković",nan,nan,[],[],[],[]
BA-ŠkrbićMirko,"Mirko, Škrbić",nan,nan,[],[],[],[]
BA-AkšamijaGoran,"Goran, Akšamija",nan,nan,[],[],[],[]
BA-SavićSnježana,"Snježana, Savić",nan,nan,[],[],[],[]
BA-NinkovićRanko,"Ranko, Ninković",nan,nan,[],[],[],[]
BA-LučićMilošJovićNedeljko,"Miloš, Lučić",nan,nan,[],[],[],[]
BA-KrižanovićIvo,"Ivo, Križanović",nan,nan,[],[],[],[]
BA-MandićHelena,"Helena, Mandić",nan,nan,[],[],[],[]
BA-VukovićSlaviša,"Slaviša, Vuković",nan,nan,[],[],[],[]
BA-DilberovićEdin,"Edin, Dilberović",nan,nan,[],[],[],[]
BA-MikićDanijela,"Danijela, Mikić",nan,nan,[],[],[],[]
BA-CrnjakMirjana,"Mirjana, Crnjak",nan,nan,[],[],[],[]
BA-NeškovićDušan,"Dušan, Nešković",nan,nan,[],[],[],[]
BA-TučićBoris,"Boris, Tučić",nan,2013-12-05,['minister'],[],[],[]
BA-PlehHasan,"Hasan, Pleh",nan,nan,[],[],[],[]
BA-MihajlovićBožo,"Božo, Mihajlović",nan,nan,[],[],[],[]
BA-MuratovićHasan,"Hasan, Muratović",nan,nan,[],[],[],[]
BA-MarjanacŽivko,"Živko, Marjanac",nan,nan,[],[],[],[]
BA-AlkalajSven,"Sven, Alkalaj",nan,nan,[],[],[],[]
BA-MađarPero,"Pero, Mađar",nan,nan,[],[],[],[]
BA-SladojeNikola,"Nikola, Sladoje",nan,nan,[],[],[],[]
BA-JerinićBoris,"Boris, Jerinić",nan,nan,[],[],[],[]
BA-DebevecRanko,"Ranko, Debevec",nan,nan,[],[],[],[]
BA-ZirojevićMladen,"Mladen, Zirojević",nan,nan,[],[],[],[]
BA-HadžiabdićIrena,"Irena, Hadžiabdić",nan,nan,[],[],[],[]
BA-TuševljakSpasoje,"Spasoje, Tuševljak",nan,nan,[],[],[],[]
BA-ArnautSrđan,"Srđan, Arnaut",nan,nan,[],[],[],[]
BA-JadrankoTomić,"Tomić, Jadranko",nan,nan,[],[],[],[]
BA-HalilovićEnver,"Enver, Halilović",nan,nan,[],[],[],[]
BA-PuticaMarija,"Marija, Putica",nan,nan,[],[],[],[]
BA-KutlešaZvonimir,"Zvonimir, Kutleša",nan,nan,[],[],[],[]
BA-VukovićVjekoslav,"Vjekoslav, Vuković",nan,nan,[],[],[],[]
BA-DizdarevićEmir,"Emir, Dizdarević",nan,nan,[],[],[],[]
BA-ČavarMladen,"Mladen, Čavar",nan,nan,[],[],[],[]
BA-ImamovićMuharem,"Muharem, Imamović",nan,nan,[],[],[],[]
BA-ČorićValentin,"Valentin, Čorić",nan,nan,[],[],[],[]
BA-SmajićMuhamed,"Muhamed, Smajić",nan,nan,[],[],[],[]
BA-GalićValerija,"Valerija, Galić",nan,nan,[],[],[],[]
BA-TrninićBožana,"Božana, Trninić",nan,nan,[],[],[],[]
BA-PerićBranko,"Branko, Perić",nan,nan,[],[],[],[]
BA-SandićLjubomir,"Ljubomir, Sandić",nan,nan,[],[],[],[]
BA-MandićMladen,"Mladen, Mandić",nan,nan,[],[],[],[]
BA-NikolPiter,"Piter, Nikol",nan,nan,[],[],[],[]
BA-KraguljNikola,"Nikola, Kragulj",nan,nan,[],[],[],[]
BA-LokmićMisiračaJadranka,"Jadranka, Lokmić Misirača",nan,nan,[],[],[],[]
BA-PopadićNada,"Nada, Popadić",nan,nan,[],[],[],[]
BA-TodorovićJovan,"Jovan, Todorović",nan,nan,[],[],[],[]
BA-MilinićGordan,"Gordan, Milinić",nan,nan,[],[],[],[]
BA-JuskoIsmir,"Ismir, Jusko",nan,2016-05-12,['minister'],[],[],[]
BA-PiterNikol,"Nikol, Piter",nan,nan,[],[],[],[]
BA-BašićHaris,"Haris, Bašić",nan,nan,[],[],[],[]
BA-MitrovićHadžiJovan,"Jovan, Mitrović Hadži",nan,nan,[],[],[],[]
BA-TopčagićOsman,"Osman, Topčagić",nan,nan,[],[],[],[]
BA-MervanRamiz,"Ramiz, Mervan",nan,nan,[],[],[],[]
BA-MarićLjerka,"Ljerka, Marić",nan,nan,[],[],[],[]
BA-DejanovićMirko,"Mirko, Dejanović",nan,nan,[],[],[],[]
BA-BorovacSemiha,"Semiha, Borovac",nan,2015-04-01,['minister'],[],[],[]
BA-PerkanovićZoran,"Zoran, Perkanović",nan,nan,[],[],[],[]
BA-AlagićVahid,"Vahid, Alagić",nan,nan,[],[],[],[]
BA-MuharemImamović,"Imamović, Muharem",nan,nan,[],[],[],[]
BA-KovačevićPetar,"Petar, Kovačević",nan,nan,[],[],[],[]
BA-PeštoNermin,"Nermin, Pešto",nan,nan,[],[],[],[]
BA-ŠurjanLaslo,"Laslo, Šurjan",nan,nan,[],[],[],[]
BA-BarašinMilorad,"Milorad, Barašin",nan,nan,[],[],[],[]
BA-MalkićAbduselam,"Abduselam, Malkić",nan,nan,[],[],[],[]
BA-ČečuraZdenka,"Zdenka, Čečura",nan,nan,[],[],[],[]
BA-TegeltijaZoran,"Zoran, Tegeltija",nan,2019-12-23,"['head', 'member']",[],[],[]
BA-DokoDragan,"Dragan, Doko",nan,nan,[],[],[],[]
BA-BećirbašićEnes,"Enes, Bećirbašić",nan,nan,[],[],[],[]
BA-ŠegoMilenko,"Milenko, Šego",nan,nan,[],[],[],[]
BA-OmersoftićAmila,"Amila, Omersoftić",nan,nan,[],[],[],[]
BA-GrabovacMilenko,"Milenko, Grabovac",nan,nan,[],[],[],[]
BA-KrešićMijo,"Mijo, Krešić",nan,nan,[],[],[],[]
BA-VidovićRudo,"Rudo, Vidović",nan,nan,[],[],[],[]
BA-FočoDženita,"Dženita, Fočo",nan,nan,[],[],[],[]
BA-HadžiJovan,"Jovan, Hadži",nan,nan,[],[],[],[]
BA-SavićNevenka,"Nevenka, Savić",nan,nan,[],[],[],[]
BA-DalipagićSaša,"Saša, Dalipagić",nan,nan,[],[],[],[]
BA-ZjajićMilan,"Milan, Zjajić",nan,nan,[],[],[],[]
BA-TomićNeven,"Neven, Tomić",nan,nan,[],[],[],[]
BA-NovkovićMilorad,"Milorad, Novković",nan,nan,[],[],[],[]
BA-LekoDamir,"Damir, Leko",nan,nan,[],[],[],[]
BA-HuremovićMehmedalija,"Mehmedalija, Huremović",nan,nan,[],[],[],[]
BA-BošnjakJovica,"Jovica, Bošnjak",nan,nan,[],[],[],[]
BA-SamardžijaŽeljko,"Željko, Samardžija",nan,nan,[],[],[],[]
BA-EstreljaRafael,"Rafael, Estrelja",nan,nan,[],[],[],[]
BA-AšimićIlij,"Ilij, Ašimić",nan,nan,[],[],[],[]
BA-ŠekaraMirko,"Mirko, Šekara",nan,nan,[],[],[],[]
BA-KurtovićMirsad,"Mirsad, Kurtović",nan,nan,[],[],[],[]
BA-HurtićZlatko,"Zlatko, Hurtić",nan,nan,[],[],[],[]
BA-KapetinaDragan,"Dragan, Kapetina",nan,nan,[],[],[],[]
BA-NekićDževad,"Dževad, Nekić",nan,nan,[],[],[],[]
BA-DizdarevićDamir,"Damir, Dizdarević",nan,nan,[],[],[],[]
BA-IbrahimovićFadila,"Fadila, Ibrahimović",nan,nan,[],[],[],[]
BA-TomićJadranko,"Jadranko, Tomić",nan,nan,[],[],[],[]
BA-BožićRadomir,"Radomir, Božić",nan,nan,[],[],[],[]
BA-SarajlićSaša,"Saša, Sarajlić",nan,nan,[],[],[],[]
BA-ČauševićKemal,"Kemal, Čaušević",nan,nan,[],[],[],[]
