name_id,name,gender,term_start,roles,parties,party_orientation,legislative_branch
CZ-AdamKalous.1979,"Adam, Kalous",M,2017-10-21,"['deputyHead', 'head', 'member', 'representative', 'verifier']",['ANO2011'],['Centre to centre-right'],['Lower house']
CZ-AdamRykala.1986,"Adam, Rykala",M,2010-05-29,"['deputyHead', 'head', 'member', 'representative', 'verifier']",['Česká strana sociálně demokratická'],['Centre-left'],['Lower house']
CZ-AdamVojtech.1986,"Adam, Vojtěch",M,2017-10-21,"['member', 'minister', 'representative', 'verifier']",['ANO2011'],['Centre to centre-right'],['Lower house']
CZ-AdelaSipova,"Adéla, Šípová",F,2020-10-10,['member'],[],[],"['Upper house', 'Upper house']"
CZ-AdolfBeznoska.1961,"Adolf, Beznoska",M,2013-10-26,"['head', 'member', 'representative', 'verifier']",['Občanská demokratická strana'],['Centre-right to right'],['Lower house']
CZ-AlenaDernerova,"Alena, Dernerová",F,2017-01-28,['member'],[],[],['Upper house']
CZ-AlenaGajduskova.1954,"Alena, Gajdůšková",F,2002-11-02,"['deputyHead', 'member', 'replacement', 'representative', 'verifier']",['Česká strana sociálně demokratická'],['Centre-left'],"['Lower house', 'Upper house']"
CZ-AlenaNohavova.1960,"Alena, Nohavová",F,2013-10-26,"['deputyHead', 'member', 'representative']",['Komunistická strana Čech a Moravy'],['Left to far-left'],['Lower house']
CZ-AlenaSchillerova.1964,"Alena, Schillerová",F,2017-12-13,"['deputyHead', 'head', 'member', 'minister', 'representative']",['ANO2011'],['Centre to centre-right'],['Lower house']
CZ-AlenaSromova,"Alena, Šromová",F,2014-10-18,['member'],[],[],['Upper house']
CZ-AlesDufek.1973,"Aleš, Dufek",M,2021-10-09,"['deputyHead', 'head', 'member', 'representative']",['Spolu'],['Centre-right'],['Lower house']
CZ-AlesJuchelka.1976,"Aleš, Juchelka",M,2017-10-21,"['deputyHead', 'head', 'member', 'replacement', 'representative']",['ANO2011'],['Centre to centre-right'],['Lower house']
CZ-AlexanderCerny.1953,"Alexander, Černý",M,2002-06-15,"['deputyHead', 'member', 'representative', 'verifier']",['Komunistická strana Čech a Moravy'],['Left to far-left'],['Lower house']
CZ-AndreaBabisova.1972,"Andrea, Babišová",F,2017-10-21,"['head', 'member', 'replacement', 'representative']",['ANO2011'],['Centre to centre-right'],['Lower house']
CZ-AndreaBrzobohata.1971,"Andrea, Brzobohatá",F,2017-10-21,"['deputyHead', 'member', 'replacement', 'representative', 'verifier']",['ANO2011'],['Centre to centre-right'],['Lower house']
CZ-AndrejBabis.1954,"Andrej, Babiš",M,2013-10-26,"['deputyHead', 'head', 'member', 'minister', 'representative']",['ANO2011'],['Centre to centre-right'],['Lower house']
CZ-AndrejDanko,"Andrej, Danko",nan,nan,[],[],[],[]
CZ-AnnaHubackova.1957,"Anna, Hubáčková",F,2016-10-15,"['member', 'minister']",[],[],['Upper house']
CZ-AnnaPutnova.1960,"Anna, Putnová",F,2010-05-29,"['deputyHead', 'head', 'member', 'replacement', 'representative']",['TOP 09'],['Centre-right'],['Lower house']
CZ-AnnaSabatova.1951,"Anna, Šabatová",F,2001-01-25,"['member', 'publicDefenderOfRights', 'vicePublicDefenderOfRights']",[],[],[]
CZ-AntoninPrachar.1962,"Antonín, Prachař",M,2014-01-29,"['member', 'minister']",[],[],[]
CZ-AntoninSeda.1960,"Antonín, Seďa",M,2002-06-15,"['deputyHead', 'head', 'member', 'replacement', 'representative']",['Česká strana sociálně demokratická'],['Centre-left'],['Lower house']
CZ-AntoninStanek.1966,"Antonín, Staněk",M,2017-10-21,"['deputyHead', 'head', 'member', 'minister', 'representative', 'verifier']",['Česká strana sociálně demokratická'],['Centre-left'],['Lower house']
CZ-AntoninTesarik.1960,"Antonín, Tesařík",M,2002-10-22,"['deputyHead', 'member', 'representative']",['Spolu'],['Centre-right'],['Lower house']
CZ-AugustinKarelAndrleSylor.1946,"Augustin Karel, Andrle Sylor",M,2013-10-26,"['deputyHead', 'head', 'member', 'representative', 'verifier']",['Úsvit přímé demokracie Tomia Okamury'],['Far-right'],['Lower house']
CZ-BarboraJelonkova.1972,"Barbora, Jelonková",F,2013-10-26,"['member', 'representative']",['Česká strana sociálně demokratická'],['Centre-left'],['Lower house']
CZ-BarboraKoranova.1984,"Barbora, Kořanová",F,2017-10-21,"['deputyHead', 'member', 'representative', 'verifier']",['ANO2011'],['Centre to centre-right'],['Lower house']
CZ-BarboraUrbanova.1991,"Barbora, Urbanová",F,2021-10-09,"['deputyHead', 'member', 'representative', 'verifier']",['Pirati+STAN'],['Centre'],['Lower house']
CZ-BerenikaPestova.1971,"Berenika, Peštová",F,2021-10-09,"['head', 'member', 'representative']",['ANO2011'],['Centre to centre-right'],['Lower house']
CZ-BohuslavChalupa.1960,"Bohuslav, Chalupa",M,2013-10-26,"['deputyHead', 'head', 'member', 'representative']",['ANO2011'],['Centre to centre-right'],['Lower house']
CZ-BohuslavSobotka.1971,"Bohuslav, Sobotka",M,1996-06-01,"['deputyHead', 'head', 'member', 'minister', 'representative']",['Česká strana sociálně demokratická'],['Centre-left'],['Lower house']
CZ-BohuslavSvoboda.1944,"Bohuslav, Svoboda",M,2013-10-26,"['deputyHead', 'head', 'member', 'representative', 'verifier']","['Občanská demokratická strana', 'Spolu']","['Centre-right to right', 'Centre-right']",['Lower house']
CZ-BronislavSchwarz.1966,"Bronislav, Schwarz",M,2013-10-26,"['deputyHead', 'head', 'member', 'representative']",['ANO2011'],['Centre to centre-right'],['Lower house']
CZ-DagmarTerelmesova,"Dagmar, Terelmešová",F,2010-10-23,['member'],[],[],['Upper house']
CZ-DaliborStys.1962,"Dalibor, Štys",M,2013-07-10,"['member', 'minister']",[],[],[]
CZ-DanTok.1959,"Dan, Ťok",M,2014-12-04,"['member', 'minister', 'representative']",['ANO2011'],['Centre to centre-right'],['Lower house']
CZ-DanaBalcarova.1960,"Dana, Balcarová",F,2017-10-21,"['deputyHead', 'head', 'member', 'representative', 'verifier']",['Česká pirátská strana'],['Centre to centre-left'],['Lower house']
CZ-DanaVahalova.1966,"Dana, Váhalová",F,2010-05-29,"['deputyHead', 'head', 'member', 'replacement', 'representative', 'verifier']",['Česká strana sociálně demokratická'],['Centre-left'],['Lower house']
CZ-DanielHavlik,"Daniel, Havlík",nan,nan,[],[],[],[]
CZ-DanielHerman.1963,"Daniel, Herman",M,2013-10-26,"['deputyHead', 'member', 'minister', 'replacement', 'representative']",['Křesťanská a demokratická unie - Československá strana lidová'],['Centre to centre-right'],['Lower house']
CZ-DanielKorte.1953,"Daniel, Korte",M,2010-05-29,"['deputyHead', 'head', 'member', 'replacement', 'representative', 'verifier']",['TOP 09'],['Centre-right'],['Lower house']
CZ-DanielPawlas.1975,"Daniel, Pawlas",M,2017-10-21,"['deputyHead', 'head', 'member', 'representative']",['Komunistická strana Čech a Moravy'],['Left to far-left'],['Lower house']
CZ-DavidKadner.1976,"David, Kádner",M,2010-05-29,"['deputyHead', 'head', 'member', 'representative', 'verifier']","['Úsvit přímé demokracie Tomia Okamury', 'Věci veřejné']","['Far-right', 'Centre-right']",['Lower house']
CZ-DavidKasal.1969,"David, Kasal",M,2013-10-26,"['deputyHead', 'head', 'member', 'representative']",['ANO2011'],['Centre to centre-right'],['Lower house']
CZ-DavidPrazak.1979,"David, Pražák",M,2017-10-21,"['deputyHead', 'head', 'member', 'representative', 'verifier']",['ANO2011'],['Centre to centre-right'],['Lower house']
CZ-DavidSimek.1977,"David, Šimek",M,2021-10-09,"['deputyHead', 'head', 'member', 'representative']",['Spolu'],['Centre-right'],['Lower house']
CZ-DavidStolpa.1983,"David, Štolpa",M,2017-10-21,"['deputyHead', 'member', 'representative']",['ANO2011'],['Centre to centre-right'],['Lower house']
CZ-DominikFeri.1996,"Dominik, Feri",M,2017-10-21,"['deputyHead', 'member', 'representative', 'verifier']",['TOP 09'],['Centre-right'],['Lower house']
CZ-DrahoslavRyba.1962,"Drahoslav, Ryba",M,2021-10-09,"['head', 'member', 'representative']",['ANO2011'],['Centre to centre-right'],['Lower house']
CZ-EliskaOlsakova.1968,"Eliška, Olšáková",F,2021-10-09,"['deputyHead', 'member', 'representative']",['Pirati+STAN'],['Centre'],['Lower house']
CZ-EliskaWagnerova,"Eliška, Wagnerová",F,2012-10-20,['member'],[],[],['Upper house']
CZ-EmilieTriskova,"Emilie, Třísková",F,2014-10-18,['member'],[],[],['Upper house']
CZ-EvaDecroix.1982,"Eva, Decroix",F,2021-10-09,"['deputyHead', 'head', 'member', 'representative']",['Spolu'],['Centre-right'],['Lower house']
CZ-EvaFialova.1982,"Eva, Fialová",F,2017-10-21,"['deputyHead', 'head', 'member', 'replacement', 'representative', 'verifier']",['ANO2011'],['Centre to centre-right'],['Lower house']
CZ-EvaMatyasova.1959,"Eva, Matyášová",F,2017-10-21,"['head', 'member', 'replacement', 'representative']",['ANO2011'],['Centre to centre-right'],['Lower house']
CZ-EvaZamrazilova,"Eva, Zamrazilová",nan,nan,[],[],[],[]
CZ-FrantisekAdamek.1955,"František, Adámek",M,1990-02-06,"['deputyHead', 'head', 'member', 'representative', 'verifier']",['Česká strana sociálně demokratická'],['Centre-left'],"['Unicameralism', 'Lower house']"
CZ-FrantisekBradac,"František, Bradáč",M,2014-10-18,['member'],[],[],['Upper house']
CZ-FrantisekBublan.1951,"František, Bublan",M,2004-08-04,"['head', 'member', 'minister', 'representative']",['Česká strana sociálně demokratická'],['Centre-left'],"['Lower house', 'Upper house']"
CZ-FrantisekElfmark.1978,"František, Elfmark",M,2017-10-21,"['deputyHead', 'head', 'member', 'representative', 'verifier']",['Česká pirátská strana'],['Centre to centre-left'],['Lower house']
CZ-FrantisekKopriva.1995,"František, Kopřiva",M,2017-10-21,"['deputyHead', 'member', 'representative', 'verifier']",['Česká pirátská strana'],['Centre to centre-left'],['Lower house']
CZ-FrantisekLaudat.1960,"František, Laudát",M,2006-06-03,"['deputyHead', 'head', 'member', 'representative', 'verifier']","['Občanská demokratická strana', 'TOP 09']","['Centre-right to right', 'Centre-right']",['Lower house']
CZ-FrantisekLukl.1977,"František, Lukl",M,2013-07-10,"['member', 'minister']",[],[],[]
CZ-FrantisekNavrkal.1992,"František, Navrkal",M,2017-10-21,"['head', 'member', 'representative']",['Česká pirátská strana'],['Centre to centre-left'],['Lower house']
CZ-FrantisekPetrtyl.1959,"František, Petrtýl",M,2013-10-26,"['member', 'representative', 'verifier']",['ANO2011'],['Centre to centre-right'],['Lower house']
CZ-FrantisekVacha.1966,"František, Vácha",M,2013-10-26,"['deputyHead', 'head', 'member', 'representative', 'verifier']",['TOP 09'],['Centre-right'],['Lower house']
CZ-GabrielaHubackova.1975,"Gabriela, Hubáčková",F,2010-05-29,"['member', 'representative']",['Komunistická strana Čech a Moravy'],['Left to far-left'],['Lower house']
CZ-GabrielaPeckova.1957,"Gabriela, Pecková",F,2010-05-29,"['deputyHead', 'head', 'member', 'replacement', 'representative', 'verifier']",['TOP 09'],['Centre-right'],['Lower house']
CZ-HanaAulickaJirovcova.1981,"Hana, Aulická Jírovcová",F,2013-10-26,"['deputyHead', 'member', 'representative', 'verifier']",['Komunistická strana Čech a Moravy'],['Left to far-left'],['Lower house']
CZ-HanaNaiclerova.1972,"Hana, Naiclerová",F,2021-10-09,"['deputyHead', 'member', 'representative', 'verifier']",['Pirati+STAN'],['Centre'],['Lower house']
CZ-HanaZakova,"Hana, Žáková",F,2018-10-13,['member'],[],[],"['Upper house', 'Upper house']"
CZ-HayatoOkamura.1966,"Hayato, Okamura",M,2021-10-09,"['deputyHead', 'head', 'member', 'representative', 'verifier']",['Spolu'],['Centre-right'],['Lower house']
CZ-HelenaLangsadlova.1963,"Helena, Langšádlová",F,2010-05-29,"['deputyHead', 'head', 'member', 'minister', 'replacement', 'representative', 'verifier']","['Spolu', 'TOP 09']","['Centre-right', 'Centre-right']",['Lower house']
CZ-HelenaValkova.1951,"Helena, Válková",F,2013-10-26,"['deputyHead', 'head', 'member', 'minister', 'representative']",['ANO2011'],['Centre to centre-right'],['Lower house']
CZ-HerbertPavera.1958,"Herbert, Pavera",M,2013-10-26,"['deputyHead', 'member', 'representative']",['TOP 09'],['Centre-right'],"['Lower house', 'Upper house', 'Upper house']"
CZ-HubertLang.1969,"Hubert, Lang",M,2021-10-09,"['deputyHead', 'member', 'representative']",['ANO2011'],['Centre to centre-right'],['Lower house']
CZ-IgorHendrych.1967,"Igor, Hendrych",M,2021-10-09,"['deputyHead', 'member', 'representative']",['ANO2011'],['Centre to centre-right'],['Lower house']
CZ-IgorJakubcik.1967,"Igor, Jakubčík",M,2010-05-29,"['deputyHead', 'head', 'member', 'representative']",['Česká strana sociálně demokratická'],['Centre-left'],['Lower house']
CZ-IgorNykl.1963,"Igor, Nykl",M,2013-10-26,"['member', 'representative']",['ANO2011'],['Centre to centre-right'],['Lower house']
CZ-IljaSmid.1952,"Ilja, Šmíd",M,2017-12-13,"['member', 'minister']",[],[],[]
CZ-IlonaMauritzova.1959,"Ilona, Mauritzová",F,2017-10-21,"['deputyHead', 'member', 'representative']",['Občanská demokratická strana'],['Centre-right to right'],['Lower house']
CZ-IrenaBlazkova.1969,"Irena, Blažková",F,2017-10-21,"['member', 'representative']",['ANO2011'],['Centre to centre-right'],['Lower house']
CZ-IvaKalatova.1962,"Iva, Kalátová",F,2017-10-21,"['member', 'representative']",['ANO2011'],['Centre to centre-right'],['Lower house']
CZ-IvanAdamec.1960,"Ivan, Adamec",M,2002-11-02,"['deputyHead', 'head', 'member', 'replacement', 'representative', 'verifier']","['Občanská demokratická strana', 'Spolu']","['Centre-right to right', 'Centre-right']","['Lower house', 'Upper house']"
CZ-IvanBartos.1980,"Ivan, Bartoš",M,2017-10-21,"['deputyHead', 'head', 'member', 'minister', 'representative']","['Pirati+STAN', 'Česká pirátská strana']","['Centre', 'Centre to centre-left']",['Lower house']
CZ-IvanGabal.1951,"Ivan, Gabal",M,2013-10-26,"['deputyHead', 'head', 'member', 'representative', 'verifier']",['Křesťanská a demokratická unie - Československá strana lidová'],['Centre to centre-right'],['Lower house']
CZ-IvanJac.1956,"Ivan, Jáč",M,2017-10-21,"['member', 'representative']",['ANO2011'],['Centre to centre-right'],['Lower house']
CZ-IvanPilny.1944,"Ivan, Pilný",M,2013-10-26,"['head', 'member', 'minister', 'representative']",['ANO2011'],['Centre to centre-right'],['Lower house']
CZ-IvanaCabrnochova,"Ivana, Cabrnochová",F,2014-09-27,['member'],[],[],['Upper house']
CZ-IvanaDobesova.1960,"Ivana, Dobešová",F,2013-10-26,"['deputyHead', 'head', 'member', 'replacement', 'representative']",['ANO2011'],['Centre to centre-right'],['Lower house']
CZ-IvanaMadlova.1966,"Ivana, Mádlová",F,2021-10-09,"['deputyHead', 'member', 'representative']",['ANO2011'],['Centre to centre-right'],['Lower house']
CZ-IvanaNevludova.1977,"Ivana, Nevludová",F,2017-10-21,"['deputyHead', 'member', 'representative', 'verifier']",['Svoboda a prima demokracie - Tomio Okamura'],['Right to far-right'],['Lower house']
CZ-IvetaStefanova.1983,"Iveta, Štefanová",F,2021-10-09,"['head', 'member', 'representative']",['Svoboda a prima demokracie - Tomio Okamura'],['Right to far-right'],['Lower house']
CZ-IvoPojezny.1961,"Ivo, Pojezný",M,2013-10-26,"['deputyHead', 'head', 'member', 'representative', 'verifier']",['Komunistická strana Čech a Moravy'],['Left to far-left'],['Lower house']
CZ-IvoValenta,"Ivo, Valenta",M,2014-10-18,['member'],[],[],['Upper house']
CZ-IvoVondrak.1959,"Ivo, Vondrák",M,2017-10-21,"['head', 'member', 'representative']",['ANO2011'],['Centre to centre-right'],['Lower house']
CZ-JakubJanda.1978,"Jakub, Janda",M,2017-10-21,"['deputyHead', 'head', 'member', 'representative']","['Občanská demokratická strana', 'Spolu']","['Centre-right to right', 'Centre-right']",['Lower house']
CZ-JakubKulhanek.1984,"Jakub, Kulhánek",M,2021-04-21,"['member', 'minister']",[],[],[]
CZ-JakubMichalek.1989,"Jakub, Michálek",M,2017-10-21,"['deputyHead', 'head', 'member', 'representative', 'verifier']","['Pirati+STAN', 'Česká pirátská strana']","['Centre', 'Centre to centre-left']",['Lower house']
CZ-JanBartosek.1971,"Jan, Bartošek",M,2013-10-26,"['deputyHead', 'head', 'member', 'representative', 'verifier']","['Křesťanská a demokratická unie - Československá strana lidová', 'Spolu']","['Centre to centre-right', 'Centre-right']",['Lower house']
CZ-JanBauer.1969,"Jan, Bauer",M,2002-06-15,"['deputyHead', 'head', 'member', 'representative', 'verifier']","['Občanská demokratická strana', 'Spolu']","['Centre-right to right', 'Centre-right']",['Lower house']
CZ-JanBerki.1981,"Jan, Berki",M,2021-10-09,"['deputyHead', 'head', 'member', 'representative', 'verifier']",['Pirati+STAN'],['Centre'],['Lower house']
CZ-JanBirke.1969,"Jan, Birke",M,2013-10-26,"['deputyHead', 'head', 'member', 'representative', 'verifier']",['Česká strana sociálně demokratická'],['Centre-left'],['Lower house']
CZ-JanBlatny.1970,"Jan, Blatný",M,2020-10-29,"['member', 'minister']",[],[],[]
CZ-JanBures.1974,"Jan, Bureš",M,2010-05-29,"['deputyHead', 'member', 'representative']","['Občanská demokratická strana', 'Spolu']","['Centre-right to right', 'Centre-right']",['Lower house']
CZ-JanChvojka.1980,"Jan, Chvojka",M,2010-05-29,"['deputyHead', 'head', 'member', 'minister', 'representative', 'verifier']",['Česká strana sociálně demokratická'],['Centre-left'],['Lower house']
CZ-JanCizinsky.1978,"Jan, Čižinský",M,2017-10-21,"['head', 'member', 'representative', 'verifier']",['Křesťanská a demokratická unie - Československá strana lidová'],['Centre to centre-right'],['Lower house']
CZ-JanFarsky.1979,"Jan, Farský",M,2010-05-29,"['deputyHead', 'head', 'member', 'representative', 'verifier']","['Pirati+STAN', 'Starostove a nezavisli', 'TOP 09']","['Centre', 'Centre to centre-right', 'Centre-right']",['Lower house']
CZ-JanFischer.1951,"Jan, Fischer",M,2003-04-24,"['deputyHead', 'head', 'member', 'minister']",[],[],[]
CZ-JanHajda,"Jan, Hajda",M,2006-10-28,['member'],[],[],['Upper house']
CZ-JanHamacek.1978,"Jan, Hamáček",M,2006-06-03,"['deputyHead', 'head', 'member', 'minister', 'replacement', 'representative', 'verifier']",['Česká strana sociálně demokratická'],['Centre-left'],['Lower house']
CZ-JanHofmann.1985,"Jan, Hofmann",M,2021-10-09,"['deputyHead', 'member', 'representative']",['Spolu'],['Centre-right'],['Lower house']
CZ-JanHolasek,"Jan, Holásek",M,2020-10-10,['member'],[],[],"['Upper house', 'Upper house']"
CZ-JanHornik,"Jan, Horník",M,2004-11-13,['member'],[],[],['Upper house']
CZ-JanHrncir.1977,"Jan, Hrnčíř",M,2017-10-21,"['deputyHead', 'member', 'representative', 'verifier']",['Svoboda a prima demokracie - Tomio Okamura'],['Right to far-right'],['Lower house']
CZ-JanJakob.1982,"Jan, Jakob",M,2017-10-21,"['deputyHead', 'head', 'member', 'representative', 'verifier']","['Spolu', 'TOP 09']","['Centre-right', 'Centre-right']",['Lower house']
CZ-JanKlan.1982,"Jan, Klán",M,2010-05-29,"['deputyHead', 'member', 'representative']",['Komunistická strana Čech a Moravy'],['Left to far-left'],['Lower house']
CZ-JanKnezinek.1979,"Jan, Kněžínek",M,2018-07-10,"['member', 'minister']",[],[],[]
CZ-JanKubik.1978,"Jan, Kubík",M,2017-10-21,"['deputyHead', 'head', 'member', 'representative', 'verifier']",['ANO2011'],['Centre to centre-right'],['Lower house']
CZ-JanKuchar.1974,"Jan, Kuchař",M,2021-10-09,"['deputyHead', 'head', 'member', 'representative']",['Pirati+STAN'],['Centre'],['Lower house']
CZ-JanLacina.1970,"Jan, Lacina",M,2021-10-09,"['deputyHead', 'member', 'representative']",['Pirati+STAN'],['Centre'],['Lower house']
CZ-JanLipavsky.1985,"Jan, Lipavský",M,2017-10-21,"['deputyHead', 'head', 'member', 'minister', 'representative', 'verifier']",['Česká pirátská strana'],['Centre to centre-left'],['Lower house']
CZ-JanMladek.1960,"Jan, Mládek",M,2002-06-15,"['deputyHead', 'head', 'member', 'minister', 'representative']",['Česká strana sociálně demokratická'],['Centre-left'],['Lower house']
CZ-JanPodivinsky,"Jan, Podivínský",nan,nan,[],[],[],[]
CZ-JanPosvar.1985,"Jan, Pošvář",M,2017-10-21,"['deputyHead', 'member', 'representative', 'verifier']",['Česká pirátská strana'],['Centre to centre-left'],['Lower house']
CZ-JanRehounek.1974,"Jan, Řehounek",M,2017-10-21,"['head', 'member', 'replacement', 'representative', 'verifier']",['ANO2011'],['Centre to centre-right'],['Lower house']
CZ-JanRichter.1967,"Jan, Richter",M,2017-10-21,"['deputyHead', 'head', 'member', 'representative', 'verifier']",['ANO2011'],['Centre to centre-right'],['Lower house']
CZ-JanSchiller.1972,"Jan, Schiller",M,2017-10-21,"['head', 'member', 'representative']",['ANO2011'],['Centre to centre-right'],['Lower house']
CZ-JanSedlacek.1979,"Jan, Sedláček",M,2013-10-26,"['member', 'representative']",['ANO2011'],['Centre to centre-right'],['Lower house']
CZ-JanSila.1950,"Jan, Síla",M,2021-10-09,"['deputyHead', 'head', 'member', 'representative']",['Svoboda a prima demokracie - Tomio Okamura'],['Right to far-right'],['Lower house']
CZ-JanSkopecek.1980,"Jan, Skopeček",M,2013-10-26,"['deputyHead', 'member', 'representative', 'verifier']","['Občanská demokratická strana', 'Spolu']","['Centre-right to right', 'Centre-right']",['Lower house']
CZ-JanSobotka.1978,"Jan, Sobotka",M,2013-10-26,"['member', 'representative']",['ANO2011'],['Centre to centre-right'],['Lower house']
CZ-JanVolny.1959,"Jan, Volný",M,2013-10-26,"['deputyHead', 'head', 'member', 'representative']",['ANO2011'],['Centre to centre-right'],['Lower house']
CZ-JanZahradnik.1949,"Jan, Zahradník",M,2013-10-26,"['deputyHead', 'head', 'member', 'representative', 'verifier']",['Občanská demokratická strana'],['Centre-right to right'],['Lower house']
CZ-JanZaloudik,"Jan, Žaloudík",M,2010-10-23,['member'],[],[],['Upper house']
CZ-JanaBacikova.1969,"Jana, Bačíková",F,2021-10-09,"['deputyHead', 'member', 'representative']",['Spolu'],['Centre-right'],['Lower house']
CZ-JanaBerkovcova.1969,"Jana, Berkovcová",F,2021-10-09,"['deputyHead', 'head', 'member', 'representative']",['ANO2011'],['Centre to centre-right'],['Lower house']
CZ-JanaCernochova.1973,"Jana, Černochová",F,2010-05-29,"['deputyHead', 'head', 'member', 'minister', 'representative', 'verifier']","['Občanská demokratická strana', 'Spolu']","['Centre-right to right', 'Centre-right']",['Lower house']
CZ-JanaFischerova.1955,"Jana, Fischerová",F,2010-05-29,"['deputyHead', 'head', 'member', 'replacement', 'representative']",['Občanská demokratická strana'],['Centre-right to right'],['Lower house']
CZ-JanaHanzlikova.1966,"Jana, Hanzlíková",F,2021-10-09,"['deputyHead', 'member', 'representative']",['ANO2011'],['Centre to centre-right'],['Lower house']
CZ-JanaHnykova.1963,"Jana, Hnyková",F,2013-10-26,"['deputyHead', 'head', 'member', 'representative', 'verifier']",['Úsvit přímé demokracie Tomia Okamury'],['Far-right'],['Lower house']
CZ-JanaKrutakova.1962,"Jana, Krutáková",F,2017-10-21,"['head', 'member', 'representative', 'verifier']","['Pirati+STAN', 'Starostove a nezavisli']","['Centre', 'Centre to centre-right']",['Lower house']
CZ-JanaLevova.1977,"Jana, Levová",F,2017-10-21,"['deputyHead', 'head', 'member', 'representative', 'verifier']",['Svoboda a prima demokracie - Tomio Okamura'],['Right to far-right'],['Lower house']
CZ-JanaLorencova.1940,"Jana, Lorencová",F,2013-10-26,"['deputyHead', 'member', 'representative']",['ANO2011'],['Centre to centre-right'],['Lower house']
CZ-JanaMalacova.1981,"Jana, Maláčová",F,2018-07-30,"['member', 'minister']",[],[],[]
CZ-JanaMrackovaVildumetzova.1973,"Jana, Mračková Vildumetzová",F,2017-10-21,"['deputyHead', 'head', 'member', 'representative']",['ANO2011'],['Centre to centre-right'],['Lower house']
CZ-JanaPastuchova.1965,"Jana, Pastuchová",F,2013-10-26,"['deputyHead', 'head', 'member', 'replacement', 'representative', 'verifier']",['ANO2011'],['Centre to centre-right'],['Lower house']
CZ-JarmilaLevko,"Jarmila, Levko",F,2021-10-09,"['member', 'replacement', 'representative']",['Starostove a nezavisli'],['Centre to centre-right'],['Lower house']
CZ-JarmilaRazova,"Jarmila, Rážová",nan,nan,[],[],[],[]
CZ-JaromirStrnad,"Jaromír, Strnad",M,2010-10-23,['member'],[],[],['Upper house']
CZ-JaroslavBasta.1948,"Jaroslav, Bašta",M,1996-06-01,"['deputyHead', 'head', 'member', 'representative', 'verifier']","['Česká strana sociálně demokratická', 'Svoboda a prima demokracie - Tomio Okamura']","['Centre-left', 'Right to far-right']",['Lower house']
CZ-JaroslavBorka.1952,"Jaroslav, Borka",M,2013-10-26,"['member', 'representative']",['Komunistická strana Čech a Moravy'],['Left to far-left'],['Lower house']
CZ-JaroslavBzoch.1983,"Jaroslav, Bžoch",M,2017-10-21,"['deputyHead', 'head', 'member', 'replacement', 'representative']",['ANO2011'],['Centre to centre-right'],['Lower house']
CZ-JaroslavDrozd,"Jaroslav, Drozd",nan,nan,[],[],[],[]
CZ-JaroslavDvorak.1957,"Jaroslav, Dvořák",M,2017-10-21,"['deputyHead', 'member', 'representative', 'verifier']",['Svoboda a prima demokracie - Tomio Okamura'],['Right to far-right'],['Lower house']
CZ-JaroslavFaltynek.1962,"Jaroslav, Faltýnek",M,2013-10-26,"['deputyHead', 'head', 'member', 'representative']",['ANO2011'],['Centre to centre-right'],['Lower house']
CZ-JaroslavFoldyna.1960,"Jaroslav, Foldyna",M,2010-05-29,"['deputyHead', 'head', 'member', 'representative']","['Česká strana sociálně demokratická', 'Svoboda a prima demokracie - Tomio Okamura']","['Centre-left', 'Right to far-right']",['Lower house']
CZ-JaroslavHolik.1953,"Jaroslav, Holík",M,2013-10-26,"['deputyHead', 'head', 'member', 'representative', 'verifier']","['Svoboda a prima demokracie - Tomio Okamura', 'Úsvit přímé demokracie Tomia Okamury']","['Right to far-right', 'Far-right']",['Lower house']
CZ-JaroslavKlaska.1962,"Jaroslav, Klaška",M,2013-10-26,"['deputyHead', 'head', 'member', 'representative', 'verifier']",['Křesťanská a demokratická unie - Československá strana lidová'],['Centre to centre-right'],['Lower house']
CZ-JaroslavKrakora.1955,"Jaroslav, Krákora",M,2002-06-15,"['deputyHead', 'head', 'member', 'replacement', 'representative', 'verifier']",['Česká strana sociálně demokratická'],['Centre-left'],['Lower house']
CZ-JaroslavKytyr.1963,"Jaroslav, Kytýr",M,2017-10-21,"['deputyHead', 'head', 'member', 'representative']",['ANO2011'],['Centre to centre-right'],['Lower house']
CZ-JaroslavLobkowicz.1942,"Jaroslav, Lobkowicz",M,1998-06-20,"['deputyHead', 'head', 'member', 'observer', 'representative', 'verifier']","['Koalice', 'Křesťanská a demokratická unie - Československá strana lidová', 'TOP 09']","[nan, 'Centre to centre-right', 'Centre-right']",['Lower house']
CZ-JaroslavMaly,"Jaroslav, Malý",M,2014-10-18,['member'],[],[],['Upper house']
CZ-JaroslavMartinu.1959,"Jaroslav, Martinů",M,2010-05-29,"['head', 'member', 'representative']",['Občanská demokratická strana'],['Centre-right to right'],['Lower house']
CZ-JaroslavSixta,"Jaroslav, Sixta",nan,nan,[],[],[],[]
CZ-JaroslavVetrovsky,"Jaroslav, Větrovský",M,2016-10-15,['member'],[],[],['Upper house']
CZ-JaroslavVymazal.1955,"Jaroslav, Vymazal",M,2017-10-21,"['member', 'representative']",['Občanská demokratická strana'],['Centre-right to right'],['Lower house']
CZ-JaroslavZavadil.1944,"Jaroslav, Zavadil",M,2013-10-26,"['head', 'member', 'representative']",['Česká strana sociálně demokratická'],['Centre-left'],['Lower house']
CZ-JaroslavZeman,"Jaroslav, Zeman",M,2012-10-20,['member'],[],[],"['Upper house', 'Upper house']"
CZ-JaroslavaNemcova.1971,"Jaroslava, Němcová",F,2017-12-13,"['member', 'minister']",[],[],[]
CZ-JaroslavaPokornaJermanova.1970,"Jaroslava, Pokorná Jermanová",F,2013-10-26,"['deputyHead', 'head', 'member', 'representative']",['ANO2011'],['Centre to centre-right'],['Lower house']
CZ-JaroslavaPuntova.1957,"Jaroslava, Puntová",F,2017-10-21,"['member', 'representative']",['ANO2011'],['Centre to centre-right'],['Lower house']
CZ-JeronymTejc.1977,"Jeroným, Tejc",M,2006-06-03,"['deputyHead', 'head', 'member', 'replacement', 'representative', 'verifier']",['Česká strana sociálně demokratická'],['Centre-left'],['Lower house']
CZ-JevhenPerebyjnis,"Jevhen, Perebyjnis",nan,nan,[],[],[],[]
CZ-JiriBehounek.1952,"Jiří, Běhounek",M,2010-09-22,"['deputyHead', 'member', 'representative', 'verifier']",['Česká strana sociálně demokratická'],['Centre-left'],['Lower house']
CZ-JiriBis.1941,"Jiří, Bis",M,2008-10-25,['member'],[],[],['Upper house']
CZ-JiriBlaha.1961,"Jiří, Bláha",M,2017-10-21,"['deputyHead', 'head', 'member', 'representative']",['ANO2011'],['Centre to centre-right'],['Lower house']
CZ-JiriCarbol.1959,"Jiří, Carbol",M,2006-06-03,"['deputyHead', 'member', 'representative', 'verifier']","['Křesťanská a demokratická unie - Československá strana lidová', 'Spolu']","['Centre to centre-right', 'Centre-right']","['Lower house', 'Upper house']"
CZ-JiriCienciala,"Jiří, Cienciala",nan,nan,[],[],[],[]
CZ-JiriCienciala.1950,"Jiří, Cienciala",M,2013-07-10,"['member', 'minister']",[],[],['Upper house']
CZ-JiriCunek.1959,"Jiří, Čunek",M,2006-10-28,"['deputyHead', 'member', 'minister']",[],[],"['Upper house', 'Upper house']"
CZ-JiriDienstbier.1969,"Jiří, Dienstbier",M,1990-06-07,"['member', 'minister', 'representative']",['Česká strana sociálně demokratická'],['Centre-left'],"['Unicameralism', 'Lower house', 'Upper house']"
CZ-JiriDolejs.1961,"Jiří, Dolejš",M,2002-06-15,"['deputyHead', 'head', 'member', 'representative', 'verifier']",['Komunistická strana Čech a Moravy'],['Left to far-left'],['Lower house']
CZ-JiriDrahos,"Jiří, Drahoš",M,2018-10-06,['member'],[],[],"['Upper house', 'Upper house']"
CZ-JiriHajek.1961,"Jiří, Hájek",M,2021-10-09,"['head', 'member', 'representative']",['Pirati+STAN'],['Centre'],['Lower house']
CZ-JiriHavlicek.1976,"Jiří, Havlíček",M,2017-04-04,"['member', 'minister']",[],[],[]
CZ-JiriHavranek.1992,"Jiří, Havránek",M,2021-10-09,"['head', 'member', 'representative']",['Spolu'],['Centre-right'],['Lower house']
CZ-JiriHlavaty.1948,"Jiří, Hlavatý",M,2014-10-18,"['member', 'representative']",['ANO2011'],['Centre to centre-right'],"['Lower house', 'Upper house']"
CZ-JiriHolecek.1972,"Jiří, Holeček",M,2013-10-26,"['head', 'member', 'representative']",['ANO2011'],['Centre to centre-right'],['Lower house']
CZ-JiriHorak.1984,"Jiří, Horák",M,2021-10-09,"['head', 'member', 'representative']",['Spolu'],['Centre-right'],['Lower house']
CZ-JiriJunek.1973,"Jiří, Junek",M,2013-10-26,"['deputyHead', 'head', 'member', 'representative', 'verifier']",['Křesťanská a demokratická unie - Československá strana lidová'],['Centre to centre-right'],['Lower house']
CZ-JiriKobza.1955,"Jiří, Kobza",M,2017-10-21,"['deputyHead', 'head', 'member', 'replacement', 'representative', 'verifier']",['Svoboda a prima demokracie - Tomio Okamura'],['Right to far-right'],['Lower house']
CZ-JiriKohoutek.1964,"Jiří, Kohoutek",M,2017-10-21,"['deputyHead', 'member', 'representative', 'verifier']",['Svoboda a prima demokracie - Tomio Okamura'],['Right to far-right'],['Lower house']
CZ-JiriKoskuba.1955,"Jiří, Koskuba",M,2006-05-09,"['member', 'representative']",['Česká strana sociálně demokratická'],['Centre-left'],['Lower house']
CZ-JiriKoubek.1976,"Jiří, Koubek",M,2013-10-26,"['member', 'representative']",['TOP 09'],['Centre-right'],['Lower house']
CZ-JiriMasek.1958,"Jiří, Mašek",M,2017-10-21,"['deputyHead', 'head', 'member', 'representative']",['ANO2011'],['Centre to centre-right'],['Lower house']
CZ-JiriMihola.1972,"Jiří, Mihola",M,2013-10-26,"['deputyHead', 'head', 'member', 'replacement', 'representative', 'verifier']",['Křesťanská a demokratická unie - Československá strana lidová'],['Centre to centre-right'],['Lower house']
CZ-JiriMilek.1963,"Jiří, Milek",M,2017-12-13,"['member', 'minister']",[],[],[]
CZ-JiriNavratil.1977,"Jiří, Navrátil",M,2021-10-09,"['deputyHead', 'head', 'member', 'representative', 'verifier']",['Spolu'],['Centre-right'],['Lower house']
CZ-JiriOberfalzer,"Jiří, Oberfalzer",M,2004-11-13,['member'],[],[],"['Upper house', 'Upper house']"
CZ-JiriPetru.1956,"Jiří, Petrů",M,2006-06-03,"['deputyHead', 'head', 'member', 'representative', 'verifier']",['Česká strana sociálně demokratická'],['Centre-left'],['Lower house']
CZ-JiriPospisil.1975,"Jiří, Pospíšil",M,2002-06-15,"['deputyHead', 'head', 'member', 'minister', 'representative']",['Občanská demokratická strana'],['Centre-right to right'],['Lower house']
CZ-JiriRusnok.1960,"Jiří, Rusnok",M,1999-04-01,"['head', 'member', 'minister', 'representative']",['Česká strana sociálně demokratická'],['Centre-left'],['Lower house']
CZ-JiriRuzicka,"Jiří, Růžička",M,2016-10-15,['member'],[],[],"['Upper house', 'Upper house']"
CZ-JiriSestak,"Jiří, Šesták",M,2012-10-20,['member'],[],[],['Upper house']
CZ-JiriSkalicky.1954,"Jiří, Skalický",M,2010-05-29,"['deputyHead', 'member', 'replacement', 'representative']",['TOP 09'],['Centre-right'],['Lower house']
CZ-JiriSlavik.1968,"Jiří, Slavík",M,2021-10-09,"['deputyHead', 'member', 'representative', 'verifier']",['Spolu'],['Centre-right'],['Lower house']
CZ-JiriStetina.1941,"Jiří, Štětina",M,2010-05-29,"['deputyHead', 'member', 'representative']","['Úsvit přímé demokracie Tomia Okamury', 'Věci veřejné']","['Far-right', 'Centre-right']",['Lower house']
CZ-JiriStrycek.1959,"Jiří, Strýček",M,2017-10-21,"['deputyHead', 'head', 'member', 'replacement', 'representative']",['ANO2011'],['Centre to centre-right'],['Lower house']
CZ-JiriValenta.1965,"Jiří, Valenta",M,2013-10-26,"['deputyHead', 'head', 'member', 'replacement', 'representative', 'verifier']",['Komunistická strana Čech a Moravy'],['Left to far-left'],['Lower house']
CZ-JiriVentruba.1950,"Jiří, Ventruba",M,2017-10-21,"['head', 'member', 'representative']",['Občanská demokratická strana'],['Centre-right to right'],['Lower house']
CZ-JiriVosecky,"Jiří, Vosecký",M,2014-10-18,['member'],[],[],"['Upper house', 'Upper house']"
CZ-JiriZemanek.1965,"Jiří, Zemánek",M,2010-05-29,"['head', 'member', 'representative', 'verifier']",['Česká strana sociálně demokratická'],['Centre-left'],['Lower house']
CZ-JiriZimola.1971,"Jiří, Zimola",M,2013-10-26,"['deputyHead', 'member', 'representative']",['Česká strana sociálně demokratická'],['Centre-left'],['Lower house']
CZ-JiriZlatuska.1957,"Jiří, Zlatuška",M,2002-11-02,"['head', 'member', 'representative']",['ANO2011'],['Centre to centre-right'],"['Lower house', 'Upper house']"
CZ-JitkaChalankova.1957,"Jitka, Chalánková",F,2010-05-29,"['deputyHead', 'head', 'member', 'representative', 'verifier']",['TOP 09'],['Centre-right'],"['Lower house', 'Upper house', 'Upper house']"
CZ-JitkaSeitlova,"Jitka, Seitlová",F,1996-11-23,['member'],[],[],"['Upper house', 'Upper house']"
CZ-JosefBazala,"Josef, Bazala",M,2020-10-10,['member'],[],[],"['Upper house', 'Upper house']"
CZ-JosefBelica.1978,"Josef, Bělica",M,2017-10-21,"['head', 'member', 'replacement', 'representative']",['ANO2011'],['Centre to centre-right'],['Lower house']
CZ-JosefBernard.1965,"Josef, Bernard",M,2021-10-09,"['head', 'member', 'representative']",['Pirati+STAN'],['Centre'],['Lower house']
CZ-JosefCogan.1973,"Josef, Cogan",M,2010-05-29,"['deputyHead', 'head', 'member', 'representative']","['Pirati+STAN', 'TOP 09']","['Centre', 'Centre-right']",['Lower house']
CZ-JosefFlek.1988,"Josef, Flek",M,2021-10-09,"['deputyHead', 'head', 'member', 'representative', 'verifier']",['Pirati+STAN'],['Centre'],['Lower house']
CZ-JosefHajek.1956,"Josef, Hájek",M,2013-10-26,"['deputyHead', 'head', 'member', 'representative']",['ANO2011'],['Centre to centre-right'],['Lower house']
CZ-JosefKott.1970,"Josef, Kott",M,2013-10-26,"['deputyHead', 'head', 'member', 'representative', 'verifier']",['ANO2011'],['Centre to centre-right'],['Lower house']
CZ-JosefNekl.1953,"Josef, Nekl",M,2010-05-29,"['deputyHead', 'head', 'member', 'replacement', 'representative']",['Komunistická strana Čech a Moravy'],['Left to far-left'],['Lower house']
CZ-JosefNovotny.1952,"Josef, Novotný",M,2010-05-29,"['member', 'representative']",['Česká strana sociálně demokratická'],['Centre-left'],['Lower house']
CZ-JosefSenfeld.1961,"Josef, Šenfeld",M,2002-06-15,"['deputyHead', 'member', 'representative', 'verifier']",['Komunistická strana Čech a Moravy'],['Left to far-left'],['Lower house']
CZ-JosefTaborsky,"Josef, Táborský",M,2010-10-23,['member'],[],[],['Upper house']
CZ-JosefUhlik.1963,"Josef, Uhlík",M,2013-10-26,"['head', 'member', 'representative', 'verifier']",['Křesťanská a demokratická unie - Československá strana lidová'],['Centre to centre-right'],['Lower house']
CZ-JosefVondrasek.1950,"Josef, Vondrášek",M,2013-10-26,"['head', 'member', 'representative', 'verifier']",['Komunistická strana Čech a Moravy'],['Left to far-left'],['Lower house']
CZ-JosefVozdecky.1945,"Josef, Vozdecký",M,2013-10-26,"['member', 'representative']",['ANO2011'],['Centre to centre-right'],['Lower house']
CZ-JosefZahradnicek.1957,"Josef, Zahradníček",M,2013-10-26,"['deputyHead', 'member', 'representative', 'verifier']",['Komunistická strana Čech a Moravy'],['Left to far-left'],['Lower house']
CZ-JozefSikela.1967,"Jozef, Síkela",M,2021-12-17,"['member', 'minister']",[],[],[]
CZ-JuliusSpicak.1952,"Julius, Špičák",M,2017-10-21,"['deputyHead', 'member', 'representative', 'verifier']",['ANO2011'],['Centre to centre-right'],['Lower house']
CZ-KamalFarhan.1969,"Kamal, Farhan",M,2017-10-21,"['head', 'member', 'representative']",['ANO2011'],['Centre to centre-right'],['Lower house']
CZ-KarelCerny.1965,"Karel, Černý",M,1998-06-20,"['deputyHead', 'head', 'member', 'representative', 'verifier']",['Česká strana sociálně demokratická'],['Centre-left'],['Lower house']
CZ-KarelFiedler.1961,"Karel, Fiedler",M,2013-10-26,"['deputyHead', 'member', 'representative', 'verifier']",['Úsvit přímé demokracie Tomia Okamury'],['Far-right'],['Lower house']
CZ-KarelHaas.1973,"Karel, Haas",M,2021-10-09,"['deputyHead', 'member', 'representative']",['Spolu'],['Centre-right'],['Lower house']
CZ-KarelHavlicek.1969,"Karel, Havlíček",M,2019-04-30,"['deputyHead', 'member', 'minister', 'representative']",['ANO2011'],['Centre to centre-right'],['Lower house']
CZ-KarelKorytar,"Karel, Korytář",M,1996-11-23,['member'],[],[],['Upper house']
CZ-KarelKratochvile.1958,"Karel, Kratochvíle",M,2002-06-15,"['deputyHead', 'head', 'member', 'replacement', 'representative']",['Česká strana sociálně demokratická'],['Centre-left'],"['Lower house', 'Upper house']"
CZ-KarelKrejza.1968,"Karel, Krejza",M,2017-10-21,"['deputyHead', 'head', 'member', 'representative', 'verifier']","['Občanská demokratická strana', 'Spolu']","['Centre-right to right', 'Centre-right']",['Lower house']
CZ-KarelPrazak.1945,"Karel, Pražák",M,2013-10-26,"['deputyHead', 'member', 'representative']",['Úsvit přímé demokracie Tomia Okamury'],['Far-right'],['Lower house']
CZ-KarelRais.1949,"Karel, Rais",M,2013-10-26,"['deputyHead', 'head', 'member', 'representative']",['ANO2011'],['Centre to centre-right'],['Lower house']
CZ-KarelSchwarzenberg.1937,"Karel, Schwarzenberg",M,2004-11-13,"['deputyHead', 'head', 'member', 'minister', 'representative']",['TOP 09'],['Centre-right'],"['Lower house', 'Upper house']"
CZ-KarelSidlo.1957,"Karel, Šidlo",M,2006-06-03,"['deputyHead', 'head', 'member', 'representative']",['Komunistická strana Čech a Moravy'],['Left to far-left'],['Lower house']
CZ-KarelSladecek.1963,"Karel, Sládeček",M,2021-10-09,"['head', 'member', 'representative']",['Svoboda a prima demokracie - Tomio Okamura'],['Right to far-right'],['Lower house']
CZ-KarelSmetana.1988,"Karel, Smetana",M,2021-10-09,"['deputyHead', 'member', 'representative']",['Spolu'],['Centre-right'],['Lower house']
CZ-KarelTurecek.1971,"Karel, Tureček",M,2013-10-26,"['deputyHead', 'head', 'member', 'representative']","['ANO2011', 'TOP 09']","['Centre to centre-right', 'Centre-right']",['Lower house']
CZ-KarlaMarikova.1981,"Karla, Maříková",F,2017-10-21,"['deputyHead', 'head', 'member', 'replacement', 'representative', 'verifier']",['Svoboda a prima demokracie - Tomio Okamura'],['Right to far-right'],['Lower house']
CZ-KarlaSlechtova.1977,"Karla, Šlechtová",F,2014-10-08,"['head', 'member', 'minister', 'representative']",['ANO2011'],['Centre to centre-right'],['Lower house']
CZ-KaterinaKonecna.1981,"Kateřina, Konečná",F,2002-06-15,"['deputyHead', 'head', 'member', 'observer', 'replacement', 'representative', 'verifier']",['Komunistická strana Čech a Moravy'],['Left to far-left'],['Lower house']
CZ-KaterinaValachova.1976,"Kateřina, Valachová",F,2015-06-17,"['deputyHead', 'head', 'member', 'minister', 'representative', 'verifier']",['Česká strana sociálně demokratická'],['Centre-left'],['Lower house']
CZ-KlaraDostalova.1971,"Klára, Dostálová",F,2017-10-21,"['deputyHead', 'head', 'member', 'minister', 'representative']",['ANO2011'],['Centre to centre-right'],['Lower house']
CZ-KlaraKocmanova.1992,"Klára, Kocmanová",F,2021-10-09,"['deputyHead', 'head', 'member', 'representative', 'verifier']",['Pirati+STAN'],['Centre'],['Lower house']
CZ-KordovaMarvanova,"Kordová, Marvanová",nan,nan,[],[],[],[]
CZ-KristynaZelienkova.1974,"Kristýna, Zelienková",F,2013-10-26,"['deputyHead', 'head', 'member', 'representative', 'verifier']",['ANO2011'],['Centre to centre-right'],['Lower house']
CZ-KvetaMatusovska.1984,"Květa, Matušovská",F,2010-05-29,"['deputyHead', 'member', 'representative', 'verifier']",['Komunistická strana Čech a Moravy'],['Left to far-left'],['Lower house']
CZ-LadislavKos,"Ladislav, Kos",M,2016-10-15,['member'],[],[],['Upper house']
CZ-LadislavOklestek.1961,"Ladislav, Okleštěk",M,2013-10-26,"['deputyHead', 'head', 'member', 'representative']",['ANO2011'],['Centre to centre-right'],['Lower house']
CZ-LadislavSincl.1965,"Ladislav, Šincl",M,2006-06-03,"['deputyHead', 'head', 'member', 'representative']",['Česká strana sociálně demokratická'],['Centre-left'],['Lower house']
CZ-LadislavVelebny.1957,"Ladislav, Velebný",M,2006-06-03,"['deputyHead', 'head', 'member', 'representative', 'verifier']",['Česká strana sociálně demokratická'],['Centre-left'],['Lower house']
CZ-LenkaDrazilova.1963,"Lenka, Dražilová",F,2017-10-21,"['head', 'member', 'representative']",['ANO2011'],['Centre to centre-right'],['Lower house']
CZ-LenkaKnechtova.1975,"Lenka, Knechtová",F,2021-10-09,"['member', 'representative']",['ANO2011'],['Centre to centre-right'],['Lower house']
CZ-LenkaKozlova.1960,"Lenka, Kozlová",F,2017-10-21,"['head', 'member', 'representative', 'verifier']",['Česká pirátská strana'],['Centre to centre-left'],['Lower house']
CZ-LeoLuzar.1964,"Leo, Luzar",M,2013-10-26,"['deputyHead', 'head', 'member', 'representative', 'verifier']",['Komunistická strana Čech a Moravy'],['Left to far-left'],['Lower house']
CZ-LeopoldSulovsky.1954,"Leopold, Sulovský",M,2012-10-20,['member'],[],[],"['Upper house', 'Upper house']"
CZ-LeosHeger.1948,"Leoš, Heger",M,2010-05-29,"['deputyHead', 'member', 'minister', 'representative']",['TOP 09'],['Centre-right'],['Lower house']
CZ-LiborHoppe.1962,"Libor, Hoppe",M,2017-10-21,"['member', 'representative']",['Občanská demokratická strana'],['Centre-right to right'],['Lower house']
CZ-LiborMichalek,"Libor, Michálek",M,2012-10-20,['member'],[],[],['Upper house']
CZ-LiborTurek.1971,"Libor, Turek",M,2021-10-09,"['deputyHead', 'member', 'representative']",['Spolu'],['Centre-right'],['Lower house']
CZ-LubomirBroz.1966,"Lubomír, Brož",M,2021-10-09,"['deputyHead', 'member', 'representative']",['ANO2011'],['Centre to centre-right'],['Lower house']
CZ-LubomirMetnar.1967,"Lubomír, Metnar",M,2017-12-13,"['head', 'member', 'minister', 'representative']",['ANO2011'],['Centre to centre-right'],['Lower house']
CZ-LubomirSpanel.1955,"Lubomír, Španěl",M,2017-10-21,"['deputyHead', 'member', 'representative', 'verifier']",['Svoboda a prima demokracie - Tomio Okamura'],['Right to far-right'],['Lower house']
CZ-LubomirToufar.1954,"Lubomír, Toufar",M,2013-10-26,"['deputyHead', 'member', 'representative']",['Česká strana sociálně demokratická'],['Centre-left'],['Lower house']
CZ-LubomirVolny.1973,"Lubomír, Volný",M,2017-10-21,"['deputyHead', 'head', 'member', 'representative']",['Svoboda a prima demokracie - Tomio Okamura'],['Right to far-right'],['Lower house']
CZ-LubomirWenzl.1968,"Lubomír, Wenzl",M,2021-10-09,"['member', 'representative']",['ANO2011'],['Centre to centre-right'],['Lower house']
CZ-LubomirZaoralek.1956,"Lubomír, Zaorálek",M,1990-01-30,"['deputyHead', 'head', 'member', 'minister', 'representative']",['Česká strana sociálně demokratická'],['Centre-left'],"['Unicameralism', 'Lower house']"
CZ-LuciePotuckova.1975,"Lucie, Potůčková",F,2021-10-09,"['deputyHead', 'head', 'member', 'representative']",['Pirati+STAN'],['Centre'],['Lower house']
CZ-LucieSafrankova.1987,"Lucie, Šafránková",F,2017-10-21,"['deputyHead', 'member', 'representative', 'verifier']",['Svoboda a prima demokracie - Tomio Okamura'],['Right to far-right'],['Lower house']
CZ-LudvikHovorka.1963,"Ludvík, Hovorka",M,2002-06-15,"['deputyHead', 'head', 'member', 'replacement', 'representative']","['Koalice', 'Křesťanská a demokratická unie - Československá strana lidová']","[nan, 'Centre to centre-right']",['Lower house']
CZ-LukasBarton.1981,"Lukáš, Bartoň",M,2017-10-21,"['deputyHead', 'head', 'member', 'representative']",['Česká pirátská strana'],['Centre to centre-left'],['Lower house']
CZ-LukasCernohorsky.1984,"Lukáš, Černohorský",M,2017-10-21,"['deputyHead', 'head', 'member', 'representative', 'verifier']",['Česká pirátská strana'],['Centre to centre-left'],['Lower house']
CZ-LukasKolarik.1984,"Lukáš, Kolářík",M,2017-10-21,"['deputyHead', 'head', 'member', 'representative', 'verifier']",['Česká pirátská strana'],['Centre to centre-left'],['Lower house']
CZ-LukasManhart,"Lukáš, Manhart",nan,nan,[],[],[],[]
CZ-LukasPleticha.1974,"Lukáš, Pleticha",M,2013-10-26,"['head', 'member', 'representative']",['Česká strana sociálně demokratická'],['Centre-left'],['Lower house']
CZ-LukasVagner.1980,"Lukáš, Vágner",M,2017-10-21,"['member', 'representative']",['Česká strana sociálně demokratická'],['Centre-left'],['Lower house']
CZ-LukasVlcek.1982,"Lukáš, Vlček",M,2021-10-09,"['deputyHead', 'head', 'member', 'representative']",['Pirati+STAN'],['Centre'],['Lower house']
CZ-LukasWagenknecht,"Lukáš, Wagenknecht",M,2018-10-13,['member'],[],[],"['Upper house', 'Upper house']"
CZ-LumirKantor,"Lumír, Kantor",M,2016-10-15,['member'],[],[],"['Upper house', 'Upper house']"
CZ-MarcelChladek,"Marcel, Chládek",M,2008-10-25,"['member', 'minister']",[],[],['Upper house']
CZ-MarcelaMelkova.1971,"Marcela, Melková",F,2017-10-21,"['deputyHead', 'member', 'representative', 'verifier']",['ANO2011'],['Centre to centre-right'],['Lower house']
CZ-MarekBenda.1968,"Marek, Benda",M,1990-02-06,"['deputyHead', 'head', 'member', 'representative', 'verifier']","['Občanská demokratická strana', 'Spolu']","['Centre-right to right', 'Centre-right']","['Unicameralism', 'Lower house']"
CZ-MarekCernoch.1969,"Marek, Černoch",M,2013-10-26,"['deputyHead', 'head', 'member', 'replacement', 'representative', 'verifier']",['Úsvit přímé demokracie Tomia Okamury'],['Far-right'],['Lower house']
CZ-MarekHilser,"Marek, Hilšer",M,2018-10-13,['member'],[],[],"['Upper house', 'Upper house']"
CZ-MarekNovak.1976,"Marek, Novák",M,2017-10-21,"['deputyHead', 'head', 'member', 'representative', 'verifier']",['ANO2011'],['Centre to centre-right'],['Lower house']
CZ-MarekRojicek,"Marek, Rojíček",nan,nan,[],[],[],[]
CZ-MarekVyborny.1976,"Marek, Výborný",M,2017-10-21,"['deputyHead', 'head', 'member', 'minister', 'representative', 'verifier']","['Křesťanská a demokratická unie - Československá strana lidová', 'Spolu']","['Centre to centre-right', 'Centre-right']",['Lower house']
CZ-MarekZenisek.1978,"Marek, Ženíšek",M,2013-10-26,"['deputyHead', 'head', 'member', 'replacement', 'representative']","['Spolu', 'TOP 09']","['Centre-right', 'Centre-right']",['Lower house']
CZ-MargitaBalastikova.1967,"Margita, Balaštíková",F,2013-10-26,"['deputyHead', 'head', 'member', 'representative', 'verifier']",['ANO2011'],['Centre to centre-right'],['Lower house']
CZ-MarianBojko.1962,"Marian, Bojko",M,2017-10-21,"['deputyHead', 'member', 'replacement', 'representative', 'verifier']",['Svoboda a prima demokracie - Tomio Okamura'],['Right to far-right'],['Lower house']
CZ-MarianJurecka.1981,"Marian, Jurečka",M,2013-10-26,"['deputyHead', 'head', 'member', 'minister', 'representative']","['Křesťanská a demokratická unie - Československá strana lidová', 'Spolu']","['Centre to centre-right', 'Centre-right']",['Lower house']
CZ-MarieBenesova.1948,"Marie, Benešová",F,2013-07-10,"['deputyHead', 'member', 'minister', 'representative']",['Česká strana sociálně demokratická'],['Centre-left'],['Lower house']
CZ-MarieJilkova.1977,"Marie, Jílková",F,2021-10-09,"['deputyHead', 'head', 'member', 'representative']",['Spolu'],['Centre-right'],['Lower house']
CZ-MariePencikova.1979,"Marie, Pěnčíková",F,2013-10-26,"['deputyHead', 'head', 'member', 'representative', 'verifier']",['Komunistická strana Čech a Moravy'],['Left to far-left'],['Lower house']
CZ-MariePosarova.1980,"Marie, Pošarová",F,2021-10-09,"['head', 'member', 'representative', 'verifier']",['Svoboda a prima demokracie - Tomio Okamura'],['Right to far-right'],['Lower house']
CZ-MarketaPekarovaAdamova.1984,"Markéta, Pekarová Adamová",F,2013-10-26,"['deputyHead', 'head', 'member', 'representative', 'verifier']","['Spolu', 'TOP 09']","['Centre-right', 'Centre-right']",['Lower house']
CZ-MarketaWernerova.1983,"Markéta, Wernerová",F,2013-10-26,"['deputyHead', 'member', 'representative']",['Česká strana sociálně demokratická'],['Centre-left'],['Lower house']
CZ-MartaNovakova.1954,"Marta, Nováková",F,2018-06-27,"['member', 'minister']",[],[],[]
CZ-MartaSemelova.1960,"Marta, Semelová",F,2010-05-29,"['deputyHead', 'head', 'member', 'representative', 'verifier']",['Komunistická strana Čech a Moravy'],['Left to far-left'],['Lower house']
CZ-MartinBaxa.1975,"Martin, Baxa",M,2017-10-21,"['deputyHead', 'head', 'member', 'minister', 'representative', 'verifier']","['Občanská demokratická strana', 'Spolu']","['Centre-right to right', 'Centre-right']",['Lower house']
CZ-MartinCervicek,"Martin, Červíček",M,2018-10-13,['member'],[],[],"['Upper house', 'Upper house']"
CZ-MartinDvorak.1956,"Martin, Dvořák",M,2023-05-04,"['member', 'minister']",[],[],[]
CZ-MartinElkan,"Martin, Elkán",nan,nan,[],[],[],[]
CZ-MartinExner.1963,"Martin, Exner",M,2021-10-09,"['deputyHead', 'member', 'representative', 'verifier']",['Pirati+STAN'],['Centre'],['Lower house']
CZ-MartinHajek.1970,"Martin, Hájek",M,2021-10-09,"['head', 'member', 'representative']",['Pirati+STAN'],['Centre'],['Lower house']
CZ-MartinHolcat.1954,"Martin, Holcát",M,2013-07-10,"['member', 'minister']",[],[],[]
CZ-MartinJiranek.1978,"Martin, Jiránek",M,2017-10-21,"['deputyHead', 'head', 'member', 'representative']",['Česká pirátská strana'],['Centre to centre-left'],['Lower house']
CZ-MartinKolovratnik.1975,"Martin, Kolovratník",M,2013-10-26,"['deputyHead', 'head', 'member', 'representative']",['ANO2011'],['Centre to centre-right'],['Lower house']
CZ-MartinKomarek.1961,"Martin, Komárek",M,2013-10-26,"['head', 'member', 'representative']",['ANO2011'],['Centre to centre-right'],['Lower house']
CZ-MartinKukla.1982,"Martin, Kukla",M,2021-10-09,"['deputyHead', 'member', 'representative']",['ANO2011'],['Centre to centre-right'],['Lower house']
CZ-MartinKupka.1975,"Martin, Kupka",M,2017-10-21,"['deputyHead', 'member', 'minister', 'representative']","['Občanská demokratická strana', 'Spolu']","['Centre-right to right', 'Centre-right']",['Lower house']
CZ-MartinLank.1976,"Martin, Lank",M,2013-10-26,"['deputyHead', 'head', 'member', 'representative']",['Úsvit přímé demokracie Tomia Okamury'],['Far-right'],['Lower house']
CZ-MartinMajor.1979,"Martin, Major",M,2021-10-09,"['head', 'member', 'representative']",['Spolu'],['Centre-right'],['Lower house']
CZ-MartinNetolicky,"Martin, Netolický",nan,nan,[],[],[],[]
CZ-MartinNovotny.1972,"Martin, Novotný",M,2013-10-26,"['head', 'member', 'representative']",['Občanská demokratická strana'],['Centre-right to right'],['Lower house']
CZ-MartinPecina.1968,"Martin, Pecina",M,2005-08-29,"['deputyHead', 'head', 'member', 'minister', 'representative']",['Česká strana sociálně demokratická'],['Centre-left'],['Lower house']
CZ-MartinPlisek.1974,"Martin, Plíšek",M,2013-10-26,"['deputyHead', 'head', 'member', 'representative']",['TOP 09'],['Centre-right'],['Lower house']
CZ-MartinPuta,"Martin, Půta",nan,nan,[],[],[],[]
CZ-MartinPuta.1971,"Martin, Půta",M,2017-10-21,"['member', 'representative']",['Starostove a nezavisli'],['Centre to centre-right'],['Lower house']
CZ-MartinSedlar.1972,"Martin, Sedlář",M,2013-10-26,"['deputyHead', 'head', 'member', 'replacement', 'representative']",['ANO2011'],['Centre to centre-right'],['Lower house']
CZ-MartinStropnicky.1956,"Martin, Stropnický",M,1998-01-02,"['deputyHead', 'head', 'member', 'minister', 'representative']",['ANO2011'],['Centre to centre-right'],['Lower house']
CZ-MartinTesarik.1954,"Martin, Tesařík",M,2006-06-03,"['deputyHead', 'head', 'member', 'representative']",['Česká strana sociálně demokratická'],['Centre-left'],"['Lower house', 'Upper house']"
CZ-MartinaBerdychova.1971,"Martina, Berdychová",F,2013-10-26,"['deputyHead', 'head', 'member', 'representative', 'verifier']",['ANO2011'],['Centre to centre-right'],['Lower house']
CZ-MartinaOchodnicka.1983,"Martina, Ochodnická",F,2021-10-09,"['deputyHead', 'head', 'member', 'representative', 'verifier']",['Spolu'],['Centre-right'],['Lower house']
CZ-MatejFichtner.1984,"Matěj, Fichtner",M,2013-10-26,"['deputyHead', 'member', 'representative', 'verifier']",['ANO2011'],['Centre to centre-right'],['Lower house']
CZ-MatejOndrejHavel.1987,"Matěj Ondřej, Havel",M,2021-10-09,"['deputyHead', 'head', 'member', 'representative', 'verifier']",['Spolu'],['Centre-right'],['Lower house']
CZ-MichaelCanov,"Michael, Canov",M,2016-10-15,['member'],[],[],"['Upper house', 'Upper house']"
CZ-MichaelKohajda.1981,"Michael, Kohajda",M,2021-10-09,"['deputyHead', 'head', 'member', 'representative']",['Spolu'],['Centre-right'],['Lower house']
CZ-MichaelRataj.1969,"Michael, Rataj",M,2021-10-09,"['deputyHead', 'head', 'member', 'representative']",['Pirati+STAN'],['Centre'],['Lower house']
CZ-MichaelaMarksova.1969,"Michaela, Marksová",F,2014-01-29,"['member', 'minister']",[],[],[]
CZ-MichaelaOpltova.1985,"Michaela, Opltová",F,2021-10-09,"['deputyHead', 'member', 'representative']",['Pirati+STAN'],['Centre'],['Lower house']
CZ-MichaelaSebelova.1982,"Michaela, Šebelová",F,2021-10-09,"['head', 'member', 'replacement', 'representative']",['Pirati+STAN'],['Centre'],['Lower house']
CZ-MichalHasek.1976,"Michal, Hašek",M,2002-06-15,"['deputyHead', 'head', 'member', 'representative']",['Česká strana sociálně demokratická'],['Centre-left'],['Lower house']
CZ-MichalKortys,"Michal, Kortyš",M,2018-10-13,['member'],[],[],"['Upper house', 'Upper house']"
CZ-MichalKucera.1968,"Michal, Kučera",M,2013-10-26,"['deputyHead', 'head', 'member', 'representative']","['Spolu', 'TOP 09']","['Centre-right', 'Centre-right']",['Lower house']
CZ-MichalRatiborsky.1981,"Michal, Ratiborský",M,2017-10-21,"['deputyHead', 'head', 'member', 'replacement', 'representative']",['ANO2011'],['Centre to centre-right'],['Lower house']
CZ-MichalSalomoun.1974,"Michal, Šalomoun",M,2021-12-17,"['member', 'minister']",[],[],[]
CZ-MichalZuna.1982,"Michal, Zuna",M,2021-10-09,"['deputyHead', 'head', 'member', 'replacement', 'representative', 'verifier']",['Spolu'],['Centre-right'],['Lower house']
CZ-MikulasBek.1964,"Mikuláš, Bek",M,2018-10-13,"['member', 'minister']",[],[],"['Upper house', 'Upper house']"
CZ-MikulasFerjencik.1987,"Mikuláš, Ferjenčík",M,2017-10-21,"['deputyHead', 'member', 'representative', 'verifier']",['Česká pirátská strana'],['Centre to centre-left'],['Lower house']
CZ-MikulasPeksa.1986,"Mikuláš, Peksa",M,2017-10-21,"['deputyHead', 'head', 'member', 'replacement', 'representative', 'verifier']",['Česká pirátská strana'],['Centre to centre-left'],['Lower house']
CZ-MiladaEmmerova.1944,"Milada, Emmerová",F,1996-06-01,"['deputyHead', 'head', 'member', 'minister', 'representative']",['Česká strana sociálně demokratická'],['Centre-left'],"['Lower house', 'Upper house']"
CZ-MiladaHalikova.1950,"Milada, Halíková",F,2006-06-03,"['deputyHead', 'head', 'member', 'representative']",['Komunistická strana Čech a Moravy'],['Left to far-left'],['Lower house']
CZ-MiladaVoborska.1972,"Milada, Voborská",F,2021-10-09,"['deputyHead', 'member', 'representative', 'verifier']",['Pirati+STAN'],['Centre'],['Lower house']
CZ-MilanBrazdil.1962,"Milan, Brázdil",M,2013-10-26,"['deputyHead', 'head', 'member', 'representative']",['ANO2011'],['Centre to centre-right'],['Lower house']
CZ-MilanChovanec.1970,"Milan, Chovanec",M,2013-10-26,"['deputyHead', 'member', 'minister', 'representative']",['Česká strana sociálně demokratická'],['Centre-left'],['Lower house']
CZ-MilanFeranec.1964,"Milan, Feranec",M,2017-10-21,"['deputyHead', 'member', 'representative']",['ANO2011'],['Centre to centre-right'],['Lower house']
CZ-MilanHnilicka.1973,"Milan, Hnilička",M,2017-10-21,"['deputyHead', 'head', 'member', 'representative', 'verifier']",['ANO2011'],['Centre to centre-right'],['Lower house']
CZ-MilanPour.1965,"Milan, Pour",M,2017-10-21,"['member', 'representative']",['ANO2011'],['Centre to centre-right'],['Lower house']
CZ-MilanSarapatka.1955,"Milan, Šarapatka",M,2013-10-26,"['head', 'member', 'replacement', 'representative']",['Úsvit přímé demokracie Tomia Okamury'],['Far-right'],['Lower house']
CZ-MilanStech,"Milan, Štěch",M,1996-11-23,['member'],[],[],['Upper house']
CZ-MilanUrban.1958,"Milan, Urban",M,1998-06-20,"['deputyHead', 'head', 'member', 'minister', 'representative']",['Česká strana sociálně demokratická'],['Centre-left'],['Lower house']
CZ-MilanWenzl.1959,"Milan, Wenzl",M,2021-10-09,"['member', 'representative']",['ANO2011'],['Centre to centre-right'],['Lower house']
CZ-MilosBabis.1960,"Miloš, Babiš",M,2013-10-26,"['member', 'representative', 'verifier']",['ANO2011'],['Centre to centre-right'],['Lower house']
CZ-MilosNovy.1960,"Miloš, Nový",M,2021-10-09,"['deputyHead', 'member', 'representative']",['Spolu'],['Centre-right'],['Lower house']
CZ-MilosPetera,"Miloš, Petera",nan,nan,[],[],[],[]
CZ-MilosPetera.1958,"Miloš, Petera",M,2013-10-26,"['deputyHead', 'member', 'representative']",['Česká strana sociálně demokratická'],['Centre-left'],['Lower house']
CZ-MilosVystrcil.1960,"Miloš, Vystrčil",M,1999-07-13,['member'],[],[],"['Upper house', 'Upper house']"
CZ-MilosZeman.1944,"Miloš, Zeman",M,1990-01-30,"['head', 'member', 'representative']",['Česká strana sociálně demokratická'],['Centre-left'],"['Unicameralism', 'Unicameralism', 'Lower house']"
CZ-MiloslavBaciak.1952,"Miloslav, Bačiak",M,2013-10-26,"['member', 'representative']",['ANO2011'],['Centre to centre-right'],['Lower house']
CZ-MiloslavJanulik.1962,"Miloslav, Janulík",M,2013-10-26,"['deputyHead', 'head', 'member', 'representative']",['ANO2011'],['Centre to centre-right'],['Lower house']
CZ-MiloslavKala,"Miloslav, Kala",nan,nan,[],[],[],[]
CZ-MiloslavLudvik.1963,"Miloslav, Ludvík",M,2016-12-01,"['member', 'minister']",[],[],[]
CZ-MiloslavRozner.1977,"Miloslav, Rozner",M,2017-10-21,"['head', 'member', 'representative']",['Svoboda a prima demokracie - Tomio Okamura'],['Right to far-right'],['Lower house']
CZ-MiloslavaRutova.1947,"Miloslava, Rutová",F,2013-10-26,"['deputyHead', 'member', 'representative']",['ANO2011'],['Centre to centre-right'],['Lower house']
CZ-MiloslavaVostra.1965,"Miloslava, Vostrá",F,2002-06-15,"['deputyHead', 'head', 'member', 'representative', 'verifier']",['Komunistická strana Čech a Moravy'],['Left to far-left'],['Lower house']
CZ-MiluseHorska,"Miluše, Horská",F,2010-10-23,['member'],[],[],"['Upper house', 'Upper house']"
CZ-MiroslavAntl.1955,"Miroslav, Antl",M,2008-10-25,['member'],[],[],['Upper house']
CZ-MiroslavBalatka,"Miroslav, Balatka",M,2018-10-13,['member'],[],[],"['Upper house', 'Upper house']"
CZ-MiroslavGrebenicek.1947,"Miroslav, Grebeníček",M,1990-01-30,"['deputyHead', 'member', 'representative']",['Komunistická strana Čech a Moravy'],['Left to far-left'],"['Unicameralism', 'Unicameralism', 'Lower house']"
CZ-MiroslavKalousek.1960,"Miroslav, Kalousek",M,1998-06-20,"['deputyHead', 'head', 'member', 'minister', 'representative', 'verifier']","['Koalice', 'Křesťanská a demokratická unie - Československá strana lidová', 'TOP 09']","[nan, 'Centre to centre-right', 'Centre-right']",['Lower house']
CZ-MiroslavNenutil,"Miroslav, Nenutil",M,2008-10-25,['member'],[],[],['Upper house']
CZ-MiroslavOpalka.1952,"Miroslav, Opálka",M,2002-06-15,"['deputyHead', 'head', 'member', 'replacement', 'representative']",['Komunistická strana Čech a Moravy'],['Left to far-left'],['Lower house']
CZ-MiroslavSamas.1966,"Miroslav, Samaš",M,2017-10-21,"['member', 'representative']",['ANO2011'],['Centre to centre-right'],['Lower house']
CZ-MiroslavSinger,"Miroslav, Singer",nan,nan,[],[],[],[]
CZ-MiroslavToman.1960,"Miroslav, Toman",M,2013-07-10,"['member', 'minister']",[],[],[]
CZ-MiroslavZborovsky.1980,"Miroslav, Zborovský",M,2021-10-09,"['head', 'member', 'representative', 'verifier']",['Spolu'],['Centre-right'],['Lower house']
CZ-MiroslavaNemcova.1952,"Miroslava, Němcová",F,1998-06-20,"['deputyHead', 'head', 'member', 'replacement', 'representative', 'verifier']",['Občanská demokratická strana'],['Centre-right to right'],"['Lower house', 'Upper house', 'Upper house']"
CZ-MiroslavaStrnadlova.1954,"Miroslava, Strnadlová",F,2010-05-29,"['deputyHead', 'member', 'representative']",['Česká strana sociálně demokratická'],['Centre-left'],['Lower house']
CZ-MonikaCervickova.1967,"Monika, Červíčková",F,2017-10-21,"['member', 'representative']",['ANO2011'],['Centre to centre-right'],['Lower house']
CZ-MonikaJarosova.1970,"Monika, Jarošová",F,2017-10-21,"['deputyHead', 'head', 'member', 'replacement', 'representative', 'verifier']",['Svoboda a prima demokracie - Tomio Okamura'],['Right to far-right'],['Lower house']
CZ-MonikaOborna.1989,"Monika, Oborná",F,2017-10-21,"['deputyHead', 'head', 'member', 'representative', 'verifier']",['ANO2011'],['Centre to centre-right'],['Lower house']
CZ-NinaNovakova.1954,"Nina, Nováková",F,2013-10-26,"['deputyHead', 'member', 'representative', 'verifier']","['Spolu', 'TOP 09']","['Centre-right', 'Centre-right']",['Lower house']
CZ-OldrichCerny.1965,"Oldřich, Černý",M,2021-10-09,"['head', 'member', 'representative', 'verifier']",['Svoboda a prima demokracie - Tomio Okamura'],['Right to far-right'],['Lower house']
CZ-OlgaHavlova.1953,"Olga, Havlová",F,2013-10-26,"['deputyHead', 'member', 'representative', 'verifier']",['Úsvit přímé demokracie Tomia Okamury'],['Far-right'],['Lower house']
CZ-OlgaRichterova.1985,"Olga, Richterová",F,2017-10-21,"['deputyHead', 'head', 'member', 'representative', 'verifier']","['Pirati+STAN', 'Česká pirátská strana']","['Centre', 'Centre to centre-left']",['Lower house']
CZ-OlgaSommerova.1949,"Olga, Sommerová",F,2017-10-21,"['member', 'representative']",['TOP 09'],['Centre-right'],['Lower house']
CZ-OndrejBabka.1994,"Ondřej, Babka",M,2017-10-21,"['deputyHead', 'head', 'member', 'representative']",['ANO2011'],['Centre to centre-right'],['Lower house']
CZ-OndrejBenesik.1976,"Ondřej, Benešík",M,2013-10-26,"['deputyHead', 'head', 'member', 'replacement', 'representative', 'verifier']","['Křesťanská a demokratická unie - Československá strana lidová', 'Spolu']","['Centre to centre-right', 'Centre-right']",['Lower house']
CZ-OndrejKolar.1984,"Ondřej, Kolář",M,2021-10-09,"['deputyHead', 'head', 'member', 'replacement', 'representative', 'verifier']",['Spolu'],['Centre-right'],['Lower house']
CZ-OndrejLochman.1980,"Ondřej, Lochman",M,2021-10-09,"['deputyHead', 'head', 'member', 'replacement', 'representative']",['Pirati+STAN'],['Centre'],['Lower house']
CZ-OndrejPolansky.1984,"Ondřej, Polanský",M,2017-10-21,"['deputyHead', 'head', 'member', 'representative', 'verifier']",['Česká pirátská strana'],['Centre to centre-left'],['Lower house']
CZ-OndrejProfant.1988,"Ondřej, Profant",M,2017-10-21,"['deputyHead', 'head', 'member', 'representative', 'verifier']",['Česká pirátská strana'],['Centre to centre-left'],['Lower house']
CZ-OndrejVesely.1976,"Ondřej, Veselý",M,2017-10-21,"['deputyHead', 'head', 'member', 'representative', 'verifier']",['Česká strana sociálně demokratická'],['Centre-left'],['Lower house']
CZ-PatrikNacher.1974,"Patrik, Nacher",M,2017-10-21,"['deputyHead', 'head', 'member', 'representative', 'verifier']",['ANO2011'],['Centre to centre-right'],['Lower house']
CZ-PaulRyan,"Paul, Ryan",nan,nan,[],[],[],[]
CZ-PavelAntonin.1962,"Pavel, Antonín",M,2010-05-29,"['deputyHead', 'head', 'member', 'representative']",['Česká strana sociálně demokratická'],['Centre-left'],['Lower house']
CZ-PavelBelobradek.1976,"Pavel, Bělobrádek",M,2013-10-26,"['deputyHead', 'head', 'member', 'minister', 'representative']","['Křesťanská a demokratická unie - Československá strana lidová', 'Spolu']","['Centre to centre-right', 'Centre-right']",['Lower house']
CZ-PavelBlazek.1969,"Pavel, Blažek",M,2012-07-03,"['deputyHead', 'head', 'member', 'minister', 'representative', 'verifier']","['Občanská demokratická strana', 'Spolu']","['Centre-right to right', 'Centre-right']",['Lower house']
CZ-PavelCihak.1960,"Pavel, Čihák",M,2013-10-26,"['member', 'representative', 'verifier']",['ANO2011'],['Centre to centre-right'],['Lower house']
CZ-PavelEybert,"Pavel, Eybert",M,1996-11-23,['member'],[],[],['Upper house']
CZ-PavelHavir.1955,"Pavel, Havíř",M,2013-10-26,"['member', 'representative']",['Česká strana sociálně demokratická'],['Centre-left'],['Lower house']
CZ-PavelHolik.1957,"Pavel, Holík",M,2010-05-29,"['deputyHead', 'head', 'member', 'replacement', 'representative']",['Česká strana sociálně demokratická'],['Centre-left'],['Lower house']
CZ-PavelJelinek.1962,"Pavel, Jelínek",M,2017-10-21,"['deputyHead', 'head', 'member', 'replacement', 'representative', 'verifier']",['Svoboda a prima demokracie - Tomio Okamura'],['Right to far-right'],['Lower house']
CZ-PavelJuricek.1956,"Pavel, Juříček",M,2017-10-21,"['deputyHead', 'head', 'member', 'representative']",['ANO2011'],['Centre to centre-right'],['Lower house']
CZ-PavelKasnik.1964,"Pavel, Kašník",M,2021-10-09,"['head', 'member', 'representative']",['Spolu'],['Centre-right'],['Lower house']
CZ-PavelKlima.1971,"Pavel, Klíma",M,2021-10-09,"['deputyHead', 'head', 'member', 'representative']",['Spolu'],['Centre-right'],['Lower house']
CZ-PavelKovacik.1955,"Pavel, Kováčik",M,1996-06-01,"['deputyHead', 'head', 'member', 'representative', 'verifier']",['Komunistická strana Čech a Moravy'],['Left to far-left'],['Lower house']
CZ-PavelPloc.1964,"Pavel, Ploc",M,2006-06-03,"['deputyHead', 'head', 'member', 'representative', 'verifier']",['Česká strana sociálně demokratická'],['Centre-left'],['Lower house']
CZ-PavelPlzak.1960,"Pavel, Plzák",M,2013-10-26,"['deputyHead', 'head', 'member', 'representative', 'verifier']",['ANO2011'],['Centre to centre-right'],['Lower house']
CZ-PavelPustejovsky.1972,"Pavel, Pustějovský",M,2017-10-21,"['deputyHead', 'head', 'member', 'representative']",['ANO2011'],['Centre to centre-right'],['Lower house']
CZ-PavelRuzicka.1970,"Pavel, Růžička",M,2017-10-21,"['deputyHead', 'head', 'member', 'representative', 'verifier']",['ANO2011'],['Centre to centre-right'],['Lower house']
CZ-PavelSindelar.1980,"Pavel, Šindelář",M,2017-10-21,"['member', 'representative']",['Občanská demokratická strana'],['Centre-right to right'],['Lower house']
CZ-PavelSramek.1965,"Pavel, Šrámek",M,2013-10-26,"['deputyHead', 'member', 'representative']",['ANO2011'],['Centre to centre-right'],['Lower house']
CZ-PavelStanek.1967,"Pavel, Staněk",M,2017-10-21,"['member', 'representative']",['ANO2011'],['Centre to centre-right'],['Lower house']
CZ-PavelStanek.1973,"Pavel, Staněk",M,2010-05-29,"['deputyHead', 'head', 'member', 'replacement', 'representative']","['Občanská demokratická strana', 'Spolu']","['Centre-right to right', 'Centre-right']",['Lower house']
CZ-PavelStern,"Pavel, Štern",nan,nan,[],[],[],[]
CZ-PavelStohl,"Pavel, Štohl",M,2014-10-18,['member'],[],[],['Upper house']
CZ-PavelSvoboda.1987,"Pavel, Svoboda",M,2021-10-09,"['head', 'member', 'representative']",['Spolu'],['Centre-right'],['Lower house']
CZ-PavelVolcik.1950,"Pavel, Volčík",M,2013-10-26,"['member', 'representative']",['ANO2011'],['Centre to centre-right'],['Lower house']
CZ-PavelZacek.1969,"Pavel, Žáček",M,2001-05-25,"['deputyHead', 'head', 'member', 'replacement', 'representative', 'verifier']","['Občanská demokratická strana', 'Spolu']","['Centre-right to right', 'Centre-right']",['Lower house']
CZ-PavlaGolasowska.1964,"Pavla, Golasowská",F,2013-10-26,"['deputyHead', 'member', 'representative', 'verifier']","['Křesťanská a demokratická unie - Československá strana lidová', 'Spolu']","['Centre to centre-right', 'Centre-right']",['Lower house']
CZ-PavlaPivonkaVankova.1976,"Pavla, Pivoňka Vaňková",F,2021-10-09,"['deputyHead', 'head', 'member', 'representative']",['Pirati+STAN'],['Centre'],['Lower house']
CZ-PavlaSvrcinova,"Pavla, Svrčinová",nan,nan,[],[],[],[]
CZ-PavlinaNytrova.1968,"Pavlína, Nytrová",F,2013-10-26,"['deputyHead', 'member', 'representative', 'verifier']",['Česká strana sociálně demokratická'],['Centre-left'],['Lower house']
CZ-PeterKoliba,"Peter, Koliba",M,2014-10-18,['member'],[],[],['Upper house']
CZ-PetrAdam.1982,"Petr, Adam",M,2013-10-26,"['deputyHead', 'member', 'representative']",['Úsvit přímé demokracie Tomia Okamury'],['Far-right'],['Lower house']
CZ-PetrArenberger.1958,"Petr, Arenberger",M,2018-01-24,"['member', 'minister', 'replacement']",[],[],[]
CZ-PetrBeitl.1966,"Petr, Beitl",M,2017-10-21,"['deputyHead', 'head', 'member', 'replacement', 'representative']","['Občanská demokratická strana', 'Spolu']","['Centre-right to right', 'Centre-right']",['Lower house']
CZ-PetrBendl.1966,"Petr, Bendl",M,1998-06-20,"['deputyHead', 'head', 'member', 'minister', 'representative']","['Občanská demokratická strana', 'Spolu']","['Centre-right to right', 'Centre-right']",['Lower house']
CZ-PetrBratsky.1955,"Petr, Bratský",M,2002-06-15,"['deputyHead', 'head', 'member', 'replacement', 'representative', 'verifier']",['Občanská demokratická strana'],['Centre-right to right'],"['Lower house', 'Upper house']"
CZ-PetrDolinek.1981,"Petr, Dolínek",M,2017-10-21,"['deputyHead', 'head', 'member', 'representative', 'verifier']",['Česká strana sociálně demokratická'],['Centre-left'],['Lower house']
CZ-PetrFiala,"Petr, Fiala",M,2022-09-24,['member'],[],[],['Upper house']
CZ-PetrFiala.1964,"Petr, Fiala",M,2012-05-02,"['deputyHead', 'head', 'member', 'minister', 'representative']","['Občanská demokratická strana', 'Spolu']","['Centre-right to right', 'Centre-right']",['Lower house']
CZ-PetrFifka.1967,"Petr, Fifka",M,2021-10-09,"['deputyHead', 'head', 'member', 'representative', 'verifier']",['Spolu'],['Centre-right'],['Lower house']
CZ-PetrGawlas,"Petr, Gawlas",M,2010-10-23,['member'],[],[],['Upper house']
CZ-PetrGazdik.1974,"Petr, Gazdík",M,2010-05-29,"['deputyHead', 'head', 'member', 'minister', 'representative', 'verifier']","['Pirati+STAN', 'Starostove a nezavisli', 'TOP 09']","['Centre', 'Centre to centre-right', 'Centre-right']",['Lower house']
CZ-PetrHladik,"Petr, Hladík",M,2023-03-10,"['member', 'minister']",[],[],[]
CZ-PetrHolecek.1957,"Petr, Holeček",M,2010-05-29,"['member', 'representative']",['TOP 09'],['Centre-right'],"['Lower house', 'Upper house']"
CZ-PetrKorenek.1966,"Petr, Kořenek",M,2013-10-26,"['deputyHead', 'head', 'member', 'representative']",['Česká strana sociálně demokratická'],['Centre-left'],['Lower house']
CZ-PetrKrcal.1964,"Petr, Krčál",M,2018-06-27,"['member', 'minister']",[],[],[]
CZ-PetrKudela.1969,"Petr, Kudela",M,2013-10-26,"['deputyHead', 'member', 'representative']",['Křesťanská a demokratická unie - Československá strana lidová'],['Centre to centre-right'],['Lower house']
CZ-PetrLetocha.1984,"Petr, Letocha",M,2021-10-09,"['deputyHead', 'head', 'member', 'representative']",['Pirati+STAN'],['Centre'],['Lower house']
CZ-PetrLiska.1970,"Petr, Liška",M,2021-10-09,"['head', 'member', 'representative']",['Pirati+STAN'],['Centre'],['Lower house']
CZ-PetrOrel,"Petr, Orel",M,2016-10-15,['member'],[],[],['Upper house']
CZ-PetrPavek.1963,"Petr, Pávek",M,2017-10-21,"['member', 'replacement', 'representative', 'verifier']",['Starostove a nezavisli'],['Centre to centre-right'],['Lower house']
CZ-PetrPavel,"Petr, Pavel",nan,nan,[],[],[],[]
CZ-PetrSadovsky.1969,"Petr, Sadovský",M,2017-10-21,"['deputyHead', 'head', 'member', 'representative']",['ANO2011'],['Centre to centre-right'],['Lower house']
CZ-PetrSilar,"Petr, Šilar",M,2010-10-23,['member'],[],[],['Upper house']
CZ-PetrTresnak.1983,"Petr, Třešňák",M,2017-10-21,"['deputyHead', 'member', 'replacement', 'representative']",['Česká pirátská strana'],['Centre to centre-left'],['Lower house']
CZ-PetrVenhoda.1986,"Petr, Venhoda",M,2017-10-21,"['deputyHead', 'member', 'representative']",['ANO2011'],['Centre to centre-right'],['Lower house']
CZ-PetrVicha,"Petr, Vícha",M,2006-10-28,['member'],[],[],"['Upper house', 'Upper house']"
CZ-PetrVrana.1975,"Petr, Vrána",M,2017-10-21,"['deputyHead', 'member', 'representative', 'verifier']",['ANO2011'],['Centre to centre-right'],['Lower house']
CZ-PetraQuittova.1972,"Petra, Quittová",F,2021-10-09,"['deputyHead', 'head', 'member', 'representative']",['Pirati+STAN'],['Centre'],['Lower house']
CZ-PremyslMalis.1980,"Přemysl, Mališ",M,2017-10-21,"['deputyHead', 'member', 'representative']",['ANO2011'],['Centre to centre-right'],['Lower house']
CZ-RadekHolomcik.1985,"Radek, Holomčík",M,2017-10-21,"['deputyHead', 'member', 'representative', 'verifier']",['Česká pirátská strana'],['Centre to centre-left'],['Lower house']
CZ-RadekKoten.1965,"Radek, Koten",M,2017-10-21,"['head', 'member', 'representative']",['Svoboda a prima demokracie - Tomio Okamura'],['Right to far-right'],['Lower house']
CZ-RadekRozvoral.1967,"Radek, Rozvoral",M,2017-10-21,"['deputyHead', 'member', 'representative', 'verifier']",['Svoboda a prima demokracie - Tomio Okamura'],['Right to far-right'],['Lower house']
CZ-RadekVondracek.1973,"Radek, Vondráček",M,2013-10-26,"['deputyHead', 'head', 'member', 'representative', 'verifier']",['ANO2011'],['Centre to centre-right'],['Lower house']
CZ-RadekZlesak.1983,"Radek, Zlesák",M,2017-10-21,"['member', 'representative', 'verifier']",['ANO2011'],['Centre to centre-right'],['Lower house']
CZ-RadimFiala.1969,"Radim, Fiala",M,2006-06-03,"['deputyHead', 'head', 'member', 'representative']","['Občanská demokratická strana', 'Svoboda a prima demokracie - Tomio Okamura', 'Úsvit přímé demokracie Tomia Okamury']","['Centre-right to right', 'Right to far-right', 'Far-right']",['Lower house']
CZ-RadimHolecek.1976,"Radim, Holeček",M,2013-10-26,"['head', 'member', 'representative', 'verifier']",['Občanská demokratická strana'],['Centre-right to right'],['Lower house']
CZ-RadimHolis.1975,"Radim, Holiš",M,2021-10-09,"['member', 'representative']",['ANO2011'],['Centre to centre-right'],['Lower house']
CZ-RadkaMaxova.1968,"Radka, Maxová",F,2013-10-26,"['deputyHead', 'head', 'member', 'representative', 'verifier']",['ANO2011'],['Centre to centre-right'],['Lower house']
CZ-RadkoMartinek.1956,"Radko, Martínek",M,1998-06-20,"['deputyHead', 'head', 'member', 'minister', 'representative']",['Česká strana sociálně demokratická'],['Centre-left'],"['Lower house', 'Upper house']"
CZ-RadovanVich.1964,"Radovan, Vích",M,2017-10-21,"['deputyHead', 'head', 'member', 'representative', 'verifier']",['Svoboda a prima demokracie - Tomio Okamura'],['Right to far-right'],['Lower house']
CZ-RaduanNwelati,"Raduan, Nwelati",M,2018-10-13,['member'],[],[],"['Upper house', 'Upper house']"
CZ-RenataOulehlova.1968,"Renata, Oulehlová",F,2021-10-09,"['deputyHead', 'head', 'member', 'representative']",['ANO2011'],['Centre to centre-right'],['Lower house']
CZ-RenataZajickova.1967,"Renáta, Zajíčková",F,2021-10-09,"['head', 'member', 'representative', 'verifier']",['Spolu'],['Centre-right'],['Lower house']
CZ-ReneCip.1974,"René, Číp",M,2013-10-26,"['deputyHead', 'member', 'representative']",['Komunistická strana Čech a Moravy'],['Left to far-left'],['Lower house']
CZ-RichardBrabec.1966,"Richard, Brabec",M,2013-10-26,"['deputyHead', 'member', 'minister', 'representative']",['ANO2011'],['Centre to centre-right'],['Lower house']
CZ-RichardDolejs.1970,"Richard, Dolejš",M,2006-06-03,"['deputyHead', 'head', 'member', 'representative']",['Česká strana sociálně demokratická'],['Centre-left'],['Lower house']
CZ-RobertKralicek.1977,"Robert, Králíček",M,2017-10-21,"['deputyHead', 'head', 'member', 'replacement', 'representative', 'verifier']",['ANO2011'],['Centre to centre-right'],['Lower house']
CZ-RobertPelikan.1979,"Robert, Pelikán",M,2015-03-12,"['member', 'minister', 'representative']",['ANO2011'],['Centre to centre-right'],['Lower house']
CZ-RobertPlaga.1978,"Robert, Plaga",M,2017-12-13,"['member', 'minister']",[],[],[]
CZ-RobertStrzinek.1968,"Robert, Stržínek",M,2021-10-09,"['head', 'member', 'representative']",['ANO2011'],['Centre to centre-right'],['Lower house']
CZ-RobertTeleky.1967,"Róbert, Teleky",M,2021-10-09,"['head', 'member', 'representative']",['Spolu'],['Centre-right'],['Lower house']
CZ-RobinBohnisch.1976,"Robin, Böhnisch",M,2002-06-15,"['deputyHead', 'head', 'member', 'representative']",['Česká strana sociálně demokratická'],['Centre-left'],['Lower house']
CZ-RomKostrica.1949,"Rom, Kostřica",M,2010-05-29,"['deputyHead', 'head', 'member', 'replacement', 'representative']",['TOP 09'],['Centre-right'],['Lower house']
CZ-RomanBelor.1958,"Roman, Bělor",M,2021-10-09,"['deputyHead', 'head', 'member', 'representative']",['Pirati+STAN'],['Centre'],['Lower house']
CZ-RomanKraus,"Roman, Kraus",M,2020-10-10,['member'],[],[],"['Upper house', 'Upper house']"
CZ-RomanKubicek.1963,"Roman, Kubíček",M,2013-10-26,"['deputyHead', 'head', 'member', 'replacement', 'representative', 'verifier']",['ANO2011'],['Centre to centre-right'],['Lower house']
CZ-RomanLinek,"Roman, Línek",nan,nan,[],[],[],[]
CZ-RomanOnderka.1965,"Roman, Onderka",M,2017-10-21,"['deputyHead', 'head', 'member', 'representative']",['Česká strana sociálně demokratická'],['Centre-left'],['Lower house']
CZ-RomanProchazka.1968,"Roman, Procházka",M,2013-10-26,"['head', 'member', 'representative']",['ANO2011'],['Centre to centre-right'],['Lower house']
CZ-RomanPrymula.1964,"Roman, Prymula",M,2020-09-21,"['member', 'minister']",[],[],[]
CZ-RomanSklenak.1970,"Roman, Sklenák",M,2010-05-29,"['deputyHead', 'head', 'member', 'representative', 'verifier']",['Česká strana sociálně demokratická'],['Centre-left'],['Lower house']
CZ-RomanVana.1966,"Roman, Váňa",M,2010-05-29,"['deputyHead', 'head', 'member', 'representative', 'verifier']",['Česká strana sociálně demokratická'],['Centre-left'],['Lower house']
CZ-RomanaBelohlavkova.1965,"Romana, Bělohlávková",F,2021-10-09,"['deputyHead', 'head', 'member', 'representative']",['Spolu'],['Centre-right'],['Lower house']
CZ-RomanaFischerova.1969,"Romana, Fischerová",F,2021-10-09,"['deputyHead', 'head', 'member', 'representative']",['ANO2011'],['Centre to centre-right'],['Lower house']
CZ-RostislavVyzula.1952,"Rostislav, Vyzula",M,2013-10-26,"['head', 'member', 'representative']",['ANO2011'],['Centre to centre-right'],['Lower house']
CZ-RudolfSalvetr.1964,"Rudolf, Salvetr",M,2021-10-09,"['deputyHead', 'member', 'representative']",['Spolu'],['Centre-right'],['Lower house']
CZ-SarkaJelinkova,"Šárka, Jelínková",F,2016-10-15,['member'],[],[],['Upper house']
CZ-SimeonKaramazov.1963,"Simeon, Karamazov",M,2013-10-26,"['head', 'member', 'replacement', 'representative', 'verifier']",['Občanská demokratická strana'],['Centre-right to right'],['Lower house']
CZ-SimonHeller.1988,"Šimon, Heller",M,2021-10-09,"['deputyHead', 'head', 'member', 'representative']",['Spolu'],['Centre-right'],['Lower house']
CZ-SonaMarkova.1963,"Soňa, Marková",F,2002-06-15,"['deputyHead', 'head', 'member', 'representative', 'verifier']",['Komunistická strana Čech a Moravy'],['Left to far-left'],['Lower house']
CZ-StanislavBerkovec.1956,"Stanislav, Berkovec",M,2013-10-26,"['deputyHead', 'head', 'member', 'representative', 'verifier']",['ANO2011'],['Centre to centre-right'],['Lower house']
CZ-StanislavBlaha.1969,"Stanislav, Blaha",M,2017-10-21,"['deputyHead', 'head', 'member', 'representative']","['Občanská demokratická strana', 'Spolu']","['Centre-right to right', 'Centre-right']",['Lower house']
CZ-StanislavFridrich.1956,"Stanislav, Fridrich",M,2017-10-21,"['deputyHead', 'head', 'member', 'representative']",['ANO2011'],['Centre to centre-right'],['Lower house']
CZ-StanislavGrospic.1964,"Stanislav, Grospič",M,1997-12-03,"['deputyHead', 'head', 'member', 'replacement', 'representative', 'verifier']",['Komunistická strana Čech a Moravy'],['Left to far-left'],['Lower house']
CZ-StanislavHuml.1955,"Stanislav, Huml",M,2010-05-29,"['deputyHead', 'member', 'representative']","['Česká strana sociálně demokratická', 'Věci veřejné']","['Centre-left', 'Centre-right']",['Lower house']
CZ-StanislavJuranek.1956,"Stanislav, Juránek",M,2010-10-23,"['deputyHead', 'member', 'representative']",['Křesťanská a demokratická unie - Československá strana lidová'],['Centre to centre-right'],"['Lower house', 'Upper house']"
CZ-StanislavKrecek,"Stanislav, Křeček",nan,nan,[],[],[],[]
CZ-StanislavMackovik.1967,"Stanislav, Mackovík",M,2013-10-26,"['deputyHead', 'member', 'representative', 'verifier']",['Komunistická strana Čech a Moravy'],['Left to far-left'],['Lower house']
CZ-StanislavPfleger.1958,"Stanislav, Pfléger",M,2013-10-26,"['deputyHead', 'member', 'representative']",['ANO2011'],['Centre to centre-right'],['Lower house']
CZ-StanislavPolcak.1980,"Stanislav, Polčák",M,2010-05-29,"['deputyHead', 'head', 'member', 'representative', 'verifier']",['TOP 09'],['Centre-right'],['Lower house']
CZ-StanislavStech.1954,"Stanislav, Štech",M,2017-06-21,"['member', 'minister']",[],[],[]
CZ-StepanStupcuk.1976,"Štěpán, Stupčuk",M,2013-10-26,"['deputyHead', 'member', 'representative']",['Česká strana sociálně demokratická'],['Centre-left'],['Lower house']
CZ-SvatoplukNemecek.1972,"Svatopluk, Němeček",M,2014-01-29,"['member', 'minister']",[],[],[]
CZ-TatanaMala.1981,"Taťána, Malá",F,2017-10-21,"['deputyHead', 'head', 'member', 'minister', 'representative']",['ANO2011'],['Centre to centre-right'],['Lower house']
CZ-TerezaHythova.1995,"Tereza, Hyťhová",F,2017-10-21,"['deputyHead', 'member', 'representative', 'verifier']",['Svoboda a prima demokracie - Tomio Okamura'],['Right to far-right'],['Lower house']
CZ-TomPhilipp.1968,"Tom, Philipp",M,2018-01-24,"['deputyHead', 'member', 'representative', 'verifier']",['Spolu'],['Centre-right'],['Lower house']
CZ-TomasCzernin,"Tomáš, Czernin",M,2016-10-15,['member'],[],[],"['Upper house', 'Upper house']"
CZ-TomasDubsky.1973,"Tomáš, Dubský",M,2021-10-09,"['deputyHead', 'member', 'representative', 'verifier']",['Pirati+STAN'],['Centre'],['Lower house']
CZ-TomasGolan,"Tomáš, Goláň",M,2018-05-26,['member'],[],[],"['Upper house', 'Upper house']"
CZ-TomasHanzel.1975,"Tomáš, Hanzel",M,2017-10-21,"['deputyHead', 'member', 'replacement', 'representative', 'verifier']",['Česká strana sociálně demokratická'],['Centre-left'],['Lower house']
CZ-TomasHelebrant.1974,"Tomáš, Helebrant",M,2021-10-09,"['head', 'member', 'representative']",['ANO2011'],['Centre to centre-right'],['Lower house']
CZ-TomasHudecek,"Tomáš, Hudeček",nan,nan,[],[],[],[]
CZ-TomasHuner.1959,"Tomáš, Hüner",M,2017-12-13,"['member', 'minister']",[],[],[]
CZ-TomasJanPodivinsky.1969,"Tomáš Jan, Podivínský",M,2013-07-10,"['deputyHead', 'member', 'minister', 'representative']",['Křesťanská a demokratická unie - Československá strana lidová'],['Centre to centre-right'],['Lower house']
CZ-TomasKohoutek.1983,"Tomáš, Kohoutek",M,2017-10-21,"['deputyHead', 'head', 'member', 'replacement', 'representative', 'verifier']",['ANO2011'],['Centre to centre-right'],['Lower house']
CZ-TomasMartinek.1986,"Tomáš, Martínek",M,2017-10-21,"['deputyHead', 'member', 'representative']",['Česká pirátská strana'],['Centre to centre-left'],['Lower house']
CZ-TomasMuller.1966,"Tomáš, Müller",M,2021-10-09,"['deputyHead', 'member', 'representative']",['Pirati+STAN'],['Centre'],['Lower house']
CZ-TomasPetricek.1981,"Tomáš, Petříček",M,2018-10-16,"['member', 'minister']",[],[],[]
CZ-TomasVymazal.1990,"Tomáš, Vymazal",M,2017-10-21,"['deputyHead', 'head', 'member', 'representative', 'verifier']",['Česká pirátská strana'],['Centre to centre-left'],['Lower house']
CZ-TomioOkamura.1972,"Tomio, Okamura",M,2012-10-20,"['deputyHead', 'head', 'member', 'representative', 'verifier']","['Svoboda a prima demokracie - Tomio Okamura', 'Úsvit přímé demokracie Tomia Okamury']","['Right to far-right', 'Far-right']","['Lower house', 'Upper house']"
CZ-VaclavChaloupek,"Václav, Chaloupek",M,2016-10-15,['member'],[],[],['Upper house']
CZ-VaclavHampl,"Václav, Hampl",M,2014-10-18,['member'],[],[],['Upper house']
CZ-VaclavHomolka.1955,"Václav, Homolka",M,2007-04-21,['member'],[],[],['Upper house']
CZ-VaclavHoracek.1956,"Václav, Horáček",M,2010-05-29,"['deputyHead', 'head', 'member', 'representative']",['TOP 09'],['Centre-right'],['Lower house']
CZ-VaclavKlaus.1969,"Václav, Klaus",M,2017-10-21,"['head', 'member', 'representative', 'verifier']",['Občanská demokratická strana'],['Centre-right to right'],['Lower house']
CZ-VaclavKlucka.1953,"Václav, Klučka",M,1992-06-06,"['deputyHead', 'head', 'member', 'replacement', 'representative', 'verifier']",['Česká strana sociálně demokratická'],['Centre-left'],"['Unicameralism', 'Lower house']"
CZ-VaclavKral.1980,"Václav, Král",M,2021-10-09,"['head', 'member', 'representative']",['Spolu'],['Centre-right'],['Lower house']
CZ-VaclavLaska,"Václav, Láska",M,2014-10-18,['member'],[],[],"['Upper house', 'Upper house']"
CZ-VaclavSnopek.1951,"Václav, Snopek",M,2006-06-03,"['deputyHead', 'member', 'representative', 'verifier']",['Komunistická strana Čech a Moravy'],['Left to far-left'],['Lower house']
CZ-VaclavValhoda.1959,"Václav, Valhoda",M,2013-10-26,"['member', 'representative']",['Česká strana sociálně demokratická'],['Centre-left'],['Lower house']
CZ-VaclavVotava.1956,"Václav, Votava",M,2002-06-15,"['deputyHead', 'head', 'member', 'representative', 'verifier']",['Česká strana sociálně demokratická'],['Centre-left'],['Lower house']
CZ-VaclavZemek.1974,"Václav, Zemek",M,2010-05-29,"['deputyHead', 'head', 'member', 'representative', 'verifier']",['Česká strana sociálně demokratická'],['Centre-left'],['Lower house']
CZ-VeraAdamkova.1954,"Věra, Adámková",F,2014-02-06,"['deputyHead', 'head', 'member', 'representative']",['ANO2011'],['Centre to centre-right'],['Lower house']
CZ-VeraJourova.1964,"Věra, Jourová",F,2013-10-26,"['member', 'minister', 'representative']",['ANO2011'],['Centre to centre-right'],['Lower house']
CZ-VeraKovarova.1964,"Věra, Kovářová",F,2013-10-26,"['deputyHead', 'head', 'member', 'representative', 'verifier']","['Pirati+STAN', 'Starostove a nezavisli', 'TOP 09']","['Centre', 'Centre to centre-right', 'Centre-right']",['Lower house']
CZ-VeraProchazkova.1954,"Věra, Procházková",F,2017-10-21,"['deputyHead', 'head', 'member', 'representative']",['ANO2011'],['Centre to centre-right'],"['Lower house', 'Upper house']"
CZ-VeronikaVrecionova.1965,"Veronika, Vrecionová",F,2010-10-23,"['deputyHead', 'member', 'representative', 'verifier']",['Občanská demokratická strana'],['Centre-right to right'],"['Lower house', 'Upper house']"
CZ-ViktorVojtko.1978,"Viktor, Vojtko",M,2021-10-09,"['deputyHead', 'head', 'member', 'representative']",['Pirati+STAN'],['Centre'],['Lower house']
CZ-VitKankovsky.1970,"Vít, Kaňkovský",M,2013-10-26,"['deputyHead', 'head', 'member', 'representative', 'verifier']","['Křesťanská a demokratická unie - Československá strana lidová', 'Spolu']","['Centre to centre-right', 'Centre-right']",['Lower house']
CZ-VitRakusan.1978,"Vít, Rakušan",M,2017-10-21,"['deputyHead', 'head', 'member', 'minister', 'representative', 'verifier']","['Pirati+STAN', 'Starostove a nezavisli']","['Centre', 'Centre to centre-right']",['Lower house']
CZ-VitVomacka.1960,"Vít, Vomáčka",M,2021-10-09,"['head', 'member', 'representative', 'verifier']",['Spolu'],['Centre-right'],['Lower house']
CZ-VitezslavJandak.1947,"Vítězslav, Jandák",M,2005-08-17,"['deputyHead', 'head', 'member', 'minister', 'representative']",['Česká strana sociálně demokratická'],['Centre-left'],['Lower house']
CZ-VladimirBalas.1959,"Vladimír, Balaš",M,2021-10-09,"['deputyHead', 'head', 'member', 'minister', 'representative']",['Pirati+STAN'],['Centre'],['Lower house']
CZ-VladimirKonicek.1964,"Vladimír, Koníček",M,2002-06-15,"['deputyHead', 'head', 'member', 'representative', 'verifier']",['Komunistická strana Čech a Moravy'],['Left to far-left'],['Lower house']
CZ-VladimirKremlik.1972,"Vladimír, Kremlík",M,2019-04-30,"['member', 'minister']",[],[],[]
CZ-VladimirPlacek.1965,"Vladimír, Plaček",M,2001-02-28,['member'],[],[],['Upper house']
CZ-VladimirZlinsky.1964,"Vladimír, Zlínský",M,2021-10-09,"['head', 'member', 'representative']",['Svoboda a prima demokracie - Tomio Okamura'],['Right to far-right'],['Lower house']
CZ-VladimiraLesenska.1964,"Vladimíra, Lesenská",F,2006-06-03,"['deputyHead', 'head', 'member', 'representative', 'verifier']","['Česká strana sociálně demokratická', 'Svoboda a prima demokracie - Tomio Okamura']","['Centre-left', 'Right to far-right']",['Lower house']
CZ-VladislavVilimec.1963,"Vladislav, Vilímec",M,2006-06-03,"['deputyHead', 'head', 'member', 'representative', 'verifier']",['Občanská demokratická strana'],['Centre-right to right'],"['Lower house', 'Upper house', 'Upper house']"
CZ-VlastaBohdalova.1957,"Vlasta, Bohdalová",F,2006-06-03,"['deputyHead', 'head', 'member', 'representative']",['Česká strana sociálně demokratická'],['Centre-left'],['Lower house']
CZ-VlastimilGabrhel.1978,"Vlastimil, Gabrhel",M,2013-10-26,"['member', 'representative']",['Česká strana sociálně demokratická'],['Centre-left'],['Lower house']
CZ-VlastimilPicek.1956,"Vlastimil, Picek",M,2013-03-19,"['member', 'minister']",[],[],[]
CZ-VlastimilValek.1960,"Vlastimil, Válek",M,2017-10-21,"['deputyHead', 'head', 'member', 'minister', 'representative', 'verifier']","['Spolu', 'TOP 09']","['Centre-right', 'Centre-right']",['Lower house']
CZ-VlastimilVozka.1954,"Vlastimil, Vozka",M,2013-10-26,"['deputyHead', 'member', 'representative']",['ANO2011'],['Centre to centre-right'],['Lower house']
CZ-VojtechAdam.1950,"Vojtěch, Adam",M,2006-06-03,"['member', 'representative']",['Komunistická strana Čech a Moravy'],['Left to far-left'],['Lower house']
CZ-VojtechFilip.1955,"Vojtěch, Filip",M,1990-06-07,"['deputyHead', 'head', 'member', 'representative', 'verifier']",['Komunistická strana Čech a Moravy'],['Left to far-left'],"['Unicameralism', 'Lower house']"
CZ-VojtechMunzar.1976,"Vojtěch, Munzar",M,2017-10-21,"['deputyHead', 'head', 'member', 'representative', 'verifier']","['Občanská demokratická strana', 'Spolu']","['Centre-right to right', 'Centre-right']",['Lower house']
CZ-VojtechPikal.1987,"Vojtěch, Pikal",M,2017-10-21,"['deputyHead', 'head', 'member', 'representative', 'verifier']",['Česká pirátská strana'],['Centre to centre-left'],['Lower house']
CZ-VolodymyrZelenskyj,"Volodymyr, Zelenskyj",nan,nan,[],[],[],[]
CZ-ZbynekStanjura.1964,"Zbyněk, Stanjura",M,2010-05-29,"['deputyHead', 'head', 'member', 'minister', 'representative', 'verifier']","['Občanská demokratická strana', 'Spolu']","['Centre-right to right', 'Centre-right']",['Lower house']
CZ-ZdenekBerka,"Zdeněk, Berka",M,2012-10-20,['member'],[],[],['Upper house']
CZ-ZdenekBezecny.1971,"Zdeněk, Bezecný",M,2010-05-29,"['deputyHead', 'head', 'member', 'representative', 'verifier']",['TOP 09'],['Centre-right'],['Lower house']
CZ-ZdenekHovezak,"Zdeněk, Hověžák",nan,nan,[],[],[],[]
CZ-ZdenekHraba,"Zdeněk, Hraba",M,2018-10-13,['member'],[],[],"['Upper house', 'Upper house']"
CZ-ZdenekKettner.1974,"Zdeněk, Kettner",M,2021-10-09,"['deputyHead', 'member', 'representative', 'verifier']",['Svoboda a prima demokracie - Tomio Okamura'],['Right to far-right'],['Lower house']
CZ-ZdenekNekula.1970,"Zdeněk, Nekula",M,2022-01-03,"['member', 'minister']",[],[],[]
CZ-ZdenekNytra,"Zdeněk, Nytra",M,2016-10-15,['member'],[],[],"['Upper house', 'Upper house']"
CZ-ZdenekOndracek.1969,"Zdeněk, Ondráček",M,2013-10-26,"['deputyHead', 'head', 'member', 'replacement', 'representative', 'verifier']",['Komunistická strana Čech a Moravy'],['Left to far-left'],['Lower house']
CZ-ZdenekPapousek,"Zdeněk, Papoušek",M,2014-10-18,['member'],[],[],['Upper house']
CZ-ZdenekPodal.1953,"Zdeněk, Podal",M,2017-10-21,"['deputyHead', 'head', 'member', 'representative', 'verifier']",['Svoboda a prima demokracie - Tomio Okamura'],['Right to far-right'],['Lower house']
CZ-ZdenekSoukup.1952,"Zdeněk, Soukup",M,2013-10-26,"['head', 'member', 'representative']",['ANO2011'],['Centre to centre-right'],['Lower house']
CZ-ZdenekSyblik.1956,"Zdeněk, Syblík",M,2013-10-26,"['deputyHead', 'member', 'representative']",['Česká strana sociálně demokratická'],['Centre-left'],['Lower house']
CZ-ZdenekZak.1968,"Zdeněk, Žák",M,2013-07-10,"['member', 'minister']",[],[],[]
CZ-ZdenkaHamousova,"Zdeňka, Hamousová",F,2014-10-18,['member'],[],[],['Upper house']
CZ-ZdenkaNemeckovaCrkvenjas.1976,"Zdenka, Němečková Crkvenjaš",F,2021-10-09,"['deputyHead', 'head', 'member', 'representative']",['Spolu'],['Centre-right'],['Lower house']
CZ-ZuzanaKailova.1974,"Zuzana, Kailová",F,2013-10-26,"['head', 'member', 'representative']",['Česká strana sociálně demokratická'],['Centre-left'],['Lower house']
CZ-ZuzanaMajerovaZahradnikova.1972,"Zuzana, Majerová Zahradníková",F,2017-10-21,"['deputyHead', 'head', 'member', 'representative']",['Občanská demokratická strana'],['Centre-right to right'],['Lower house']
CZ-ZuzanaOzanova.1970,"Zuzana, Ožanová",F,2017-10-21,"['deputyHead', 'member', 'representative', 'verifier']",['ANO2011'],['Centre to centre-right'],['Lower house']
CZ-ZuzanaSanova.1959,"Zuzana, Šánová",F,2013-10-26,"['member', 'representative']",['ANO2011'],['Centre to centre-right'],['Lower house']
CZ-ZuzkaBebarovaRujbrova.1951,"Zuzka, Bebarová Rujbrová",F,1996-06-01,"['deputyHead', 'head', 'member', 'representative', 'verifier']",['Komunistická strana Čech a Moravy'],['Left to far-left'],['Lower house']
