name_id,name,gender,term_start,roles,parties,party_orientation,legislative_branch
BE-Legio,"L, Egio",nan,nan,[],[],[],[]
BE-VanderDoncktWim,"Wim, Van der Donckt",M,2017-03-09,['member'],[],[],['Lower house']
BE-AvontroodtYolande,"Yolande, Avontroodt",F,2003-06-05,['member'],[],[],['Lower house']
BE-VanackereSteven,"Steven, Vanackere",M,2010-07-06,"['deputyHead', 'member']",[],[],['Lower house']
BE-HamalOlivier,"Olivier, Hamal",M,2007-06-28,['member'],[],[],['Lower house']
BE-LansensPatrick,"Patrick, Lansens",M,2003-07-14,['member'],[],[],['Lower house']
BE-SimonetMarieDominique,"Marie-Dominique, Simonet",F,2007-06-28,['member'],[],[],['Lower house']
BE-YzerbytDamien,"Damien, Yzerbyt",M,2004-07-30,['member'],[],[],['Lower house']
BE-MusinLinda,"Linda, Musin",F,2007-06-28,['member'],[],[],['Lower house']
BE-WilmèsSophie,"Sophie, Wilmès",F,2014-10-14,"['deputyHead', 'head', 'member', 'minister']",[],[],['Lower house']
BE-SchryversKatrien,"Katrien, Schryvers",F,2005-01-13,['member'],[],[],['Lower house']
BE-DonnéJoy,"Joy, Donné",M,2019-10-03,['member'],[],[],['Lower house']
BE-SamynEllen,"Ellen, Samyn",F,2019-06-20,['member'],[],[],['Lower house']
BE-DoomstMichel,"Michel, Doomst",M,2007-06-28,['member'],[],[],['Lower house']
BE-LambertMarieClaire,"Marie-Claire, Lambert",F,2003-06-05,['member'],[],[],['Lower house']
BE-GietThierry,"Thierry, Giet",M,2003-06-05,['member'],[],[],['Lower house']
BE-CasloNancy,"Nancy, Caslo",F,2003-06-05,['member'],[],[],['Lower house']
BE-CortoisWilly,"Willy, Cortois",M,2003-06-05,['member'],[],[],['Lower house']
BE-MaertensBert,"Bert, Maertens",M,2010-07-20,['member'],[],[],['Lower house']
BE-DupontChristian,"Christian, Dupont",M,2007-06-28,['member'],[],[],['Lower house']
BE-PirlotSébastian,"Sébastian, Pirlot",M,2014-06-19,['member'],[],[],['Lower house']
BE-DenisRobert,"Robert, Denis",M,2003-06-05,['member'],[],[],['Lower house']
BE-GilsonNathalie,"Nathalie, Gilson",F,2020-03-17,['member'],[],[],['Lower house']
BE-VanhiePaul,"Paul, Vanhie",M,2009-07-02,['member'],[],[],['Lower house']
BE-LahbibHadja,"Hadja, Lahbib",F,2022-07-15,"['member', 'minister']",[],[],[]
BE-PlatteauEva,"Eva, Platteau",F,2019-06-20,['member'],[],[],['Lower house']
BE-LijnenNele,"Nele, Lijnen",F,2014-06-19,['member'],[],[],['Lower house']
BE-DallemagneGeorges,"Georges, Dallemagne",M,2008-03-20,['member'],[],[],['Lower house']
BE-DeCromSandrine,"Sandrine, De Crom",F,2018-12-06,['member'],[],[],['Lower house']
BE-BuysroggePeter,"Peter, Buysrogge",M,2014-06-19,['member'],[],[],['Lower house']
BE-VicaireAlbert,"Albert, Vicaire",M,2019-06-20,['member'],[],[],['Lower house']
BE-BacquelaineDaniel,"Daniel, Bacquelaine",M,2003-06-05,"['member', 'minister']",[],[],['Lower house']
BE-ChastelOlivier,"Olivier, Chastel",M,2003-06-05,['member'],[],[],['Lower house']
BE-SchiltzWillemFrederik,"Willem-Frederik, Schiltz",M,2007-06-28,['member'],[],[],['Lower house']
BE-OvertveldtJohan,"Johan, Overtveldt",M,2014-10-11,['member'],[],[],[]
BE-PerpèteAndré,"André, Perpète",M,2003-06-05,['member'],[],[],['Lower house']
BE-DeManFilip,"Filip, De Man",M,2003-06-05,['member'],[],[],['Lower house']
BE-DaemsHendrik,"Hendrik, Daems",M,2003-06-05,['member'],[],[],['Lower house']
BE-VanCampenhoutLudo,"Ludo, Van Campenhout",M,2003-06-05,['member'],[],[],['Lower house']
BE-DiRupoElio,"Elio, Di Rupo",M,2003-06-05,"['head', 'member']",[],[],['Lower house']
BE-GhenneVéronique,"Véronique, Ghenne",F,2004-07-01,['member'],[],[],['Lower house']
BE-StormsAnnelies,"Annelies, Storms",F,2003-06-05,['member'],[],[],['Lower house']
BE-GeertsDavid,"David, Geerts",M,2004-07-08,['member'],[],[],['Lower house']
BE-DermagnePierreYves,"Pierre-Yves, Dermagne",M,2020-10-01,"['deputyHead', 'member', 'minister']",[],[],[]
BE-DufraneAnthony,"Anthony, Dufrane",M,2010-07-06,['member'],[],[],['Lower house']
BE-BorsusWilly,"Willy, Borsus",M,2014-10-11,"['member', 'minister']",[],[],[]
BE-DermineThomas,"Thomas, Dermine",M,2020-10-01,['member'],[],[],[]
BE-VandeVeldeRobert,"Robert, Van de Velde",M,2007-06-28,['member'],[],[],['Lower house']
BE-NolletJeanMarc,"Jean-Marc, Nollet",M,2003-06-05,['member'],[],[],['Lower house']
BE-SchoofsBert,"Bert, Schoofs",M,2003-06-05,['member'],[],[],['Lower house']
BE-TurtelboomAnnemie,"Annemie, Turtelboom",F,2003-06-26,['member'],[],[],['Lower house']
BE-BenAchourMalik,"Malik, Ben Achour",M,2019-06-20,['member'],[],[],['Lower house']
BE-JadinKattrin,"Kattrin, Jadin",F,2007-06-28,['member'],[],[],['Lower house']
BE-LanjriNahima,"Nahima, Lanjri",F,2003-06-05,['member'],[],[],['Lower house']
BE-AnnemansGerolf,"Gerolf, Annemans",M,2003-06-05,['member'],[],[],['Lower house']
BE-VerhaertInga,"Inga, Verhaert",F,2004-07-08,['member'],[],[],['Lower house']
BE-CapoenAn,"An, Capoen",F,2014-06-19,['member'],[],[],['Lower house']
BE-BalcaenRonny,"Ronny, Balcaen",M,2009-07-16,['member'],[],[],['Lower house']
BE-DePotterJenne,"Jenne, De Potter",M,2008-01-17,['member'],[],[],['Lower house']
BE-DumeryDaphné,"Daphné, Dumery",F,2010-07-06,['member'],[],[],['Lower house']
BE-VanSteenbergeGerda,"Gerda, Van Steenberge",F,2003-06-05,['member'],[],[],['Lower house']
BE-ChabotJacques,"Jacques, Chabot",M,2003-06-05,['member'],[],[],['Lower house']
BE-LambrechtAnnick,"Annick, Lambrecht",F,2017-01-12,['member'],[],[],['Lower house']
BE-VanNoppenFlor,"Flor, Van Noppen",M,2007-06-28,['member'],[],[],['Lower house']
BE-GustinLuc,"Luc, Gustin",M,2004-07-01,['member'],[],[],['Lower house']
BE-DeGrootePatrick,"Patrick, De Groote",M,2004-07-30,['member'],[],[],['Lower house']
BE-JanssenWerner,"Werner, Janssen",M,2014-06-19,['member'],[],[],['Lower house']
BE-CalvoKristof,"Kristof, Calvo",M,2010-07-06,['member'],[],[],['Lower house']
BE-VanCampYoleen,"Yoleen, Van Camp",F,2014-06-19,['member'],[],[],['Lower house']
BE-MichelCharles,"Charles, Michel",M,2003-06-05,"['head', 'member']",[],[],['Lower house']
BE-JamarHervé,"Hervé, Jamar",M,2014-10-11,['member'],[],[],[]
BE-VerhelstKathleen,"Kathleen, Verhelst",F,2019-06-20,['member'],[],[],['Lower house']
BE-VanGoolGreet,"Greet, Van Gool",F,2003-06-05,['member'],[],[],['Lower house']
BE-TopAlain,"Alain, Top",M,2014-06-19,['member'],[],[],['Lower house']
BE-CassartMailleuxCaroline,"Caroline, Cassart-Mailleux",F,2014-06-19,['member'],[],[],['Lower house']
BE-MoriauPatrick,"Patrick, Moriau",M,2003-06-05,['member'],[],[],['Lower house']
BE-MassinEric,"Eric, Massin",M,2003-06-05,['member'],[],[],['Lower house']
BE-PonceletIsabelle,"Isabelle, Poncelet",F,2014-06-19,['member'],[],[],['Lower house']
BE-DaerdenMichel,"Michel, Daerden",M,2003-06-05,['member'],[],[],['Lower house']
BE-WerbrouckUlla,"Ulla, Werbrouck",F,2007-06-28,['member'],[],[],['Lower house']
BE-GoethalsSigrid,"Sigrid, Goethals",F,2020-09-17,['member'],[],[],['Lower house']
BE-CavdarliCemal,"Cemal, Cavdarli",M,2003-07-14,['member'],[],[],['Lower house']
BE-VanhengelGuy,"Guy, Vanhengel",M,2010-07-06,['member'],[],[],['Lower house']
BE-WarzéeCaverenneValérie,"Valérie, Warzée-Caverenne",F,2011-12-07,['member'],[],[],['Lower house']
BE-SimonetJacques,"Jacques, Simonet",M,2003-06-05,['member'],[],[],['Lower house']
BE-VanrobaeysAnja,"Anja, Vanrobaeys",F,2019-06-20,['member'],[],[],['Lower house']
BE-VanBiesenLuk,"Luk, Van Biesen",M,2004-07-21,['member'],[],[],['Lower house']
BE-YükselVeli,"Veli, Yüksel",M,2014-06-19,['member'],[],[],['Lower house']
BE-DelpéréeFrancis,"Francis, Delpérée",M,2014-06-19,['member'],[],[],['Lower house']
BE-CasaerDylan,"Dylan, Casaer",M,2004-09-15,['member'],[],[],['Lower house']
BE-DemotteRudy,"Rudy, Demotte",M,2003-06-05,['member'],[],[],['Lower house']
BE-deDonneaFrançoisXavier,"François-Xavier, de Donnea",M,2003-06-05,['member'],[],[],['Lower house']
BE-ParentNicolas,"Nicolas, Parent",M,2020-10-01,['member'],[],[],['Lower house']
BE-SnoyetdOppuersThérèse,"Thérèse, Snoy et d'Oppuers",F,2007-06-28,['member'],[],[],['Lower house']
BE-MoermanFientje,"Fientje, Moerman",F,2003-06-05,['member'],[],[],['Lower house']
BE-GorisStef,"Stef, Goris",M,2003-06-05,['member'],[],[],['Lower house']
BE-VanRoyDominique,"Dominique, Van Roy",M,2007-01-18,['member'],[],[],['Lower house']
BE-CornetCécile,"Cécile, Cornet",F,2020-10-01,['member'],[],[],['Lower house']
BE-DestrebecqOlivier,"Olivier, Destrebecq",M,2008-03-20,['member'],[],[],['Lower house']
BE-SomersIne,"Ine, Somers",F,2008-12-31,['member'],[],[],['Lower house']
BE-CoëmeGuy,"Guy, Coëme",M,2007-06-28,['member'],[],[],['Lower house']
BE-NagyMarie,"Marie, Nagy",F,2003-06-05,['member'],[],[],['Lower house']
BE-BleekerEva,"Eva, Bleeker",F,2020-10-01,['member'],[],[],[]
BE-VercamerStefaan,"Stefaan, Vercamer",M,2007-06-28,['member'],[],[],['Lower house']
BE-DeRammelaereEls,"Els, De Rammelaere",F,2007-06-28,['member'],[],[],['Lower house']
BE-VanDaeleLieve,"Lieve, Van Daele",F,2007-12-21,['member'],[],[],['Lower house']
BE-ValkeniersBruno,"Bruno, Valkeniers",M,2007-06-28,['member'],[],[],['Lower house']
BE-DedonderLudivine,"Ludivine, Dedonder",F,2019-06-20,"['member', 'minister']",[],[],['Lower house']
BE-VandeLanotteJohan,"Johan, Vande Lanotte",M,2003-06-05,"['deputyHead', 'member']",[],[],['Lower house']
BE-OnkelinxLaurette,"Laurette, Onkelinx",F,2003-06-05,"['deputyHead', 'member']",[],[],['Lower house']
BE-LouisLaurent,"Laurent, Louis",M,2010-07-06,['member'],[],[],['Lower house']
BE-DedeckerJeanMarie,"Jean-Marie, Dedecker",M,2007-06-10,['member'],[],[],['Lower house']
BE-CheronMarcel,"Marcel, Cheron",M,2014-06-19,['member'],[],[],['Lower house']
BE-SchlitzSarah,"Sarah, Schlitz",F,2018-10-18,['member'],[],[],['Lower house']
BE-MuylleNathalie,"Nathalie, Muylle",F,2004-07-08,"['member', 'minister']",[],[],['Lower house']
BE-LeysenChristian,"Christian, Leysen",M,2019-06-20,['member'],[],[],['Lower house']
BE-VanRompuyHerman,"Herman, Van Rompuy",M,2003-06-05,['member'],[],[],['Lower house']
BE-TillieuxEliane,"Eliane, Tillieux",F,2019-06-20,['member'],[],[],['Lower house']
BE-PismanKathleen,"Kathleen, Pisman",F,2022-05-25,['member'],[],[],['Lower house']
BE-SutterPetra,"Petra, Sutter",F,2020-10-01,"['deputyHead', 'member']",[],[],[]
BE-TasiauxDeNeysIsabelle,"Isabelle, Tasiaux-De Neys",F,2009-07-09,['member'],[],[],['Lower house']
BE-LanoPierre,"Pierre, Lano",M,2003-06-05,['member'],[],[],['Lower house']
BE-TaquinCaroline,"Caroline, Taquin",F,2019-06-20,['member'],[],[],['Lower house']
BE-BuryKatleen,"Katleen, Bury",F,2019-06-20,['member'],[],[],['Lower house']
BE-LavauxDavid,"David, Lavaux",M,2005-04-21,['member'],[],[],['Lower house']
BE-BarzinAnne,"Anne, Barzin",F,2003-06-05,['member'],[],[],['Lower house']
BE-VanGriekenTom,"Tom, Van Grieken",M,2019-06-20,['member'],[],[],['Lower house']
BE-NeytsUyttebroeckAnneMarie,"Anne-Marie, Neyts-Uyttebroeck",F,2003-06-05,['member'],[],[],['Lower house']
BE-PonthierAnnick,"Annick, Ponthier",F,2009-07-02,['member'],[],[],['Lower house']
BE-CourtoisAlain,"Alain, Courtois",M,2003-06-26,['member'],[],[],['Lower house']
BE-HedebouwRaoul,"Raoul, Hedebouw",M,2014-06-19,['member'],[],[],['Lower house']
BE-MoyaersBert,"Bert, Moyaers",M,2020-10-01,['member'],[],[],['Lower house']
BE-DeGuchtKarel,"Karel, De Gucht",M,2003-06-05,['member'],[],[],['Lower house']
BE-CreemersBarbara,"Barbara, Creemers",F,2019-06-20,['member'],[],[],['Lower house']
BE-BurtonEmmanuel,"Emmanuel, Burton",M,2019-06-20,['member'],[],[],['Lower house']
BE-FéretDaniel,"Daniel, Féret",M,2003-06-05,['member'],[],[],['Lower house']
BE-DepoorterKathleen,"Kathleen, Depoorter",F,2019-06-20,['member'],[],[],['Lower house']
BE-DewulfNathalie,"Nathalie, Dewulf",F,2019-06-20,['member'],[],[],['Lower house']
BE-PartykaKatrien,"Katrien, Partyka",F,2007-06-28,['member'],[],[],['Lower house']
BE-ReynaertVicky,"Vicky, Reynaert",F,2020-09-17,['member'],[],[],['Lower house']
BE-VanMoerReinilde,"Reinilde, Van Moer",F,2010-07-06,['member'],[],[],['Lower house']
BE-JabourMohammed,"Mohammed, Jabour",M,2012-12-13,['member'],[],[],['Lower house']
BE-VeysTanguy,"Tanguy, Veys",M,2010-07-06,['member'],[],[],['Lower house']
BE-CorthoutsMichel,"Michel, Corthouts",M,2018-10-04,['member'],[],[],['Lower house']
BE-FlahauxJeanJacques,"Jean-Jacques, Flahaux",M,2007-06-28,['member'],[],[],['Lower house']
BE-DieuCamille,"Camille, Dieu",F,2003-06-05,['member'],[],[],['Lower house']
BE-ChansonJulie,"Julie, Chanson",F,2019-06-20,['member'],[],[],['Lower house']
BE-DemonFranky,"Franky, Demon",M,2014-06-19,['member'],[],[],['Lower house']
BE-MeireLaurence,"Laurence, Meire",F,2013-01-10,['member'],[],[],['Lower house']
BE-LutgenBenoît,"Benoît, Lutgen",M,2010-07-06,['member'],[],[],['Lower house']
BE-deCosterBauchauSybille,"Sybille, de Coster-Bauchau",F,2014-06-19,['member'],[],[],['Lower house']
BE-GobletMarc,"Marc, Goblet",M,2019-06-20,['member'],[],[],['Lower house']
BE-DeVriendtWouter,"Wouter, De Vriendt",M,2007-06-28,['member'],[],[],['Lower house']
BE-LuykxPeter,"Peter, Luykx",M,2007-12-21,['member'],[],[],['Lower house']
BE-GobertGérard,"Gérard, Gobert",M,2003-06-26,['member'],[],[],['Lower house']
BE-EmmeryIsabelle,"Isabelle, Emmery",F,2011-12-07,['member'],[],[],['Lower house']
BE-VerduycktKris,"Kris, Verduyckt",M,2019-06-20,['member'],[],[],['Lower house']
BE-BackerPhilippe,"Philippe, Backer",M,2016-05-02,['member'],[],[],[]
BE-AntoineAndré,"André, Antoine",M,2007-06-28,['member'],[],[],['Lower house']
BE-SneppeDominiek,"Dominiek, Sneppe",F,2019-06-20,['member'],[],[],['Lower house']
BE-MeeusIngrid,"Ingrid, Meeus",F,2004-07-30,['member'],[],[],['Lower house']
BE-DelizéeJeanMarc,"Jean-Marc, Delizée",M,2003-06-05,['member'],[],[],['Lower house']
BE-TemsamaniAnissa,"Anissa, Temsamani",F,2003-05-18,['member'],[],[],['Lower house']
BE-HennuyLaurence,"Laurence, Hennuy",F,2019-10-03,['member'],[],[],['Lower house']
BE-ColebundersGaby,"Gaby, Colebunders",M,2019-06-20,['member'],[],[],['Lower house']
BE-DelannoisPaulOlivier,"Paul-Olivier, Delannois",M,2014-06-19,['member'],[],[],['Lower house']
BE-BremsEva,"Eva, Brems",F,2010-07-06,['member'],[],[],['Lower house']
BE-CoudyserCathy,"Cathy, Coudyser",F,2012-11-08,['member'],[],[],['Lower house']
BE-MatzVanessa,"Vanessa, Matz",F,2014-06-19,['member'],[],[],['Lower house']
BE-ViseurJeanJacques,"Jean-Jacques, Viseur",M,2003-06-05,['member'],[],[],['Lower house']
BE-BonaventureChanelle,"Chanelle, Bonaventure",F,2021-07-01,['member'],[],[],['Lower house']
BE-deLaveleyeSéverine,"Séverine, de Laveleye",F,2019-06-20,['member'],[],[],['Lower house']
BE-DeleuzeOlivier,"Olivier, Deleuze",M,2010-07-06,['member'],[],[],['Lower house']
BE-YalçinHilâl,"Hilâl, Yalçin",F,2007-06-28,['member'],[],[],['Lower house']
BE-DeCrooAlexander,"Alexander, De Croo",M,2012-10-22,"['deputyHead', 'head', 'member', 'minister']",[],[],[]
BE-TroostersFrank,"Frank, Troosters",M,2019-06-20,['member'],[],[],['Lower house']
BE-FremaultCéline,"Céline, Fremault",F,2014-06-19,['member'],[],[],['Lower house']
BE-DepraetereMelissa,"Melissa, Depraetere",F,2019-06-20,['member'],[],[],['Lower house']
BE-VanThemscheFrieda,"Frieda, Van Themsche",F,2003-06-05,['member'],[],[],['Lower house']
BE-PivinPhilippe,"Philippe, Pivin",M,2014-06-19,['member'],[],[],['Lower house']
BE-DeCaluwéRobby,"Robby, De Caluwé",M,2019-06-20,['member'],[],[],['Lower house']
BE-BecqSonja,"Sonja, Becq",F,2007-06-28,['member'],[],[],['Lower house']
BE-MertensPeter,"Peter, Mertens",M,2019-06-20,['member'],[],[],['Lower house']
BE-SaudoyerAnnick,"Annick, Saudoyer",F,2003-06-05,['member'],[],[],['Lower house']
BE-GeensKoen,"Koen, Geens",M,2013-03-05,"['deputyHead', 'member', 'minister']",[],[],[]
BE-RoggemanTomas,"Tomas, Roggeman",M,2019-06-20,['member'],[],[],['Lower house']
BE-MortelmansJan,"Jan, Mortelmans",M,2003-06-05,['member'],[],[],['Lower house']
BE-DrèzeBenoît,"Benoît, Drèze",M,2004-07-01,['member'],[],[],['Lower house']
BE-GoutryLuc,"Luc, Goutry",M,2003-06-05,['member'],[],[],['Lower house']
BE-VanderAuweraLiesbeth,"Liesbeth, Van der Auwera",F,2003-06-05,['member'],[],[],['Lower house']
BE-BayetHugues,"Hugues, Bayet",M,2019-06-20,['member'],[],[],['Lower house']
BE-GovaertsMarleen,"Marleen, Govaerts",F,2003-06-05,['member'],[],[],['Lower house']
BE-RaemaekersMagda,"Magda, Raemaekers",F,2006-12-07,['member'],[],[],['Lower house']
BE-VanParysTony,"Tony, Van Parys",M,2003-06-05,['member'],[],[],['Lower house']
BE-DeCremPieter,"Pieter, De Crem",M,2003-06-05,"['deputyHead', 'member', 'minister']",[],[],['Lower house']
BE-BrackeSiegfried,"Siegfried, Bracke",M,2010-07-06,['member'],[],[],['Lower house']
BE-DemeyerWilly,"Willy, Demeyer",M,2014-06-19,['member'],[],[],['Lower house']
BE-MarghemMarieChristine,"Marie-Christine, Marghem",F,2003-06-05,"['member', 'minister']",[],[],['Lower house']
BE-VermeulenBrecht,"Brecht, Vermeulen",M,2014-06-19,['member'],[],[],['Lower house']
BE-FernandezFernandezJulie,"Julie, Fernandez Fernandez",F,2010-07-06,['member'],[],[],['Lower house']
BE-WillaertEvita,"Evita, Willaert",F,2014-06-19,['member'],[],[],['Lower house']
BE-PiedboeufBenoît,"Benoît, Piedboeuf",M,2014-06-19,['member'],[],[],['Lower house']
BE-dellaFailledeLeverghemKatia,"Katia, della Faille de Leverghem",F,2007-06-28,['member'],[],[],['Lower house']
BE-VerhaertMarianne,"Marianne, Verhaert",F,2019-06-20,['member'],[],[],['Lower house']
BE-GenotZoé,"Zoé, Genot",F,2003-06-05,['member'],[],[],['Lower house']
BE-LetermeYves,"Yves, Leterme",M,2003-06-05,['member'],[],[],['Lower house']
BE-DaerdenFrédéric,"Frédéric, Daerden",M,2014-06-19,['member'],[],[],['Lower house']
BE-VautmansHilde,"Hilde, Vautmans",F,2003-06-05,['member'],[],[],['Lower house']
BE-VanEsbroeckJan,"Jan, Van Esbroeck",M,2010-07-06,['member'],[],[],['Lower house']
BE-VanQuickenborneVincent,"Vincent, Van Quickenborne",M,2004-07-21,"['deputyHead', 'member', 'minister']",[],[],['Lower house']
BE-GoyvaertsHagen,"Hagen, Goyvaerts",M,2003-06-05,['member'],[],[],['Lower house']
BE-DefosséGuillaume,"Guillaume, Defossé",M,2020-10-01,['member'],[],[],['Lower house']
BE-FonckCatherine,"Catherine, Fonck",F,2003-06-05,['member'],[],[],['Lower house']
BE-GrosemansKarolien,"Karolien, Grosemans",F,2010-07-06,['member'],[],[],['Lower house']
BE-DevinLaurent,"Laurent, Devin",M,2010-07-06,['member'],[],[],['Lower house']
BE-LalieuxKarine,"Karine, Lalieux",F,2003-06-05,"['member', 'minister']",[],[],['Lower house']
BE-ColiniaFrançoise,"Françoise, Colinia",F,2003-06-26,['member'],[],[],['Lower house']
BE-FournauxRichard,"Richard, Fournaux",M,2003-06-05,['member'],[],[],['Lower house']
BE-VindevoghelMaria,"Maria, Vindevoghel",F,2019-06-20,['member'],[],[],['Lower house']
BE-VanBossuytAnneleen,"Anneleen, Van Bossuyt",F,2019-06-20,['member'],[],[],['Lower house']
BE-SmaersGriet,"Griet, Smaers",F,2014-06-19,['member'],[],[],['Lower house']
BE-BellotFrançois,"François, Bellot",M,2003-06-05,"['member', 'minister']",[],[],['Lower house']
BE-GennezCaroline,"Caroline, Gennez",F,2010-07-06,['member'],[],[],['Lower house']
BE-DeSmetFrançois,"François, De Smet",M,2019-06-20,['member'],[],[],['Lower house']
BE-VandenhoveLudwig,"Ludwig, Vandenhove",M,2007-06-28,['member'],[],[],['Lower house']
BE-CrusnièreStéphane,"Stéphane, Crusnière",M,2014-07-30,['member'],[],[],['Lower house']
BE-SalviVéronique,"Véronique, Salvi",F,2007-01-11,['member'],[],[],['Lower house']
BE-ClarinvalDavid,"David, Clarinval",M,2007-12-21,"['deputyHead', 'member', 'minister']",[],[],['Lower house']
BE-SampaoliVincent,"Vincent, Sampaoli",M,2013-04-18,['member'],[],[],['Lower house']
BE-LaeremansBart,"Bart, Laeremans",M,2003-06-05,['member'],[],[],['Lower house']
BE-FreilichMichael,"Michael, Freilich",M,2019-06-20,['member'],[],[],['Lower house']
BE-LeoniLeslie,"Leslie, Leoni",F,2020-10-01,['member'],[],[],['Lower house']
BE-BouletJuliette,"Juliette, Boulet",F,2007-06-28,['member'],[],[],['Lower house']
BE-VanCauterCarina,"Carina, Van Cauter",F,2007-06-28,['member'],[],[],['Lower house']
BE-VanhesteAnn,"Ann, Vanheste",F,2010-07-06,['member'],[],[],['Lower house']
BE-VandenBroeckJaak,"Jaak, Van den Broeck",M,2003-06-05,['member'],[],[],['Lower house']
BE-BastinChristophe,"Christophe, Bastin",M,2010-07-06,['member'],[],[],['Lower house']
BE-LenssenGeorges,"Georges, Lenssen",M,2003-07-14,['member'],[],[],['Lower house']
BE-StaelraeveSofie,"Sofie, Staelraeve",F,2008-03-20,['member'],[],[],['Lower house']
BE-CarcaciAldo,"Aldo, Carcaci",M,2014-06-19,['member'],[],[],['Lower house']
BE-FriartBenoît,"Benoît, Friart",M,2014-06-19,['member'],[],[],['Lower house']
BE-JadotEric,"Eric, Jadot",M,2009-07-16,['member'],[],[],['Lower house']
BE-DeClerckStefaan,"Stefaan, De Clerck",M,2007-06-28,['member'],[],[],['Lower house']
BE-BaekeAnneMarie,"Anne-Marie, Baeke",F,2003-07-14,['member'],[],[],['Lower house']
BE-VanpeborghGitta,"Gitta, Vanpeborgh",F,2019-06-20,['member'],[],[],['Lower house']
BE-BelhouariTalbia,"Talbia, Belhouari",F,2004-07-01,['member'],[],[],['Lower house']
BE-MetsuKoen,"Koen, Metsu",M,2014-06-19,['member'],[],[],['Lower house']
BE-MadraneRachid,"Rachid, Madrane",M,2010-07-06,['member'],[],[],['Lower house']
BE-BourgeoisGeert,"Geert, Bourgeois",M,2003-06-05,['member'],[],[],['Lower house']
BE-CollardPhilippe,"Philippe, Collard",M,2003-06-05,['member'],[],[],['Lower house']
BE-LahayeBattheuSabien,"Sabien, Lahaye-Battheu",F,2003-06-05,['member'],[],[],['Lower house']
BE-VuyeHendrik,"Hendrik, Vuye",M,2014-06-19,['member'],[],[],['Lower house']
BE-HanusMélissa,"Mélissa, Hanus",F,2019-06-20,['member'],[],[],['Lower house']
BE-SminateNadia,"Nadia, Sminate",F,2010-07-06,['member'],[],[],['Lower house']
BE-AnseeuwBjörn,"Björn, Anseeuw",M,2019-06-20,['member'],[],[],['Lower house']
BE-HenryJeanPol,"Jean-Pol, Henry",M,2003-06-05,['member'],[],[],['Lower house']
BE-WollantsBert,"Bert, Wollants",M,2010-07-06,['member'],[],[],['Lower house']
BE-ClaesDirk,"Dirk, Claes",M,2003-06-05,['member'],[],[],['Lower house']
BE-VanBroeckhovenChristine,"Christine, Van Broeckhoven",F,2007-06-28,['member'],[],[],['Lower house']
BE-VanlerbergheMyriam,"Myriam, Vanlerberghe",F,2010-07-06,['member'],[],[],['Lower house']
BE-CerexheBenoît,"Benoît, Cerexhe",M,2007-06-28,['member'],[],[],['Lower house']
BE-ZanchettaLaurence,"Laurence, Zanchetta",F,2019-06-20,['member'],[],[],['Lower house']
BE-SchepmansFrançoise,"Françoise, Schepmans",F,2014-06-19,['member'],[],[],['Lower house']
BE-PasBarbara,"Barbara, Pas",F,2007-06-28,['member'],[],[],['Lower house']
BE-DefreyneRoland,"Roland, Defreyne",M,2009-07-02,['member'],[],[],['Lower house']
BE-GerkensMuriel,"Muriel, Gerkens",F,2003-06-05,['member'],[],[],['Lower house']
BE-BrotcorneChristian,"Christian, Brotcorne",M,2007-06-28,['member'],[],[],['Lower house']
BE-AlmaciMeyrem,"Meyrem, Almaci",F,2007-06-28,['member'],[],[],['Lower house']
BE-MathotAlain,"Alain, Mathot",M,2003-06-05,['member'],[],[],['Lower house']
BE-TuybensBruno,"Bruno, Tuybens",M,2007-06-28,['member'],[],[],['Lower house']
BE-DemirZuhal,"Zuhal, Demir",F,2010-07-06,['member'],[],[],['Lower house']
BE-OtletJacques,"Jacques, Otlet",M,2007-12-21,['member'],[],[],['Lower house']
BE-VanDenEndeAnnick,"Annick, Van Den Ende",F,2010-07-20,['member'],[],[],['Lower house']
BE-WoutersVeerle,"Veerle, Wouters",F,2010-07-06,['member'],[],[],['Lower house']
BE-DeMeyerMagda,"Magda, De Meyer",F,2003-06-05,['member'],[],[],['Lower house']
BE-MeeusPaul,"Paul, Meeus",M,2007-03-22,['member'],[],[],['Lower house']
BE-DeMeulemeesterIngeborg,"Ingeborg, De Meulemeester",F,2010-07-06,['member'],[],[],['Lower house']
BE-RuttenGwendolyn,"Gwendolyn, Rutten",F,2010-07-06,['member'],[],[],['Lower house']
BE-WinckelFabienne,"Fabienne, Winckel",F,2014-06-19,['member'],[],[],['Lower house']
BE-SteegenBruno,"Bruno, Steegen",M,2007-12-21,['member'],[],[],['Lower house']
BE-SmalLouis,"Louis, Smal",M,2003-06-05,['member'],[],[],['Lower house']
BE-MalmendierJeanPierre,"Jean-Pierre, Malmendier",M,2003-06-05,['member'],[],[],['Lower house']
BE-VanderStraetenTinne,"Tinne, Van der Straeten",F,2007-06-28,"['member', 'minister']",[],[],['Lower house']
BE-DeSpiegeleerPieter,"Pieter, De Spiegeleer",M,2019-06-20,['member'],[],[],['Lower house']
BE-CreyfSimonne,"Simonne, Creyf",F,2003-06-05,['member'],[],[],['Lower house']
BE-DeseynRoel,"Roel, Deseyn",M,2003-06-05,['member'],[],[],['Lower house']
BE-LogghePeter,"Peter, Logghe",M,2007-06-28,['member'],[],[],['Lower house']
BE-PenrisJan,"Jan, Penris",M,2014-06-19,['member'],[],[],['Lower house']
BE-PlasmanCathy,"Cathy, Plasman",F,2009-07-02,['member'],[],[],['Lower house']
BE-GilkinetGeorges,"Georges, Gilkinet",M,2007-06-28,"['deputyHead', 'member', 'minister']",[],[],['Lower house']
BE-VerhaegenMark,"Mark, Verhaegen",M,2003-06-05,['member'],[],[],['Lower house']
BE-CogolatiSamuel,"Samuel, Cogolati",M,2019-06-20,['member'],[],[],['Lower house']
BE-VandenbrouckeFrank,"Frank, Vandenbroucke",M,2003-06-05,"['member', 'minister']",[],[],['Lower house']
BE-SoorsJessika,"Jessika, Soors",F,2019-06-20,['member'],[],[],['Lower house']
BE-VanPeelValerie,"Valerie, Van Peel",F,2014-06-19,['member'],[],[],['Lower house']
BE-VanLommelReccino,"Reccino, Van Lommel",M,2019-06-20,['member'],[],[],['Lower house']
BE-KlapsJohan,"Johan, Klaps",M,2014-10-14,['member'],[],[],['Lower house']
BE-BonteHans,"Hans, Bonte",M,2003-07-14,['member'],[],[],['Lower house']
BE-MayeurYvan,"Yvan, Mayeur",M,2003-07-14,['member'],[],[],['Lower house']
BE-CrombezJohn,"John, Crombez",M,2011-12-06,['member'],[],[],['Lower house']
BE-MerckxSofie,"Sofie, Merckx",F,2019-06-20,['member'],[],[],['Lower house']
BE-BorginonAlfons,"Alfons, Borginon",M,2003-06-05,['member'],[],[],['Lower house']
BE-BombledChristophe,"Christophe, Bombled",M,2020-03-17,['member'],[],[],['Lower house']
BE-LaruelleSabine,"Sabine, Laruelle",F,2003-06-05,['member'],[],[],['Lower house']
BE-NyssensClotilde,"Clotilde, Nyssens",F,2007-07-05,['member'],[],[],['Lower house']
BE-DéomValérie,"Valérie, Déom",F,2003-06-05,['member'],[],[],['Lower house']
BE-LiekensGoedele,"Goedele, Liekens",F,2019-06-20,['member'],[],[],['Lower house']
BE-HugonClaire,"Claire, Hugon",F,2020-10-01,['member'],[],[],['Lower house']
BE-SchynsMarieMartine,"Marie-Martine, Schyns",F,2008-03-20,['member'],[],[],['Lower house']
BE-MilquetJoëlle,"Joëlle, Milquet",F,2003-06-05,"['deputyHead', 'member']",[],[],['Lower house']
BE-MatheïSteven,"Steven, Matheï",M,2019-10-17,['member'],[],[],['Lower house']
BE-LecomteCarine,"Carine, Lecomte",F,2007-06-28,['member'],[],[],['Lower house']
BE-ClaesHilde,"Hilde, Claes",F,2003-06-05,['member'],[],[],['Lower house']
BE-PrévotMaxime,"Maxime, Prévot",M,2007-06-28,['member'],[],[],['Lower house']
BE-PeetermansLuc,"Luc, Peetermans",M,2009-11-27,['member'],[],[],['Lower house']
BE-DeBueValérie,"Valérie, De Bue",F,2003-06-05,['member'],[],[],['Lower house']
BE-PayfaMartine,"Martine, Payfa",F,2003-06-05,['member'],[],[],['Lower house']
BE-MoutquinSimon,"Simon, Moutquin",M,2019-06-20,['member'],[],[],['Lower house']
BE-SwennenGuido,"Guido, Swennen",M,2003-06-05,['member'],[],[],['Lower house']
BE-FranckenTheo,"Theo, Francken",M,2010-07-06,['member'],[],[],['Lower house']
BE-GijbelsFrieda,"Frieda, Gijbels",F,2019-06-20,['member'],[],[],['Lower house']
BE-CahayAndréPierrette,"Pierrette, Cahay-André",F,2003-06-05,['member'],[],[],['Lower house']
BE-HenryOlivier,"Olivier, Henry",M,2010-07-06,['member'],[],[],['Lower house']
BE-VienneChristiane,"Christiane, Vienne",F,2010-07-06,['member'],[],[],['Lower house']
BE-DillenMarijke,"Marijke, Dillen",F,2019-06-20,['member'],[],[],['Lower house']
BE-LoonesSander,"Sander, Loones",M,2018-11-12,"['member', 'minister']",[],[],['Lower house']
BE-VanRompuyEric,"Eric, Van Rompuy",M,2014-06-19,['member'],[],[],['Lower house']
BE-ClerfaytBernard,"Bernard, Clerfayt",M,2007-06-28,['member'],[],[],['Lower house']
BE-HarmegniesYvon,"Yvon, Harmegnies",M,2005-10-11,['member'],[],[],['Lower house']
BE-MulsWalter,"Walter, Muls",M,2003-07-14,['member'],[],[],['Lower house']
BE-MagnettePaul,"Paul, Magnette",M,2011-12-06,['member'],[],[],[]
BE-VanderMaelenDirk,"Dirk, Van der Maelen",M,2003-06-05,['member'],[],[],['Lower house']
BE-MuesYvette,"Yvette, Mues",F,2006-12-07,['member'],[],[],['Lower house']
BE-PrévotPatrick,"Patrick, Prévot",M,2019-06-20,['member'],[],[],['Lower house']
BE-DehuMaurice,"Maurice, Dehu",M,2003-07-14,['member'],[],[],['Lower house']
BE-TerwingenRaf,"Raf, Terwingen",M,2007-06-28,['member'],[],[],['Lower house']
BE-BertelsJan,"Jan, Bertels",M,2019-06-20,['member'],[],[],['Lower house']
BE-ScourneauVincent,"Vincent, Scourneau",M,2014-10-14,['member'],[],[],['Lower house']
BE-CreyelmanSteven,"Steven, Creyelman",M,2019-06-20,['member'],[],[],['Lower house']
BE-TisonPhilippe,"Philippe, Tison",M,2019-09-19,['member'],[],[],['Lower house']
BE-DésirCaroline,"Caroline, Désir",F,2019-06-20,['member'],[],[],['Lower house']
BE-VercammenJan,"Jan, Vercammen",M,2014-05-25,['member'],[],[],['Lower house']
BE-ClémentHélène,"Hélène, Clément",F,2009-07-02,['member'],[],[],['Lower house']
BE-BekeWouter,"Wouter, Beke",M,2014-06-19,"['member', 'minister']",[],[],['Lower house']
BE-DockMagali,"Magali, Dock",F,2020-03-17,['member'],[],[],['Lower house']
BE-DeWeverBart,"Bart, De Wever",M,2007-06-28,['member'],[],[],['Lower house']
BE-EerdekensClaude,"Claude, Eerdekens",M,2003-06-05,['member'],[],[],['Lower house']
BE-VandenBosscheFreya,"Freya, Van den Bossche",F,2003-05-18,['member'],[],[],['Lower house']
BE-VandenEyndeFrancis,"Francis, Van den Eynde",M,2003-06-05,['member'],[],[],['Lower house']
BE-BeuselinckManu,"Manu, Beuselinck",M,2010-07-06,['member'],[],[],['Lower house']
BE-LacroixChristophe,"Christophe, Lacroix",M,2012-10-25,['member'],[],[],['Lower house']
BE-NeelStaf,"Staf, Neel",M,2003-06-05,['member'],[],[],['Lower house']
BE-JanssensPatrick,"Patrick, Janssens",M,2003-06-05,['member'],[],[],['Lower house']
BE-PinxtenKarel,"Karel, Pinxten",M,2003-06-05,['member'],[],[],['Lower house']
BE-DispaBenoît,"Benoît, Dispa",M,2014-06-19,['member'],[],[],['Lower house']
BE-DevliesCarl,"Carl, Devlies",M,2003-06-05,['member'],[],[],['Lower house']
BE-DeCrooHerman,"Herman, De Croo",M,2003-06-05,['member'],[],[],['Lower house']
BE-ClaesMieke,"Mieke, Claes",F,2022-06-30,['member'],[],[],['Lower house']
BE-CalomneGautier,"Gautier, Calomne",M,2015-10-13,['member'],[],[],['Lower house']
BE-SleursElke,"Elke, Sleurs",F,2014-10-11,['member'],[],[],[]
BE-KhattabiZakia,"Zakia, Khattabi",F,2014-05-25,"['member', 'minister']",[],[],['Lower house']
BE-CeysensPatricia,"Patricia, Ceysens",F,2014-06-19,['member'],[],[],['Lower house']
BE-DaemsGreet,"Greet, Daems",F,2019-06-20,['member'],[],[],['Lower house']
BE-DewaelPatrick,"Patrick, Dewael",M,2003-06-05,['member'],[],[],['Lower house']
BE-DeMaghtMartine,"Martine, De Maght",F,2007-06-28,['member'],[],[],['Lower house']
BE-ChevalierMiguel,"Miguel, Chevalier",M,2003-07-14,['member'],[],[],['Lower house']
BE-VanPeteghemVincent,"Vincent, Van Peteghem",M,2016-11-10,"['deputyHead', 'member', 'minister']",[],[],['Lower house']
BE-HoutmeyersKatrien,"Katrien, Houtmeyers",F,2019-06-20,['member'],[],[],['Lower house']
BE-SeminaraFranco,"Franco, Seminara",M,2010-07-06,['member'],[],[],['Lower house']
BE-TommeleinBart,"Bart, Tommelein",M,2003-06-05,['member'],[],[],['Lower house']
BE-AnsomsJos,"Jos, Ansoms",M,2003-06-05,['member'],[],[],['Lower house']
BE-VandenputTim,"Tim, Vandenput",M,2014-06-19,['member'],[],[],['Lower house']
BE-PeetersJan,"Jan, Peeters",M,2003-06-05,['member'],[],[],['Lower house']
BE-TantPaul,"Paul, Tant",M,2003-06-05,['member'],[],[],['Lower house']
BE-ArensJosy,"Josy, Arens",M,2003-06-05,['member'],[],[],['Lower house']
BE-DeRidderMinneke,"Minneke, De Ridder",F,2010-07-06,['member'],[],[],['Lower house']
BE-DAmicoRoberto,"Roberto, D'Amico",M,2019-06-20,['member'],[],[],['Lower house']
BE-DeMaegdMichel,"Michel, De Maegd",M,2019-06-20,['member'],[],[],['Lower house']
BE-ThémontSophie,"Sophie, Thémont",F,2019-06-20,['member'],[],[],['Lower house']
BE-WierinckLieve,"Lieve, Wierinck",F,2011-12-22,['member'],[],[],['Lower house']
BE-VanWeertEls,"Els, Van Weert",F,2003-06-05,['member'],[],[],['Lower house']
BE-SegersBen,"Ben, Segers",M,2019-06-20,['member'],[],[],['Lower house']
BE-MoscufoNadia,"Nadia, Moscufo",F,2019-06-20,['member'],[],[],['Lower house']
BE-BellensRita,"Rita, Bellens",F,2014-06-19,['member'],[],[],['Lower house']
BE-KirEmir,"Emir, Kir",M,2014-06-19,['member'],[],[],['Lower house']
BE-CocriamontPatrick,"Patrick, Cocriamont",M,2004-07-01,['member'],[],[],['Lower house']
BE-LachaertEgbert,"Egbert, Lachaert",M,2014-06-19,['member'],[],[],['Lower house']
BE-DhaeseleerGuy,"Guy, D'haeseleer",M,2003-06-05,['member'],[],[],['Lower house']
BE-HasquinHervé,"Hervé, Hasquin",M,2003-06-05,['member'],[],[],['Lower house']
BE-BenHamouNawal,"Nawal, Ben Hamou",F,2014-06-19,['member'],[],[],['Lower house']
BE-GoffinetAnneCatherine,"Anne-Catherine, Goffinet",F,2018-09-20,['member'],[],[],['Lower house']
BE-PécriauxSophie,"Sophie, Pécriaux",F,2003-06-05,['member'],[],[],['Lower house']
BE-DePadtGuido,"Guido, De Padt",M,2003-06-05,['member'],[],[],['Lower house']
BE-SenecautManuella,"Manuella, Senecaut",F,2013-09-17,['member'],[],[],['Lower house']
BE-ThiébautEric,"Eric, Thiébaut",M,2007-06-28,['member'],[],[],['Lower house']
BE-PrivéIsabelle,"Isabelle, Privé",F,2009-06-25,['member'],[],[],['Lower house']
BE-VijnckDirk,"Dirk, Vijnck",M,2007-06-28,['member'],[],[],['Lower house']
BE-MillerRichard,"Richard, Miller",M,2014-10-14,['member'],[],[],['Lower house']
BE-VanOvertveldtSerge,"Serge, Van Overtveldt",M,2003-06-26,['member'],[],[],['Lower house']
BE-VerwilghenMarc,"Marc, Verwilghen",M,2003-06-05,['member'],[],[],['Lower house']
BE-VermeerschWouter,"Wouter, Vermeersch",M,2019-06-20,['member'],[],[],['Lower house']
BE-VanvelthovenPeter,"Peter, Vanvelthoven",M,2003-06-05,['member'],[],[],['Lower house']
BE-DepoortereOrtwin,"Ortwin, Depoortere",M,2004-07-08,['member'],[],[],['Lower house']
BE-LeroyMarieColline,"Marie-Colline, Leroy",F,2019-06-20,['member'],[],[],['Lower house']
BE-VandeputSteven,"Steven, Vandeput",M,2010-07-06,"['member', 'minister']",[],[],['Lower house']
BE-CourardPhilippe,"Philippe, Courard",M,2010-07-06,['member'],[],[],['Lower house']
BE-LanduytRenaat,"Renaat, Landuyt",M,2007-06-28,['member'],[],[],['Lower house']
BE-deLamotteMichel,"Michel, de Lamotte",M,2015-04-23,['member'],[],[],['Lower house']
BE-PehlivanFatma,"Fatma, Pehlivan",F,2014-06-19,['member'],[],[],['Lower house']
BE-BoukiliNabil,"Nabil, Boukili",M,2019-06-20,['member'],[],[],['Lower house']
BE-SpoorenJan,"Jan, Spooren",M,2014-06-19,['member'],[],[],['Lower house']
BE-KitirMeryame,"Meryame, Kitir",F,2007-06-28,"['member', 'minister']",[],[],['Lower house']
BE-HoveGuy,"Guy, Hove",M,2003-07-14,['member'],[],[],['Lower house']
BE-VandeurzenJo,"Jo, Vandeurzen",M,2003-06-05,['member'],[],[],['Lower house']
BE-AnthuenisFilip,"Filip, Anthuenis",M,2003-06-05,['member'],[],[],['Lower house']
BE-DelacroixRolinMyriam,"Myriam, Delacroix-Rolin",F,2010-07-06,['member'],[],[],['Lower house']
BE-ArenaMarie,"Marie, Arena",F,2003-06-05,['member'],[],[],['Lower house']
BE-ColenAlexandra,"Alexandra, Colen",F,2003-06-05,['member'],[],[],['Lower house']
BE-DedeckerPeter,"Peter, Dedecker",M,2010-07-06,['member'],[],[],['Lower house']
BE-TSijenKoen,"Koen, T'Sijen",M,2003-07-14,['member'],[],[],['Lower house']
BE-PietersTrees,"Trees, Pieters",F,2003-06-05,['member'],[],[],['Lower house']
BE-MilcampsGuy,"Guy, Milcamps",M,2009-07-16,['member'],[],[],['Lower house']
BE-FarihNawal,"Nawal, Farih",F,2019-06-20,['member'],[],[],['Lower house']
BE-VanMechelenDirk,"Dirk, Van Mechelen",M,2014-06-19,['member'],[],[],['Lower house']
BE-LabilleJeanPascal,"Jean-Pascal, Labille",M,2013-01-17,['member'],[],[],[]
BE-BriersJan,"Jan, Briers",M,2019-06-20,['member'],[],[],['Lower house']
BE-ThiéryDamien,"Damien, Thiéry",M,2010-07-06,['member'],[],[],['Lower house']
BE-LangendriesRaymond,"Raymond, Langendries",M,2003-06-05,['member'],[],[],['Lower house']
BE-TaelmanMartine,"Martine, Taelman",F,2003-06-05,['member'],[],[],['Lower house']
BE-VanLombeekJacobsDanielle,"Danielle, Van Lombeek-Jacobs",F,2003-06-26,['member'],[],[],['Lower house']
BE-BihetMathieu,"Mathieu, Bihet",M,2020-03-17,['member'],[],[],['Lower house']
BE-DucarmeDenis,"Denis, Ducarme",M,2003-06-05,"['member', 'minister']",[],[],['Lower house']
BE-NyangaLumbalaJeanne,"Jeanne, Nyanga-Lumbala",F,2013-05-16,['member'],[],[],['Lower house']
BE-DhondtGreta,"Greta, D'hondt",F,2003-06-05,['member'],[],[],['Lower house']
BE-BoukournaMohammed,"Mohammed, Boukourna",M,2003-06-05,['member'],[],[],['Lower house']
BE-AouastiKhalil,"Khalil, Aouasti",M,2019-09-19,['member'],[],[],['Lower house']
BE-DeSchamphelaereMia,"Mia, De Schamphelaere",F,2007-06-28,['member'],[],[],['Lower house']
BE-BuystKim,"Kim, Buyst",F,2019-06-20,['member'],[],[],['Lower house']
BE-DemolEls,"Els, Demol",F,2010-07-06,['member'],[],[],['Lower house']
BE-DeVuystSteven,"Steven, De Vuyst",M,2019-06-20,['member'],[],[],['Lower house']
BE-DucarmeDaniel,"Daniel, Ducarme",M,2003-06-05,['member'],[],[],['Lower house']
BE-BonniVéronique,"Véronique, Bonni",F,2013-06-26,['member'],[],[],['Lower house']
BE-VandenBurreGilles,"Gilles, Vanden Burre",M,2015-05-28,['member'],[],[],['Lower house']
BE-VanEetveldeMiranda,"Miranda, Van Eetvelde",F,2010-07-06,['member'],[],[],['Lower house']
BE-VanbesienDieter,"Dieter, Vanbesien",M,2019-06-20,['member'],[],[],['Lower house']
BE-JambonJan,"Jan, Jambon",M,2007-06-28,"['deputyHead', 'member', 'minister']",[],[],['Lower house']
BE-DeConinckMonica,"Monica, De Coninck",F,2006-12-07,['member'],[],[],['Lower house']
BE-FrédéricAndré,"André, Frédéric",M,2003-06-05,['member'],[],[],['Lower house']
BE-HufkensRenate,"Renate, Hufkens",F,2014-10-14,['member'],[],[],['Lower house']
BE-BogaertHendrik,"Hendrik, Bogaert",M,2003-06-05,['member'],[],[],['Lower house']
BE-GalantJacqueline,"Jacqueline, Galant",F,2003-06-05,"['member', 'minister']",[],[],['Lower house']
BE-CaprasseVéronique,"Véronique, Caprasse",F,2014-06-19,['member'],[],[],['Lower house']
BE-StevenheydensBruno,"Bruno, Stevenheydens",M,2007-06-28,['member'],[],[],['Lower house']
BE-FlahautAndré,"André, Flahaut",M,2003-06-05,['member'],[],[],['Lower house']
BE-ClaesIngrid,"Ingrid, Claes",F,2008-03-22,['member'],[],[],['Lower house']
BE-DeBlockMaggie,"Maggie, De Block",F,2003-06-05,"['member', 'minister']",[],[],['Lower house']
BE-HeerenVeerle,"Veerle, Heeren",F,2014-06-19,['member'],[],[],['Lower house']
BE-VandenBerghJef,"Jef, Van den Bergh",M,2004-07-08,['member'],[],[],['Lower house']
BE-KelchtermansTheo,"Theo, Kelchtermans",M,2003-06-05,['member'],[],[],['Lower house']
BE-VersnickGeert,"Geert, Versnick",M,2003-06-05,['member'],[],[],['Lower house']
BE-KherbacheYasmine,"Yasmine, Kherbache",F,2019-06-20,['member'],[],[],['Lower house']
BE-WaterschootKristof,"Kristof, Waterschoot",M,2009-07-02,['member'],[],[],['Lower house']
BE-DeWitSophie,"Sophie, De Wit",F,2010-07-06,['member'],[],[],['Lower house']
BE-DeBontRita,"Rita, De Bont",F,2007-06-28,['member'],[],[],['Lower house']
BE-VandenbrouckeJoris,"Joris, Vandenbroucke",M,2019-06-20,['member'],[],[],['Lower house']
BE-WeytsBen,"Ben, Weyts",M,2008-12-31,['member'],[],[],['Lower house']
BE-GabriëlsKatja,"Katja, Gabriëls",F,2014-10-14,['member'],[],[],['Lower house']
BE-GeorgeJoseph,"Joseph, George",M,2007-07-05,['member'],[],[],['Lower house']
BE-ÖzenÖzlem,"Özlem, Özen",F,2010-07-06,['member'],[],[],['Lower house']
BE-LambertGeert,"Geert, Lambert",M,2003-06-05,['member'],[],[],['Lower house']
BE-VanHeckeStefaan,"Stefaan, Van Hecke",M,2007-06-28,['member'],[],[],['Lower house']
BE-MarinowerClaude,"Claude, Marinower",M,2003-06-05,['member'],[],[],['Lower house']
BE-IngelsYngvild,"Yngvild, Ingels",F,2019-06-20,['member'],[],[],['Lower house']
BE-LibertEric,"Eric, Libert",M,2003-07-14,['member'],[],[],['Lower house']
BE-VerherstraetenServais,"Servais, Verherstraeten",M,2003-06-05,['member'],[],[],['Lower house']
BE-DetiègeMaya,"Maya, Detiège",F,2003-06-05,['member'],[],[],['Lower house']
BE-CasierYouro,"Youro, Casier",M,2017-12-13,['member'],[],[],['Lower house']
BE-VerlindenAnnelies,"Annelies, Verlinden",F,2020-10-01,"['member', 'minister']",[],[],[]
BE-VanHoofEls,"Els, Van Hoof",F,2014-10-14,['member'],[],[],['Lower house']
BE-BurgeonColette,"Colette, Burgeon",F,2003-06-05,['member'],[],[],['Lower house']
BE-GrovoniusGwenaëlle,"Gwenaëlle, Grovonius",F,2014-06-19,['member'],[],[],['Lower house']
BE-DierickLeen,"Leen, Dierick",F,2007-06-28,['member'],[],[],['Lower house']
BE-HenryPhilippe,"Philippe, Henry",M,2007-06-28,['member'],[],[],['Lower house']
BE-TilmansDominique,"Dominique, Tilmans",F,2003-06-05,['member'],[],[],['Lower house']
BE-ThibautCécile,"Cécile, Thibaut",F,2019-06-20,['member'],[],[],['Lower house']
BE-DeRooverPeter,"Peter, De Roover",M,2014-06-19,['member'],[],[],['Lower house']
BE-RaskinWouter,"Wouter, Raskin",M,2014-10-14,['member'],[],[],['Lower house']
BE-ReuterFlorence,"Florence, Reuter",F,2007-06-28,['member'],[],[],['Lower house']
BE-ThoronStéphanie,"Stéphanie, Thoron",F,2014-06-19,['member'],[],[],['Lower house']
BE-TobbackBruno,"Bruno, Tobback",M,2007-06-28,['member'],[],[],['Lower house']
BE-SevenhansLuc,"Luc, Sevenhans",M,2003-06-05,['member'],[],[],['Lower house']
BE-SmeyersSarah,"Sarah, Smeyers",F,2007-06-28,['member'],[],[],['Lower house']
BE-DePermentierCorinne,"Corinne, De Permentier",F,2003-06-05,['member'],[],[],['Lower house']
BE-TemmermanKarin,"Karin, Temmerman",F,2010-07-06,['member'],[],[],['Lower house']
BE-DeClercqAlisson,"Alisson, De Clercq",F,2003-06-26,['member'],[],[],['Lower house']
BE-RoppeAnnemie,"Annemie, Roppe",F,2003-06-05,['member'],[],[],['Lower house']
BE-DegrooteKoenraad,"Koenraad, Degroote",M,2010-07-06,['member'],[],[],['Lower house']
BE-MaingainOlivier,"Olivier, Maingain",M,2003-06-05,['member'],[],[],['Lower house']
BE-RavytsKurt,"Kurt, Ravyts",M,2019-06-20,['member'],[],[],['Lower house']
BE-GalantIsabelle,"Isabelle, Galant",F,2017-08-24,['member'],[],[],['Lower house']
BE-LeymanPeter,"Peter, Leyman",M,2007-06-28,['member'],[],[],['Lower house']
BE-GermeauxJacques,"Jacques, Germeaux",M,2006-03-08,['member'],[],[],['Lower house']
BE-UyttersprotKarel,"Karel, Uyttersprot",M,2010-07-06,['member'],[],[],['Lower house']
BE-VanGrootenbrulleBruno,"Bruno, Van Grootenbrulle",M,2003-06-26,['member'],[],[],['Lower house']
BE-WiauxBrigitte,"Brigitte, Wiaux",F,2004-07-21,['member'],[],[],['Lower house']
BE-TastenhoyeGuido,"Guido, Tastenhoye",M,2003-06-05,['member'],[],[],['Lower house']
BE-RohonyiSophie,"Sophie, Rohonyi",F,2019-06-20,['member'],[],[],['Lower house']
BE-JanssensDirk,"Dirk, Janssens",M,2014-10-14,['member'],[],[],['Lower house']
BE-HondermarcqRobert,"Robert, Hondermarcq",M,2004-07-01,['member'],[],[],['Lower house']
BE-MaeneJeanClaude,"Jean-Claude, Maene",M,2004-07-21,['member'],[],[],['Lower house']
BE-PillenJasper,"Jasper, Pillen",M,2020-10-01,['member'],[],[],['Lower house']
BE-AnciauxBert,"Bert, Anciaux",M,2003-06-05,['member'],[],[],['Lower house']
BE-UyttersprotGoedele,"Goedele, Uyttersprot",F,2014-06-19,['member'],[],[],['Lower house']
BE-BlanchartPhilippe,"Philippe, Blanchart",M,2009-06-25,['member'],[],[],['Lower house']
BE-RigotHervé,"Hervé, Rigot",M,2019-09-19,['member'],[],[],['Lower house']
BE-WilrycxFrank,"Frank, Wilrycx",M,2011-12-07,['member'],[],[],['Lower house']
BE-JeholetPierreYves,"Pierre-Yves, Jeholet",M,2003-07-14,['member'],[],[],['Lower house']
BE-VerreytHans,"Hans, Verreyt",M,2019-06-20,['member'],[],[],['Lower house']
BE-ClaerhoutSarah,"Sarah, Claerhout",F,2014-10-14,['member'],[],[],['Lower house']
BE-LaaouejAhmed,"Ahmed, Laaouej",M,2014-06-19,['member'],[],[],['Lower house']
BE-TromontAlex,"Alex, Tromont",M,2004-07-08,['member'],[],[],['Lower house']
BE-DeCoenePhilippe,"Philippe, De Coene",M,2003-06-05,['member'],[],[],['Lower house']
BE-DHaeseChristoph,"Christoph, D'Haese",M,2014-06-19,['member'],[],[],['Lower house']
BE-VajdaOlivier,"Olivier, Vajda",M,2019-06-19,['member'],[],[],['Lower house']
BE-DeConinckInez,"Inez, De Coninck",F,2014-06-19,['member'],[],[],['Lower house']
BE-PicquéCharles,"Charles, Picqué",M,2003-06-05,['member'],[],[],['Lower house']
BE-ElKhadraouiSaïd,"Saïd, El Khadraoui",M,2003-06-05,['member'],[],[],['Lower house']
BE-JirofléeKarin,"Karin, Jiroflée",F,2003-06-05,['member'],[],[],['Lower house']
BE-DewinterFilip,"Filip, Dewinter",M,2014-06-19,['member'],[],[],['Lower house']
BE-BultinckKoen,"Koen, Bultinck",M,2003-05-18,['member'],[],[],['Lower house']
BE-BexStijn,"Stijn, Bex",M,2003-10-14,['member'],[],[],['Lower house']
BE-GilissenErik,"Erik, Gilissen",M,2019-06-20,['member'],[],[],['Lower house']
BE-GoffinPhilippe,"Philippe, Goffin",M,2010-07-06,"['member', 'minister']",[],[],['Lower house']
BE-DeJongeTania,"Tania, De Jonge",F,2020-03-17,['member'],[],[],['Lower house']
BE-VissersLinda,"Linda, Vissers",F,2007-06-28,['member'],[],[],['Lower house']
BE-VanVaerenberghKristien,"Kristien, Van Vaerenbergh",F,2010-07-06,['member'],[],[],['Lower house']
BE-SenesaelDaniel,"Daniel, Senesael",M,2014-06-19,['member'],[],[],['Lower house']
BE-DouifiDalila,"Dalila, Douifi",F,2003-06-05,['member'],[],[],['Lower house']
BE-VervotteInge,"Inge, Vervotte",F,2003-06-05,['member'],[],[],['Lower house']
BE-VanHeesMarco,"Marco, Van Hees",M,2014-06-19,['member'],[],[],['Lower house']
BE-VanLangenhoveDries,"Dries, Van Langenhove",M,2019-06-20,['member'],[],[],['Lower house']
BE-ForetGilles,"Gilles, Foret",M,2014-06-19,['member'],[],[],['Lower house']
BE-LejeuneJosée,"Josée, Lejeune",F,2003-07-14,['member'],[],[],['Lower house']
BE-KindermansGerald,"Gerald, Kindermans",M,2007-06-28,['member'],[],[],['Lower house']
BE-DeClercqMathias,"Mathias, De Clercq",M,2007-12-21,['member'],[],[],['Lower house']
BE-MoutonRosaline,"Rosaline, Mouton",F,2012-12-06,['member'],[],[],['Lower house']
BE-GantoisRita,"Rita, Gantois",F,2014-06-19,['member'],[],[],['Lower house']
BE-WaterschootVéronique,"Véronique, Waterschoot",F,2018-12-06,['member'],[],[],['Lower house']
BE-SomersBart,"Bart, Somers",M,2003-06-05,['member'],[],[],['Lower house']
BE-WarmoesThierry,"Thierry, Warmoes",M,2019-06-20,['member'],[],[],['Lower house']
BE-BaeselenXavier,"Xavier, Baeselen",M,2008-03-20,['member'],[],[],['Lower house']
BE-MylleGerda,"Gerda, Mylle",F,2013-10-08,['member'],[],[],['Lower house']
BE-LahssainiFouad,"Fouad, Lahssaini",M,2007-06-28,['member'],[],[],['Lower house']
BE-HellingsBenoit,"Benoit, Hellings",M,2014-06-19,['member'],[],[],['Lower house']
BE-DedryAnne,"Anne, Dedry",F,2014-06-19,['member'],[],[],['Lower house']
BE-WatheletMelchior,"Melchior, Wathelet",M,2003-06-05,"['deputyHead', 'member']",[],[],['Lower house']
BE-MonfilsPhilippe,"Philippe, Monfils",M,2003-06-05,['member'],[],[],['Lower house']
BE-CruckeJeanLuc,"Jean-Luc, Crucke",M,2004-02-19,['member'],[],[],['Lower house']
BE-SlegersBercy,"Bercy, Slegers",F,2011-12-15,['member'],[],[],['Lower house']
BE-CornilJean,"Jean, Cornil",M,2007-12-21,['member'],[],[],['Lower house']
BE-SafaiDarya,"Darya, Safai",F,2019-06-20,['member'],[],[],['Lower house']
BE-SchalckDaan,"Daan, Schalck",M,2003-06-05,['member'],[],[],['Lower house']
BE-DierickxHilde,"Hilde, Dierickx",F,2003-06-05,['member'],[],[],['Lower house']
BE-MichelMathieu,"Mathieu, Michel",M,2020-10-01,['member'],[],[],[]
BE-PeetersKris,"Kris, Peeters",M,2014-10-11,"['deputyHead', 'member', 'minister']",[],[],[]
BE-ReyndersDidier,"Didier, Reynders",M,2003-06-05,"['deputyHead', 'member', 'minister']",[],[],['Lower house']
BE-UyttersprotIlse,"Ilse, Uyttersprot",F,2007-06-28,['member'],[],[],['Lower house']
BE-MahdiSammy,"Sammy, Mahdi",M,2020-10-01,"['deputyHead', 'member']",[],[],[]
BE-VanGoolNik,"Nik, Van Gool",F,2013-01-10,['member'],[],[],['Lower house']
BE-DelvauxBram,"Bram, Delvaux",M,2020-03-17,['member'],[],[],['Lower house']
BE-MattelaerAlexander,"Alexander, Mattelaer",nan,nan,[],[],[],[]
BE-WertelaersAn,"An, Wertelaers",nan,nan,[],[],[],[]
BE-DesenfantsAndré,"André, Desenfants",nan,nan,[],[],[],[]
BE-GubbelsAndré,"André, Gubbels",nan,nan,[],[],[],[]
BE-TirezAndreas,"Andreas, Tirez",nan,nan,[],[],[],[]
BE-GryffroyAndries,"Andries, Gryffroy",nan,nan,[],[],[],[]
BE-VerstraetenAnetta,"Anetta, Verstraeten",nan,nan,[],[],[],[]
BE-SchoubsAnn,"Ann, Schoubs",nan,nan,[],[],[],[]
BE-LagerwallAnne,"Anne, Lagerwall",nan,nan,[],[],[],[]
BE-LéonardAnne,"Anne, Léonard",nan,nan,[],[],[],[]
BE-BettensAnneleen,"Anneleen, Bettens",nan,nan,[],[],[],[]
BE-MaesAnnemie,"Annemie, Maes",nan,nan,[],[],[],[]
BE-VanCalsterAnnick,"Annick, Van Calster",nan,nan,[],[],[],[]
BE-HermantAntoine,"Antoine, Hermant",nan,nan,[],[],[],[]
BE-CoccioloAntonio,"Antonio, Cocciolo",nan,nan,[],[],[],[]
BE-BoeykensAntoon,"Antoon, Boeykens",nan,nan,[],[],[],[]
BE-DeclercqAstrid,"Astrid, Declercq",nan,nan,[],[],[],[]
BE-CzekalskiAurélie,"Aurélie, Czekalski",nan,nan,[],[],[],[]
BE-VandammeBart,"Bart, Vandamme",nan,nan,[],[],[],[]
BE-HeuninckxBaudouin,"Baudouin, Heuninckx",nan,nan,[],[],[],[]
BE-RenardBertrand,"Bertrand, Renard",nan,nan,[],[],[],[]
BE-GrouwelsBrigitte,"Brigitte, Grouwels",nan,nan,[],[],[],[]
BE-VelkeniersBrigitte,"Brigitte, Velkeniers",nan,nan,[],[],[],[]
BE-LombaertBruno,"Bruno, Lombaert",nan,nan,[],[],[],[]
BE-BillietCarole,"Carole, Billiet",nan,nan,[],[],[],[]
BE-DeiterenCaroline,"Caroline, Deiteren",nan,nan,[],[],[],[]
BE-StappersCaroline,"Caroline, Stappers",nan,nan,[],[],[],[]
BE-DeBolleCatherine,"Catherine, De Bolle",nan,nan,[],[],[],[]
BE-VermeerschCatherine,"Catherine, Vermeersch",nan,nan,[],[],[],[]
BE-BerxCathy,"Cathy, Berx",nan,nan,[],[],[],[]
BE-BornCharlesHubert,"Charles-Hubert, Born",nan,nan,[],[],[],[]
BE-PeetersChris,"Chris, Peeters",nan,nan,[],[],[],[]
BE-SteenwegenChris,"Chris, Steenwegen",nan,nan,[],[],[],[]
BE-BougardChristian,"Christian, Bougard",nan,nan,[],[],[],[]
BE-DeValkeneerChristian,"Christian, De Valkeneer",nan,nan,[],[],[],[]
BE-DefraigneChristine,"Christine, Defraigne",nan,nan,[],[],[],[]
BE-MattheeuwsChristine,"Christine, Mattheeuws",nan,nan,[],[],[],[]
BE-DeBeukelaarChristophe,"Christophe, De Beukelaar",nan,nan,[],[],[],[]
BE-VandeVoordeClaude,"Claude, Van de Voorde",nan,nan,[],[],[],[]
BE-DevogelaerDanielle,"Danielle, Devogelaer",nan,nan,[],[],[],[]
BE-MisonneDelphine,"Delphine, Misonne",nan,nan,[],[],[],[]
BE-PhilippeDenisEmmanuel,"Denis-Emmanuel, Philippe",nan,nan,[],[],[],[]
BE-NikolicDiana,"Diana, Nikolic",nan,nan,[],[],[],[]
BE-VandenBulckDirk,"Dirk, Van den Bulck",nan,nan,[],[],[],[]
BE-VanEeckhoutteDries,"Dries, Van Eeckhoutte",nan,nan,[],[],[],[]
BE-VanDerMeerschEddy,"Eddy, Van Der Meersch",nan,nan,[],[],[],[]
BE-RoosensEdward,"Edward, Roosens",nan,nan,[],[],[],[]
BE-MaesElke,"Elke, Maes",nan,nan,[],[],[],[]
BE-DesmetEllen,"Ellen, Desmet",nan,nan,[],[],[],[]
BE-OrbanEmmeline,"Emmeline, Orban",nan,nan,[],[],[],[]
BE-ClaessenEric,"Eric, Claessen",nan,nan,[],[],[],[]
BE-VanLaerErik,"Erik, Van Laer",nan,nan,[],[],[],[]
BE-DernicourtErwin,"Erwin, Dernicourt",nan,nan,[],[],[],[]
BE-DeBleekerEva,"Eva, De Bleeker",nan,nan,[],[],[],[]
BE-vanDalenEverhard,"Everhard, van Dalen",nan,nan,[],[],[],[]
BE-VergiliFehmiTony,"Fehmi Tony, Vergili",nan,nan,[],[],[],[]
BE-KeuleneerFernand,"Fernand, Keuleneer",nan,nan,[],[],[],[]
BE-DesquesnesFrançois,"François, Desquesnes",nan,nan,[],[],[],[]
BE-SchoonackerFrank,"Frank, Schoonacker",nan,nan,[],[],[],[]
BE-VandenbergheFrank,"Frank, Vandenberghe",nan,nan,[],[],[],[]
BE-TimmermansFrans,"Frans, Timmermans",nan,nan,[],[],[],[]
BE-RoosemontFreddy,"Freddy, Roosemont",nan,nan,[],[],[],[]
BE-GivronFrédéric,"Frédéric, Givron",nan,nan,[],[],[],[]
BE-VanLeeuwFrédéric,"Frédéric, Van Leeuw",nan,nan,[],[],[],[]
BE-VanWonterghemFrederik,"Frederik, Van Wonterghem",nan,nan,[],[],[],[]
BE-VansinaFrederik,"Frederik, Vansina",nan,nan,[],[],[],[]
BE-VerkinFrederik,"Frederik, Verkin",nan,nan,[],[],[],[]
BE-MariënGeert,"Geert, Mariën",nan,nan,[],[],[],[]
BE-HeyvaertGriet,"Griet, Heyvaert",nan,nan,[],[],[],[]
BE-VanPeeHarold,"Harold, Van Pee",nan,nan,[],[],[],[]
BE-RobberechtHenk,"Henk, Robberecht",nan,nan,[],[],[],[]
BE-DiricksHerman,"Herman, Diricks",nan,nan,[],[],[],[]
BE-MatthijsHerman,"Herman, Matthijs",nan,nan,[],[],[],[]
BE-TerrynHerman,"Herman, Terryn",nan,nan,[],[],[],[]
BE-MuyldermansHerwig,"Herwig, Muyldermans",nan,nan,[],[],[],[]
BE-TantIlse,"Ilse, Tant",nan,nan,[],[],[],[]
BE-VandenbergheIna,"Ina, Vandenberghe",nan,nan,[],[],[],[]
BE-ParmentierIngrid,"Ingrid, Parmentier",nan,nan,[],[],[],[]
BE-DoyenIsabelle,"Isabelle, Doyen",nan,nan,[],[],[],[]
BE-HansezIsabelle,"Isabelle, Hansez",nan,nan,[],[],[],[]
BE-DelPercioIvan,"Ivan, Del Percio",nan,nan,[],[],[],[]
BE-BrotchiJacques,"Jacques, Brotchi",nan,nan,[],[],[],[]
BE-GalantJacueline,"Jacueline, Galant",nan,nan,[],[],[],[]
BE-BensJan,"Jan, Bens",nan,nan,[],[],[],[]
BE-DeVolderJan,"Jan, De Volder",nan,nan,[],[],[],[]
BE-DenysJan,"Jan, Denys",nan,nan,[],[],[],[]
BE-WoutersJan,"Jan, Wouters",nan,nan,[],[],[],[]
BE-DeboutteJean,"Jean, Deboutte",nan,nan,[],[],[],[]
BE-HermesseJean,"Jean, Hermesse",nan,nan,[],[],[],[]
BE-JunckerJeanClaude,"Jean-Claude, Juncker",nan,nan,[],[],[],[]
BE-ParmentierJeanFrançois,"Jean-François, Parmentier",nan,nan,[],[],[],[]
BE-TamelliniJeanFrançois,"Jean-François, Tamellini",nan,nan,[],[],[],[]
BE-BodsonJeanLuc,"Jean-Luc, Bodson",nan,nan,[],[],[],[]
BE-DelporteJeanMarc,"Jean-Marc, Delporte",nan,nan,[],[],[],[]
BE-DochyJeanMarie,"Jean-Marie, Dochy",nan,nan,[],[],[],[]
BE-HosletJeanMarie,"Jean-Marie, Hoslet",nan,nan,[],[],[],[]
BE-CappoenJeanMichel,"Jean-Michel, Cappoen",nan,nan,[],[],[],[]
BE-vanYperseleJeanPascal,"Jean-Pascal, van Ypersele",nan,nan,[],[],[],[]
BE-FlorentJeanPhilippe,"Jean-Philippe, Florent",nan,nan,[],[],[],[]
BE-GatesJeff,"Jeff, Gates",nan,nan,[],[],[],[]
BE-RijkeboerJelle,"Jelle, Rijkeboer",nan,nan,[],[],[],[]
BE-BaltusMöresJenny,"Jenny, Baltus-Möres",nan,nan,[],[],[],[]
BE-BandryJerôme,"Jerôme, Bandry",nan,nan,[],[],[],[]
BE-BortierJohan,"Johan, Bortier",nan,nan,[],[],[],[]
BE-DanenJohan,"Johan, Danen",nan,nan,[],[],[],[]
BE-DelmulleJohan,"Johan, Delmulle",nan,nan,[],[],[],[]
BE-VanOvertveldtJohan,"Johan, Van Overtveldt",nan,2014-10-11,['minister'],[],[],[]
BE-PeutemanJohn,"John, Peuteman",nan,nan,[],[],[],[]
BE-DelbekeJos,"Jos, Delbeke",nan,nan,[],[],[],[]
BE-DHaeseJos,"Jos, D'Haese",nan,nan,[],[],[],[]
BE-BeckersJozef,"Jozef, Beckers",nan,nan,[],[],[],[]
BE-DeWitteJozef,"Jozef, De Witte",nan,nan,[],[],[],[]
BE-DamilotJulien,"Julien, Damilot",nan,nan,[],[],[],[]
BE-VanOvermeireKarim,"Karim, Van Overmeire",nan,nan,[],[],[],[]
BE-LambertzKarlHeinz,"Karl-Heinz, Lambertz",nan,nan,[],[],[],[]
BE-LocquetKoen,"Koen, Locquet",nan,nan,[],[],[],[]
BE-VandewoudeKoenraad,"Koenraad, Vandewoude",nan,nan,[],[],[],[]
BE-AlChammasKonstantin,"Konstantin, Al Chammas",nan,nan,[],[],[],[]
BE-JacquetLaurent,"Laurent, Jacquet",nan,nan,[],[],[],[]
BE-LedouxLaurent,"Laurent, Ledoux",nan,nan,[],[],[],[]
BE-LeonardLaurent,"Laurent, Leonard",nan,nan,[],[],[],[]
BE-VrijdaghsLaurent,"Laurent, Vrijdaghs",nan,nan,[],[],[],[]
BE-DAntuonoLeonardo,"Leonardo, D'Antuono",nan,nan,[],[],[],[]
BE-VandammeLien,"Lien, Vandamme",nan,nan,[],[],[],[]
BE-StevensLiesbet,"Liesbet, Stevens",nan,nan,[],[],[],[]
BE-GodderisLode,"Lode, Godderis",nan,nan,[],[],[],[]
BE-CruysberghsLuc,"Luc, Cruysberghs",nan,nan,[],[],[],[]
BE-DeVosLuc,"Luc, De Vos",nan,nan,[],[],[],[]
BE-DenayerLuc,"Luc, Denayer",nan,nan,[],[],[],[]
BE-LavrysenLuc,"Luc, Lavrysen",nan,nan,[],[],[],[]
BE-RoelandtsLuc,"Luc, Roelandts",nan,nan,[],[],[],[]
BE-DewulfLuk,"Luk, Dewulf",nan,nan,[],[],[],[]
BE-BossuytMarc,"Marc, Bossuyt",nan,nan,[],[],[],[]
BE-CompernolMarc,"Marc, Compernol",nan,nan,[],[],[],[]
BE-DeMesmaekerMarc,"Marc, De Mesmaeker",nan,nan,[],[],[],[]
BE-DejonghMarc,"Marc, Dejongh",nan,nan,[],[],[],[]
BE-ThysMarc,"Marc, Thys",nan,nan,[],[],[],[]
BE-VandenBoschMarc,"Marc, Van den Bosch",nan,nan,[],[],[],[]
BE-ThyssenMarianne,"Marianne, Thyssen",nan,nan,[],[],[],[]
BE-PostMaric,"Maric, Post",nan,nan,[],[],[],[]
BE-VanderhovenMarieNoëlle,"Marie-Noëlle, Vanderhoven",nan,nan,[],[],[],[]
BE-FauconnierMariePierre,"Marie-Pierre, Fauconnier",nan,nan,[],[],[],[]
BE-GeleynMark,"Mark, Geleyn",nan,nan,[],[],[],[]
BE-ThompsonMark,"Mark, Thompson",nan,nan,[],[],[],[]
BE-CasierMartin,"Martin, Casier",nan,nan,[],[],[],[]
BE-LefèvreMartine,"Martine, Lefèvre",nan,nan,[],[],[],[]
BE-ElBerhoumiMathias,"Mathias, El Berhoumi",nan,nan,[],[],[],[]
BE-VerjansMathieu,"Mathieu, Verjans",nan,nan,[],[],[],[]
BE-DewèvreMatthieu,"Matthieu, Dewèvre",nan,nan,[],[],[],[]
BE-WeaverMichael,"Michael, Weaver",nan,nan,[],[],[],[]
BE-deFaysMichel,"Michel, de Fays",nan,nan,[],[],[],[]
BE-DeffetMichel,"Michel, Deffet",nan,nan,[],[],[],[]
BE-ForetMichel,"Michel, Foret",nan,nan,[],[],[],[]
BE-JadotMichel,"Michel, Jadot",nan,nan,[],[],[],[]
BE-MausMichel,"Michel, Maus",nan,nan,[],[],[],[]
BE-OculaMichel,"Michel, Ocula",nan,nan,[],[],[],[]
BE-SmetMieke,"Mieke, Smet",nan,nan,[],[],[],[]
BE-VanGramberenMieke,"Mieke, Van Gramberen",nan,nan,[],[],[],[]
BE-McSpaddenMike,"Mike, McSpadden",nan,nan,[],[],[],[]
BE-UlensMiranda,"Miranda, Ulens",nan,nan,[],[],[],[]
BE-LahlaliMohamed,"Mohamed, Lahlali",nan,nan,[],[],[],[]
BE-GérardMyriam,"Myriam, Gérard",nan,nan,[],[],[],[]
BE-DebastNathalie,"Nathalie, Debast",nan,nan,[],[],[],[]
BE-VanNuffelNicolas,"Nicolas, Van Nuffel",nan,nan,[],[],[],[]
BE-ValentinOlivier,"Olivier, Valentin",nan,nan,[],[],[],[]
BE-ViellePascale,"Pascale, Vielle",nan,nan,[],[],[],[]
BE-BuyssePaul,"Paul, Buysse",nan,nan,[],[],[],[]
BE-VanTigcheltPaul,"Paul, Van Tigchelt",nan,nan,[],[],[],[]
BE-DevogelaerePeter,"Peter, Devogelaere",nan,nan,[],[],[],[]
BE-KormúthPeter,"Peter, Kormúth",nan,nan,[],[],[],[]
BE-LettenPeter,"Peter, Letten",nan,nan,[],[],[],[]
BE-WittoeckPeter,"Peter, Wittoeck",nan,nan,[],[],[],[]
BE-DeSutterPetra,"Petra, De Sutter",nan,2020-10-02,['minister'],[],[],[]
BE-AndriannePhilippe,"Philippe, Andrianne",nan,nan,[],[],[],[]
BE-DeBackerPhilippe,"Philippe, De Backer",nan,2016-04-29,['minister'],[],[],[]
BE-DonnayPhilippe,"Philippe, Donnay",nan,nan,[],[],[],[]
BE-MahouxPhilippe,"Philippe, Mahoux",nan,nan,[],[],[],[]
BE-MuytersPhilippe,"Philippe, Muyters",nan,nan,[],[],[],[]
BE-VandenPutPhilippe,"Philippe, Van den Put",nan,nan,[],[],[],[]
BE-VandenBroeckPhilippe,"Philippe, Vanden Broeck",nan,nan,[],[],[],[]
BE-DesmetPia,"Pia, Desmet",nan,nan,[],[],[],[]
BE-dArgentPierre,"Pierre, d'Argent",nan,nan,[],[],[],[]
BE-KompanyPierre,"Pierre, Kompany",nan,nan,[],[],[],[]
BE-MiermansPieterJan,"Pieter-Jan, Miermans",nan,nan,[],[],[],[]
BE-SchrootenRenaat,"Renaat, Schrooten",nan,nan,[],[],[],[]
BE-DaemsRik,"Rik, Daems",nan,nan,[],[],[],[]
BE-VandenbergheRik,"Rik, Vandenberghe",nan,nan,[],[],[],[]
BE-BothuyneRobrecht,"Robrecht, Bothuyne",nan,nan,[],[],[],[]
BE-DecropRudi,"Rudi, Decrop",nan,nan,[],[],[],[]
BE-MoensRudi,"Rudi, Moens",nan,nan,[],[],[],[]
BE-DebaeneRudy,"Rudy, Debaene",nan,nan,[],[],[],[]
BE-DeMoorSabine,"Sabine, De Moor",nan,nan,[],[],[],[]
BE-CnuddeSally,"Sally, Cnudde",nan,nan,[],[],[],[]
BE-NemesSamuel,"Samuel, Nemes",nan,nan,[],[],[],[]
BE-CoenegrachtsSandra,"Sandra, Coenegrachts",nan,nan,[],[],[],[]
BE-RolandSerge,"Serge, Roland",nan,nan,[],[],[],[]
BE-NajmSimon,"Simon, Najm",nan,nan,[],[],[],[]
BE-vanLeijenhorstSjaak,"Sjaak, van Leijenhorst",nan,nan,[],[],[],[]
BE-LauwereysSteven,"Steven, Lauwereys",nan,nan,[],[],[],[]
BE-HansenThierry,"Thierry, Hansen",nan,nan,[],[],[],[]
BE-SaegemanThierry,"Thierry, Saegeman",nan,nan,[],[],[],[]
BE-JonesThomas,"Thomas, Jones",nan,nan,[],[],[],[]
BE-BeversTom,"Tom, Bevers",nan,nan,[],[],[],[]
BE-GoffinTom,"Tom, Goffin",nan,nan,[],[],[],[]
BE-VanderBekenTom,"Tom, Vander Beken",nan,nan,[],[],[],[]
BE-RobertiTristan,"Tristan, Roberti",nan,nan,[],[],[],[]
BE-SimonisVéronique,"Véronique, Simonis",nan,nan,[],[],[],[]
BE-WarouxVéronique,"Véronique, Waroux",nan,nan,[],[],[],[]
BE-TeitelbaumViviane,"Viviane, Teitelbaum",nan,nan,[],[],[],[]
BE-VandaeleWilfried,"Wilfried, Vandaele",nan,nan,[],[],[],[]
BE-BruggemanWilly,"Willy, Bruggeman",nan,nan,[],[],[],[]
BE-DeClercqWim,"Wim, De Clercq",nan,nan,[],[],[],[]
BE-VanBellingenWouter,"Wouter, Van Bellingen",nan,nan,[],[],[],[]
BE-DupontYves,"Yves, Dupont",nan,nan,[],[],[],[]
BE-PeumansJan,"Jan, Peumans",nan,nan,[],[],[],[]
BE-HuytebroeckÉvelyne,"Évelyne, Huytebroeck",nan,nan,[],[],[],[]
