name_id,name,gender,term_start,roles,parties,party_orientation,legislative_branch
FI-MarkusMustajärvi,"Markus, Mustajärvi",M,2003-03-19,['member'],['Vasemmistoliitto'],['Left'],['Unicameralism']
FI-MariHolopainen,"Mari, Holopainen",F,2019-04-17,['member'],['Vihreä liitto'],['Centre-left'],['Unicameralism']
FI-SamiSavio,"Sami, Savio",M,2015-04-22,['member'],['Perussuomalaiset'],['Right to far-right'],['Unicameralism']
FI-EskoKiviranta,"Esko, Kiviranta",M,2003-03-19,['member'],['Suomen Keskusta'],['Centre'],['Unicameralism']
FI-ReijoHongisto,"Reijo, Hongisto",M,2011-04-20,['member'],"['Perussuomalaiset', 'Sininen tulevaisuus']","['Right to far-right', 'Right']",['Unicameralism']
FI-TuomasKettunen,"Tuomas, Kettunen",M,2019-11-28,['member'],['Suomen Keskusta'],['Centre'],['Unicameralism']
FI-HannuHoskonen,"Hannu, Hoskonen",M,2003-03-19,['member'],['Suomen Keskusta'],['Centre'],['Unicameralism']
FI-RitvaElomaa,"Ritva, Elomaa",F,2011-04-20,['member'],"['Perussuomalaiset', 'Sininen tulevaisuus']","['Right to far-right', 'Right']",['Unicameralism']
FI-TyttiTuppurainen,"Tytti, Tuppurainen",F,2011-04-20,"['member', 'minister']",['Suomen Sosialidemokraattinen Puolue'],['Centre-left'],['Unicameralism']
FI-MerjaMäkisaloRopponen,"Merja, Mäkisalo-Ropponen",F,2011-04-20,['member'],['Suomen Sosialidemokraattinen Puolue'],['Centre-left'],['Unicameralism']
FI-JanneHeikkinen,"Janne, Heikkinen",M,2019-04-17,['member'],['Kansallinen kokoomus'],['Centre-right'],['Unicameralism']
FI-MikkoSavola,"Mikko, Savola",M,2011-04-20,['member'],['Suomen Keskusta'],['Centre'],['Unicameralism']
FI-VeronicaRehnKivi,"Veronica, Rehn-Kivi",F,2016-08-09,['member'],['Suomen ruotsalainen kansanpuolue'],['Centre'],['Unicameralism']
FI-AnoTurtiainen,"Ano, Turtiainen",M,2019-04-17,['member'],"['Edustaja Turtiainen', 'Perussuomalaiset']","['Right to far-right', 'Right to far-right']",['Unicameralism']
FI-MarkoKilpi,"Marko, Kilpi",M,2019-04-17,['member'],['Kansallinen kokoomus'],['Centre-right'],['Unicameralism']
FI-AnneKalmari,"Anne, Kalmari",F,2007-03-21,['member'],['Suomen Keskusta'],['Centre'],['Unicameralism']
FI-PekkaPuska,"Pekka, Puska",M,1987-03-21,['member'],['Suomen Keskusta'],['Centre'],['Unicameralism']
FI-JyrkiYrttiaho,"Jyrki, Yrttiaho",M,2007-03-21,['member'],[],[],['Unicameralism']
FI-TomPackalén,"Tom, Packalén",M,2011-04-20,['member'],['Perussuomalaiset'],['Right to far-right'],['Unicameralism']
FI-JukkaKopra,"Jukka, Kopra",M,2011-04-20,['member'],['Kansallinen kokoomus'],['Centre-right'],['Unicameralism']
FI-KristaKiuru,"Krista, Kiuru",F,2007-03-21,"['member', 'minister']",['Suomen Sosialidemokraattinen Puolue'],['Centre-left'],['Unicameralism']
FI-JaniToivola,"Jani, Toivola",M,2011-04-20,['member'],['Vihreä liitto'],['Centre-left'],['Unicameralism']
FI-SariTanus,"Sari, Tanus",F,2015-04-22,['member'],['Suomen Kristillisdemokraatit'],['Centre-right'],['Unicameralism']
FI-JariLeppä,"Jari, Leppä",M,1999-03-24,"['member', 'minister']",['Suomen Keskusta'],['Centre'],['Unicameralism']
FI-LeaMäkipää,"Lea, Mäkipää",F,1983-03-26,['member'],"['Perussuomalaiset', 'Sininen tulevaisuus', 'Suomen Maaseudun Puolue']","['Right to far-right', 'Right', 'Syncretic politics']",['Unicameralism']
FI-JariKinnunen,"Jari, Kinnunen",M,2021-09-09,['member'],['Kansallinen kokoomus'],['Centre-right'],['Unicameralism']
FI-MarttiMölsä,"Martti, Mölsä",M,2011-04-20,['member'],"['Perussuomalaiset', 'Sininen tulevaisuus']","['Right to far-right', 'Right']",['Unicameralism']
FI-AnttiRantakangas,"Antti, Rantakangas",M,1999-03-24,['member'],['Suomen Keskusta'],['Centre'],['Unicameralism']
FI-JoakimStrand,"Joakim, Strand",M,2015-04-22,['member'],['Suomen ruotsalainen kansanpuolue'],['Centre'],['Unicameralism']
FI-YmpäristöjailmastoministeriKristaMikkonen,"Ympäristö- ja ilmastoministeri Krista, Mikkonen",F,2015-04-22,"['member', 'minister']",['Vihreä liitto'],['Centre-left'],['Unicameralism']
FI-MikaLintilä,"Mika, Lintilä",M,1999-03-24,"['member', 'minister']",['Suomen Keskusta'],['Centre'],['Unicameralism']
FI-KaukoJuhantalo,"Kauko, Juhantalo",M,1979-03-24,"['member', 'minister']",['Suomen Keskusta'],['Centre'],['Unicameralism']
FI-LenitaToivakka,"Lenita, Toivakka",F,2007-03-21,"['member', 'minister']",['Kansallinen kokoomus'],['Centre-right'],['Unicameralism']
FI-SauliNiinistö,"Sauli, Niinistö",nan,nan,[],[],[],[]
FI-KimmoTiilikainen,"Kimmo, Tiilikainen",M,2003-03-19,"['member', 'minister']",['Suomen Keskusta'],['Centre'],['Unicameralism']
FI-JuhaMäenpää,"Juha, Mäenpää",M,2019-04-17,['member'],['Perussuomalaiset'],['Right to far-right'],['Unicameralism']
FI-PiaKauma,"Pia, Kauma",F,2011-04-20,['member'],['Kansallinen kokoomus'],['Centre-right'],['Unicameralism']
FI-ArjaJuvonen,"Arja, Juvonen",F,2011-04-20,['member'],['Perussuomalaiset'],['Right to far-right'],['Unicameralism']
FI-JariLindström,"Jari, Lindström",M,2011-04-20,"['member', 'minister']","['Perussuomalaiset', 'Sininen tulevaisuus']","['Right to far-right', 'Right']",['Unicameralism']
FI-AndersNorrback,"Anders, Norrback",M,2019-04-17,['member'],['Suomen ruotsalainen kansanpuolue'],['Centre'],['Unicameralism']
FI-AinoKaisaPekonen,"Aino-Kaisa, Pekonen",F,2011-04-20,"['member', 'minister']",['Vasemmistoliitto'],['Left'],['Unicameralism']
FI-IlkkaKantola,"Ilkka, Kantola",M,2007-03-21,['member'],['Suomen Sosialidemokraattinen Puolue'],['Centre-left'],['Unicameralism']
FI-JennaSimula,"Jenna, Simula",F,2019-04-17,['member'],['Perussuomalaiset'],['Right to far-right'],['Unicameralism']
FI-PetriHuru,"Petri, Huru",M,2019-07-02,['member'],['Perussuomalaiset'],['Right to far-right'],['Unicameralism']
FI-AilaPaloniemi,"Aila, Paloniemi",F,2003-03-19,['member'],['Suomen Keskusta'],['Centre'],['Unicameralism']
FI-MattiTorvinen,"Matti, Torvinen",M,2017-07-03,['member'],['Sininen tulevaisuus'],['Right'],['Unicameralism']
FI-Mäenpää,"Jani, Mäenpää",nan,nan,[],[],[],[]
FI-BenZyskowicz,"Ben, Zyskowicz",M,1979-03-24,['member'],['Kansallinen kokoomus'],['Centre-right'],['Unicameralism']
FI-BelayneshForsgrén,"Belaynesh, Forsgrén",F,2019-04-17,['member'],['Vihreä liitto'],['Centre-left'],['Unicameralism']
FI-TuulaVäätäinen,"Tuula, Väätäinen",F,2003-03-19,['member'],['Suomen Sosialidemokraattinen Puolue'],['Centre-left'],['Unicameralism']
FI-HannaMäntylä,"Hanna, Mäntylä",F,2011-04-20,"['member', 'minister']","['Perussuomalaiset', 'Sininen tulevaisuus']","['Right to far-right', 'Right']",['Unicameralism']
FI-LauraHuhtasaari,"Laura, Huhtasaari",F,2015-04-22,['member'],['Perussuomalaiset'],['Right to far-right'],['Unicameralism']
FI-PauliKiuru,"Pauli, Kiuru",M,2011-04-20,['member'],['Kansallinen kokoomus'],['Centre-right'],['Unicameralism']
FI-KristiinaSalonen,"Kristiina, Salonen",F,2011-04-20,['member'],['Suomen Sosialidemokraattinen Puolue'],['Centre-left'],['Unicameralism']
FI-EevaMariaMaijala,"Eeva-Maria, Maijala",F,2011-04-20,['member'],['Suomen Keskusta'],['Centre'],['Unicameralism']
FI-UllaParviainen,"Ulla, Parviainen",F,2015-04-22,['member'],['Suomen Keskusta'],['Centre'],['Unicameralism']
FI-PetriJääskeläinen,"Petri, Jääskeläinen",M,nan,[],[],[],[]
FI-PaavoArhinmäki,"Paavo, Arhinmäki",M,2007-03-21,"['member', 'minister']",['Vasemmistoliitto'],['Left'],['Unicameralism']
FI-PaavoVäyrynen,"Paavo, Väyrynen",M,1970-03-23,"['member', 'minister']","['Suomen Keskusta', 'Kansalaispuolue', 'Edustaja Väyrynen', 'Seitsemän tähden liike']","['Centre', 'Centre', 'Centre', 'Centre-right']",['Unicameralism']
FI-MarkkuEestilä,"Markku, Eestilä",M,2011-04-20,['member'],['Kansallinen kokoomus'],['Centre-right'],['Unicameralism']
FI-MariRantanen,"Mari, Rantanen",F,2019-04-17,['member'],['Perussuomalaiset'],['Right to far-right'],['Unicameralism']
FI-JohannesYrttiaho,"Johannes, Yrttiaho",M,2019-04-17,['member'],['Vasemmistoliitto'],['Left'],['Unicameralism']
FI-LasseHautala,"Lasse, Hautala",M,2003-03-19,['member'],['Suomen Keskusta'],['Centre'],['Unicameralism']
FI-SunaKymäläinen,"Suna, Kymäläinen",F,2011-04-20,['member'],['Suomen Sosialidemokraattinen Puolue'],['Centre-left'],['Unicameralism']
FI-ErkkiTuomioja,"Erkki, Tuomioja",M,1970-03-23,"['member', 'minister']",['Suomen Sosialidemokraattinen Puolue'],['Centre-left'],['Unicameralism']
FI-MariaLohela,"Maria, Lohela",F,2011-04-20,['member'],"['Liike Nyt', 'Perussuomalaiset', 'Sininen tulevaisuus']","['Centre-right', 'Right to far-right', 'Right']",['Unicameralism']
FI-KajTurunen,"Kaj, Turunen",M,2011-04-20,['member'],"['Kansallinen kokoomus', 'Perussuomalaiset', 'Sininen tulevaisuus']","['Centre-right', 'Right to far-right', 'Right']",['Unicameralism']
FI-VilleTavio,"Ville, Tavio",M,2015-04-22,['member'],['Perussuomalaiset'],['Right to far-right'],['Unicameralism']
FI-VeikkoVallin,"Veikko, Vallin",M,2019-04-17,['member'],['Perussuomalaiset'],['Right to far-right'],['Unicameralism']
FI-JyrkiKasvi,"Jyrki, Kasvi",M,2003-03-19,['member'],['Vihreä liitto'],['Centre-left'],['Unicameralism']
FI-OlliRehn,"Olli, Rehn",M,1991-03-22,"['member', 'minister']",['Suomen Keskusta'],['Centre'],['Unicameralism']
FI-NiinaMalm,"Niina, Malm",F,2019-04-17,['member'],['Suomen Sosialidemokraattinen Puolue'],['Centre-left'],['Unicameralism']
FI-MerjaKyllönen,"Merja, Kyllönen",F,2007-03-21,"['member', 'minister']",['Vasemmistoliitto'],['Left'],['Unicameralism']
FI-PiaViitanen,"Pia, Viitanen",F,1995-03-24,"['member', 'minister']",['Suomen Sosialidemokraattinen Puolue'],['Centre-left'],['Unicameralism']
FI-AnneMariVirolainen,"Anne-Mari, Virolainen",F,2007-03-21,"['member', 'minister']",['Kansallinen kokoomus'],['Centre-right'],['Unicameralism']
FI-MikaRaatikainen,"Mika, Raatikainen",M,2014-07-04,['member'],['Perussuomalaiset'],['Right to far-right'],['Unicameralism']
FI-HarriJaskari,"Harri, Jaskari",M,2007-03-21,['member'],['Kansallinen kokoomus'],['Centre-right'],['Unicameralism']
FI-JuhaRehul,"Juha, Rehul",M,1996-11-19,"['member', 'minister']",['Suomen Keskusta'],['Centre'],['Unicameralism']
FI-SatuHassi,"Satu, Hassi",F,1991-03-22,"['member', 'minister']",['Vihreä liitto'],['Centre-left'],['Unicameralism']
FI-MarttiTalja,"Martti, Talja",M,2015-04-22,['member'],['Suomen Keskusta'],['Centre'],['Unicameralism']
FI-JanneSankelo,"Janne, Sankelo",M,2011-04-20,['member'],['Kansallinen kokoomus'],['Centre-right'],['Unicameralism']
FI-NooraKoponen,"Noora, Koponen",F,2019-04-17,['member'],['Vihreä liitto'],['Centre-left'],['Unicameralism']
FI-VeijoNiemi,"Veijo, Niemi",M,2019-04-17,['member'],['Perussuomalaiset'],['Right to far-right'],['Unicameralism']
FI-MikkoAlatalo,"Mikko, Alatalo",M,2003-03-19,['member'],['Suomen Keskusta'],['Centre'],['Unicameralism']
FI-SebastianTynkkynen,"Sebastian, Tynkkynen",M,2019-04-17,['member'],['Perussuomalaiset'],['Right to far-right'],['Unicameralism']
FI-PihlaKetoHuovinen,"Pihla, Keto-Huovinen",F,2019-04-17,['member'],['Kansallinen kokoomus'],['Centre-right'],['Unicameralism']
FI-AriJalonen,"Ari, Jalonen",M,2011-04-20,['member'],"['Perussuomalaiset', 'Sininen tulevaisuus']","['Right to far-right', 'Right']",['Unicameralism']
FI-MauriPekkarinen,"Mauri, Pekkarinen",M,1979-03-24,"['member', 'minister']",['Suomen Keskusta'],['Centre'],['Unicameralism']
FI-MikaelaNylander,"Mikaela, Nylander",F,2003-03-19,['member'],['Suomen ruotsalainen kansanpuolue'],['Centre'],['Unicameralism']
FI-SeppoKääriäinen,"Seppo, Kääriäinen",M,1987-03-21,"['member', 'minister']",['Suomen Keskusta'],['Centre'],['Unicameralism']
FI-MarkkuRossi,"Markku, Rossi",M,1991-03-22,['member'],['Suomen Keskusta'],['Centre'],['Unicameralism']
FI-RiikkaSlungaPoutsalo,"Riikka, Slunga-Poutsalo",F,2019-04-17,['member'],['Perussuomalaiset'],['Right to far-right'],['Unicameralism']
FI-HeliJärvinen,"Heli, Järvinen",F,2007-03-21,['member'],['Vihreä liitto'],['Centre-left'],['Unicameralism']
FI-HannaHuttunen,"Hanna, Huttunen",F,2019-04-17,['member'],['Suomen Keskusta'],['Centre'],['Unicameralism']
FI-SeppoEskelinen,"Seppo, Eskelinen",M,2019-04-17,['member'],['Suomen Sosialidemokraattinen Puolue'],['Centre-left'],['Unicameralism']
FI-SandraBergqvist,"Sandra, Bergqvist",F,2019-04-17,['member'],['Suomen ruotsalainen kansanpuolue'],['Centre'],['Unicameralism']
FI-KariKulmala,"Kari, Kulmala",M,2015-04-22,['member'],"['Perussuomalaiset', 'Sininen tulevaisuus']","['Right to far-right', 'Right']",['Unicameralism']
FI-EveliinaHeinäluoma,"Eveliina, Heinäluoma",F,2019-04-17,['member'],['Suomen Sosialidemokraattinen Puolue'],['Centre-left'],['Unicameralism']
FI-EeroSuutari,"Eero, Suutari",M,2011-04-20,['member'],['Kansallinen kokoomus'],['Centre-right'],['Unicameralism']
FI-AnnikaLapintie,"Annika, Lapintie",F,1995-03-24,['member'],['Vasemmistoliitto'],['Left'],['Unicameralism']
FI-JukkaGustafsson,"Jukka, Gustafsson",M,1987-03-21,"['member', 'minister']",['Suomen Sosialidemokraattinen Puolue'],['Centre-left'],['Unicameralism']
FI-TuomoPuumala,"Tuomo, Puumala",M,2007-03-21,['member'],['Suomen Keskusta'],['Centre'],['Unicameralism']
FI-MariaGuzenina,"Maria, Guzenina",F,2007-03-21,"['member', 'minister']",['Suomen Sosialidemokraattinen Puolue'],['Centre-left'],['Unicameralism']
FI-JaniMäkelä,"Jani, Mäkelä",M,2015-04-22,['member'],['Perussuomalaiset'],['Right to far-right'],['Unicameralism']
FI-KimmoKivelä,"Kimmo, Kivelä",M,2011-04-20,['member'],"['Perussuomalaiset', 'Sininen tulevaisuus']","['Right to far-right', 'Right']",['Unicameralism']
FI-HannaHolopainen,"Hanna, Holopainen",F,2019-04-17,['member'],['Vihreä liitto'],['Centre-left'],['Unicameralism']
FI-LiAndersson,"Li, Andersson",F,2015-04-22,"['member', 'minister']",['Vasemmistoliitto'],['Left'],['Unicameralism']
FI-AnneLouhelainen,"Anne, Louhelainen",F,2011-04-20,['member'],"['Perussuomalaiset', 'Sininen tulevaisuus']","['Right to far-right', 'Right']",['Unicameralism']
FI-TeuvoHakkarainen,"Teuvo, Hakkarainen",M,2011-04-20,['member'],['Perussuomalaiset'],['Right to far-right'],['Unicameralism']
FI-AnneBerner,"Anne, Berner",F,2015-04-22,"['member', 'minister']",['Suomen Keskusta'],['Centre'],['Unicameralism']
FI-AriTorniainen,"Ari, Torniainen",M,2011-04-20,['member'],['Suomen Keskusta'],['Centre'],['Unicameralism']
FI-MattiSemi,"Matti, Semi",M,2015-04-22,['member'],['Vasemmistoliitto'],['Left'],['Unicameralism']
FI-AnnaKaisaIkonen,"Anna-Kaisa, Ikonen",F,2019-04-17,['member'],['Kansallinen kokoomus'],['Centre-right'],['Unicameralism']
FI-SusannaKoski,"Susanna, Koski",F,2015-04-22,['member'],['Kansallinen kokoomus'],['Centre-right'],['Unicameralism']
FI-EevaKalli,"Eeva, Kalli",F,2019-04-17,['member'],['Suomen Keskusta'],['Centre'],['Unicameralism']
FI-JariRonkainen,"Jari, Ronkainen",M,2015-04-22,['member'],['Perussuomalaiset'],['Right to far-right'],['Unicameralism']
FI-JoonaRäsänen,"Joona, Räsänen",M,2015-04-22,['member'],['Suomen Sosialidemokraattinen Puolue'],['Centre-left'],['Unicameralism']
FI-HeikkiAutto,"Heikki, Autto",M,2011-04-20,['member'],['Kansallinen kokoomus'],['Centre-right'],['Unicameralism']
FI-PirittaRantanen,"Piritta, Rantanen",F,2019-04-17,['member'],['Suomen Sosialidemokraattinen Puolue'],['Centre-left'],['Unicameralism']
FI-SannaAntikainen,"Sanna, Antikainen",F,2019-04-17,['member'],['Perussuomalaiset'],['Right to far-right'],['Unicameralism']
FI-HarryHarkimo,"Harry, Harkimo",M,2015-04-22,['member'],"['Kansallinen kokoomus', 'Liike Nyt']","['Centre-right', 'Centre-right']",['Unicameralism']
FI-EvaBiaudet,"Eva, Biaudet",F,1991-03-22,"['member', 'minister']",['Suomen ruotsalainen kansanpuolue'],['Centre'],['Unicameralism']
FI-JuhaSipilä,"Juha, Sipilä",M,2011-04-20,"['member', 'minister']",['Suomen Keskusta'],['Centre'],['Unicameralism']
FI-JohanKvarnström,"Johan, Kvarnström",M,2019-04-17,['member'],['Suomen Sosialidemokraattinen Puolue'],['Centre-left'],['Unicameralism']
FI-TimoKalli,"Timo, Kalli",M,1991-03-22,['member'],['Suomen Keskusta'],['Centre'],['Unicameralism']
FI-PasiKivisaari,"Pasi, Kivisaari",M,2019-04-17,['member'],['Suomen Keskusta'],['Centre'],['Unicameralism']
FI-RiittaMäkinen,"Riitta, Mäkinen",F,2018-06-15,['member'],['Suomen Sosialidemokraattinen Puolue'],['Centre-left'],['Unicameralism']
FI-PetriHonkonen,"Petri, Honkonen",M,2015-04-22,['member'],['Suomen Keskusta'],['Centre'],['Unicameralism']
FI-PerttiHakanen,"Pertti, Hakanen",M,2015-04-22,['member'],['Suomen Keskusta'],['Centre'],['Unicameralism']
FI-SakariPuisto,"Sakari, Puisto",M,2019-04-17,['member'],['Perussuomalaiset'],['Right to far-right'],['Unicameralism']
FI-OlliPoikaParviainen,"Olli-Poika, Parviainen",M,2015-04-22,['member'],['Vihreä liitto'],['Centre-left'],['Unicameralism']
FI-BellaForsgrén,"Bella, Forsgrén",F,2019-04-17,['member'],['Vihreä liitto'],['Centre-left'],['Unicameralism']
FI-MikaKari,"Mika, Kari",M,2011-04-20,['member'],['Suomen Sosialidemokraattinen Puolue'],['Centre-left'],['Unicameralism']
FI-VilhelmJunnila,"Vilhelm, Junnila",M,2019-04-17,['member'],['Perussuomalaiset'],['Right to far-right'],['Unicameralism']
FI-JaakkoJonkka,"Jaakko, Jonkka",M,nan,[],[],[],[]
FI-MirjaVehkaperä,"Mirja, Vehkaperä",F,2007-03-21,['member'],['Suomen Keskusta'],['Centre'],['Unicameralism']
FI-SirkkaLiisaAnttila,"Sirkka-Liisa, Anttila",F,1983-03-26,"['member', 'minister']",['Suomen Keskusta'],['Centre'],['Unicameralism']
FI-RuutSjöblom,"Ruut, Sjöblom",F,2019-04-17,['member'],['Kansallinen kokoomus'],['Centre-right'],['Unicameralism']
FI-PaulaWerning,"Paula, Werning",F,2019-04-17,['member'],['Suomen Sosialidemokraattinen Puolue'],['Centre-left'],['Unicameralism']
FI-KatjaHänninen,"Katja, Hänninen",F,2014-07-04,['member'],['Vasemmistoliitto'],['Left'],['Unicameralism']
FI-KalleJokinen,"Kalle, Jokinen",M,2009-09-09,['member'],['Kansallinen kokoomus'],['Centre-right'],['Unicameralism']
FI-NasimaRazmyar,"Nasima, Razmyar",F,2015-04-22,['member'],['Suomen Sosialidemokraattinen Puolue'],['Centre-left'],['Unicameralism']
FI-JuhoEerola,"Juho, Eerola",M,2011-04-20,['member'],['Perussuomalaiset'],['Right to far-right'],['Unicameralism']
FI-RaimoPiirainen,"Raimo, Piirainen",M,2009-07-20,['member'],['Suomen Sosialidemokraattinen Puolue'],['Centre-left'],['Unicameralism']
FI-MauriPeltokangas,"Mauri, Peltokangas",M,2019-04-17,['member'],['Perussuomalaiset'],['Right to far-right'],['Unicameralism']
FI-RiittaMyller,"Riitta, Myller",F,1987-03-21,['member'],['Suomen Sosialidemokraattinen Puolue'],['Centre-left'],['Unicameralism']
FI-MaaritFeldtRanta,"Maarit, Feldt-Ranta",F,2007-03-21,['member'],['Suomen Sosialidemokraattinen Puolue'],['Centre-left'],['Unicameralism']
FI-JussiSaramo,"Jussi, Saramo",M,2019-04-17,"['member', 'minister']",['Vasemmistoliitto'],['Left'],['Unicameralism']
FI-MatsLöfström,"Mats, Löfström",M,2015-04-22,['member'],['Suomen ruotsalainen kansanpuolue'],['Centre'],['Unicameralism']
FI-MarkusLohi,"Markus, Lohi",M,2011-04-20,['member'],['Suomen Keskusta'],['Centre'],['Unicameralism']
FI-StefanWallin,"Stefan, Wallin",M,2007-01-01,"['member', 'minister']",['Suomen ruotsalainen kansanpuolue'],['Centre'],['Unicameralism']
FI-RistoKalliorinne,"Risto, Kalliorinne",M,2011-04-20,['member'],['Vasemmistoliitto'],['Left'],['Unicameralism']
FI-MarisannaJarva,"Marisanna, Jarva",F,2015-04-22,['member'],['Suomen Keskusta'],['Centre'],['Unicameralism']
FI-RaijaVahasalo,"Raija, Vahasalo",F,1999-03-24,['member'],['Kansallinen kokoomus'],['Centre-right'],['Unicameralism']
FI-VeronikaHonkasalo,"Veronika, Honkasalo",F,2019-04-17,['member'],['Vasemmistoliitto'],['Left'],['Unicameralism']
FI-TimoHarakka,"Timo, Harakka",M,2015-04-22,"['member', 'minister']",['Suomen Sosialidemokraattinen Puolue'],['Centre-left'],['Unicameralism']
FI-KaisaJuuso,"Kaisa, Juuso",F,2019-04-17,['member'],['Perussuomalaiset'],['Right to far-right'],['Unicameralism']
FI-KariTolvanen,"Kari, Tolvanen",M,2011-04-20,['member'],['Kansallinen kokoomus'],['Centre-right'],['Unicameralism']
FI-VilleVähämäki,"Ville, Vähämäki",M,2011-04-20,['member'],['Perussuomalaiset'],['Right to far-right'],['Unicameralism']
FI-PaulaRisikko,"Paula, Risikko",F,2003-03-19,"['member', 'minister']",['Kansallinen kokoomus'],['Centre-right'],['Unicameralism']
FI-PilviTorsti,"Pilvi, Torsti",F,2017-06-09,['member'],['Suomen Sosialidemokraattinen Puolue'],['Centre-left'],['Unicameralism']
FI-AnnaKontula,"Anna, Kontula",F,2011-04-20,['member'],['Vasemmistoliitto'],['Left'],['Unicameralism']
FI-SusannaHuovinen,"Susanna, Huovinen",F,1999-03-24,"['member', 'minister']",['Suomen Sosialidemokraattinen Puolue'],['Centre-left'],['Unicameralism']
FI-AnnaMajaHenriksson,"Anna-Maja, Henriksson",F,2007-03-21,"['member', 'minister']",['Suomen ruotsalainen kansanpuolue'],['Centre'],['Unicameralism']
FI-SariRaassina,"Sari, Raassina",F,2015-04-22,['member'],['Kansallinen kokoomus'],['Centre-right'],['Unicameralism']
FI-PekkaAittakumpu,"Pekka, Aittakumpu",M,2019-04-17,['member'],['Suomen Keskusta'],['Centre'],['Unicameralism']
FI-LeenaMeri,"Leena, Meri",F,2015-05-07,['member'],['Perussuomalaiset'],['Right to far-right'],['Unicameralism']
FI-AnteroLaukkanen,"Antero, Laukkanen",M,2015-04-22,['member'],['Suomen Kristillisdemokraatit'],['Centre-right'],['Unicameralism']
FI-AtteKaleva,"Atte, Kaleva",M,2021-09-09,['member'],['Kansallinen kokoomus'],['Centre-right'],['Unicameralism']
FI-OutiAlankoKahiluoto,"Outi, Alanko-Kahiluoto",F,2007-03-21,['member'],['Vihreä liitto'],['Centre-left'],['Unicameralism']
FI-AtteHarjanne,"Atte, Harjanne",M,2019-04-17,['member'],['Vihreä liitto'],['Centre-left'],['Unicameralism']
FI-SofiaVikman,"Sofia, Vikman",F,2011-04-20,['member'],['Kansallinen kokoomus'],['Centre-right'],['Unicameralism']
FI-AnttiHäkkänen,"Antti, Häkkänen",M,2015-04-22,"['member', 'minister']",['Kansallinen kokoomus'],['Centre-right'],['Unicameralism']
FI-ElsiKatainen,"Elsi, Katainen",F,2007-03-21,['member'],['Suomen Keskusta'],['Centre'],['Unicameralism']
FI-JenniPitko,"Jenni, Pitko",F,2019-04-17,['member'],['Vihreä liitto'],['Centre-left'],['Unicameralism']
FI-JukkaMäkynen,"Jukka, Mäkynen",M,2019-04-17,['member'],['Perussuomalaiset'],['Right to far-right'],['Unicameralism']
FI-JuhaRehula,"Juha, Rehula",M,1996-11-19,"['member', 'minister']",['Suomen Keskusta'],['Centre'],['Unicameralism']
FI-TiinaElo,"Tiina, Elo",F,2019-04-17,['member'],['Vihreä liitto'],['Centre-left'],['Unicameralism']
FI-HannaKosonen,"Hanna, Kosonen",F,2015-04-22,"['member', 'minister']",['Suomen Keskusta'],['Centre'],['Unicameralism']
FI-JaanaPelkonen,"Jaana, Pelkonen",F,2011-04-20,['member'],['Kansallinen kokoomus'],['Centre-right'],['Unicameralism']
FI-PekkaHaavisto,"Pekka, Haavisto",M,1987-03-21,"['member', 'minister']",['Vihreä liitto'],['Centre-left'],['Unicameralism']
FI-AnteroVartia,"Antero, Vartia",M,2015-04-22,['member'],['Vihreä liitto'],['Centre-left'],['Unicameralism']
FI-JuhoKautto,"Juho, Kautto",M,2019-04-17,['member'],['Vasemmistoliitto'],['Left'],['Unicameralism']
FI-SilviaModig,"Silvia, Modig",F,2011-04-20,['member'],['Vasemmistoliitto'],['Left'],['Unicameralism']
FI-JariKoskela,"Jari, Koskela",M,2019-04-17,['member'],['Perussuomalaiset'],['Right to far-right'],['Unicameralism']
FI-PiaLohikoski,"Pia, Lohikoski",F,2019-04-17,['member'],['Vasemmistoliitto'],['Left'],['Unicameralism']
FI-CarlHaglund,"Carl, Haglund",M,2012-07-05,"['member', 'minister']",['Suomen ruotsalainen kansanpuolue'],['Centre'],['Unicameralism']
FI-EeroReijonen,"Eero, Reijonen",M,2003-03-19,['member'],['Suomen Keskusta'],['Centre'],['Unicameralism']
FI-HeikkiVestman,"Heikki, Vestman",M,2019-04-17,['member'],['Kansallinen kokoomus'],['Centre-right'],['Unicameralism']
FI-PenttiOinonen,"Pentti, Oinonen",M,2007-03-21,['member'],"['Perussuomalaiset', 'Sininen tulevaisuus']","['Right to far-right', 'Right']",['Unicameralism']
FI-MikkoKinnunen,"Mikko, Kinnunen",M,2019-04-17,['member'],['Suomen Keskusta'],['Centre'],['Unicameralism']
FI-TiinaElovaara,"Tiina, Elovaara",F,2015-04-22,['member'],"['Perussuomalaiset', 'Sininen tulevaisuus']","['Right to far-right', 'Right']",['Unicameralism']
FI-MikkoKärnä,"Mikko, Kärnä",M,2015-04-30,['member'],['Suomen Keskusta'],['Centre'],['Unicameralism']
FI-TimoHeinonen,"Timo, Heinonen",M,2007-03-21,['member'],['Kansallinen kokoomus'],['Centre-right'],['Unicameralism']
FI-MatiasMäkynen,"Matias, Mäkynen",M,2019-12-03,['member'],['Suomen Sosialidemokraattinen Puolue'],['Centre-left'],['Unicameralism']
FI-VesaMattiSaarakkala,"Vesa-Matti, Saarakkala",M,2011-04-20,['member'],"['Perussuomalaiset', 'Sininen tulevaisuus']","['Right to far-right', 'Right']",['Unicameralism']
FI-TerhiKoulumies,"Terhi, Koulumies",F,2019-04-17,['member'],['Kansallinen kokoomus'],['Centre-right'],['Unicameralism']
FI-PirkkaPekkaPetelius,"Pirkka-Pekka, Petelius",M,2019-04-17,['member'],['Vihreä liitto'],['Centre-left'],['Unicameralism']
FI-MirkaSoinikoski,"Mirka, Soinikoski",F,2019-04-17,['member'],['Vihreä liitto'],['Centre-left'],['Unicameralism']
FI-MattiVanhanen,"Matti, Vanhanen",M,1991-03-22,"['member', 'minister']",['Suomen Keskusta'],['Centre'],['Unicameralism']
FI-TimoV.Korhonen,"Timo V., Korhonen",M,2007-03-21,['member'],['Suomen Keskusta'],['Centre'],['Unicameralism']
FI-VilleNiinistö,"Ville, Niinistö",M,2007-03-21,"['member', 'minister']",['Vihreä liitto'],['Centre-left'],['Unicameralism']
FI-LuluRanne,"Lulu, Ranne",F,2019-04-17,['member'],['Perussuomalaiset'],['Right to far-right'],['Unicameralism']
FI-EijaNivala,"Eija, Nivala",F,2018-06-18,['member'],['Suomen Keskusta'],['Centre'],['Unicameralism']
FI-JohannaKarimäki,"Johanna, Karimäki",F,2007-03-21,['member'],['Vihreä liitto'],['Centre-left'],['Unicameralism']
FI-Hoskinen,"Hannu, Hoskinen",nan,nan,[],[],[],[]
FI-AnttiKurvinen,"Antti, Kurvinen",M,2015-04-22,"['member', 'minister']",['Suomen Keskusta'],['Centre'],['Unicameralism']
FI-IirisSuomela,"Iiris, Suomela",F,2019-04-17,['member'],['Vihreä liitto'],['Centre-left'],['Unicameralism']
FI-EerikkiViljanen,"Eerikki, Viljanen",M,2015-04-22,['member'],['Suomen Keskusta'],['Centre'],['Unicameralism']
FI-EmmaKari,"Emma, Kari",F,2015-04-22,"['member', 'minister']",['Vihreä liitto'],['Centre-left'],['Unicameralism']
FI-AriKoponen,"Ari, Koponen",M,2019-04-17,['member'],['Perussuomalaiset'],['Right to far-right'],['Unicameralism']
FI-NiiloKeränen,"Niilo, Keränen",M,1999-03-24,['member'],['Suomen Keskusta'],['Centre'],['Unicameralism']
FI-MariaOhisalo,"Maria, Ohisalo",F,2019-04-17,"['member', 'minister']",['Vihreä liitto'],['Centre-left'],['Unicameralism']
FI-KimBerg,"Kim, Berg",M,2019-04-17,['member'],['Suomen Sosialidemokraattinen Puolue'],['Centre-left'],['Unicameralism']
FI-MaiKivelä,"Mai, Kivelä",F,2019-04-17,['member'],['Vasemmistoliitto'],['Left'],['Unicameralism']
FI-KristaMikkonen,"Krista, Mikkonen",F,2015-04-22,"['member', 'minister']",['Vihreä liitto'],['Centre-left'],['Unicameralism']
FI-IlmariNurminen,"Ilmari, Nurminen",M,2015-04-22,['member'],['Suomen Sosialidemokraattinen Puolue'],['Centre-left'],['Unicameralism']
FI-JouniKotiaho,"Jouni, Kotiaho",M,2019-04-17,['member'],['Perussuomalaiset'],['Right to far-right'],['Unicameralism']
FI-SannaMarin,"Sanna, Marin",F,2015-04-22,"['member', 'minister']",['Suomen Sosialidemokraattinen Puolue'],['Centre-left'],['Unicameralism']
FI-VeeraRuoho,"Veera, Ruoho",F,2015-04-22,['member'],"['Kansallinen kokoomus', 'Perussuomalaiset']","['Centre-right', 'Right to far-right']",['Unicameralism']
FI-PerttiSalolainen,"Pertti, Salolainen",M,1970-03-23,"['member', 'minister']",['Kansallinen kokoomus'],['Centre-right'],['Unicameralism']
FI-MinnaReijonen,"Minna, Reijonen",F,2019-04-17,['member'],['Perussuomalaiset'],['Right to far-right'],['Unicameralism']
FI-KaiMykkänen,"Kai, Mykkänen",M,2015-04-22,"['member', 'minister']",['Kansallinen kokoomus'],['Centre-right'],['Unicameralism']
FI-MiaLaiho,"Mia, Laiho",F,2018-03-05,['member'],['Kansallinen kokoomus'],['Centre-right'],['Unicameralism']
FI-HannaLeenaMattila,"Hanna-Leena, Mattila",F,2018-06-26,['member'],['Suomen Keskusta'],['Centre'],['Unicameralism']
FI-HannaSarkkinen,"Hanna, Sarkkinen",F,2015-04-22,"['member', 'minister']",['Vasemmistoliitto'],['Left'],['Unicameralism']
FI-MikaNiikko,"Mika, Niikko",M,2011-04-20,['member'],['Perussuomalaiset'],['Right to far-right'],['Unicameralism']
FI-JaanaLaitinenPesola,"Jaana, Laitinen-Pesola",F,2015-04-22,['member'],['Kansallinen kokoomus'],['Centre-right'],['Unicameralism']
FI-HannaHalmeenpää,"Hanna, Halmeenpää",F,2015-04-22,['member'],['Vihreä liitto'],['Centre-left'],['Unicameralism']
FI-SinuheWallinheimo,"Sinuhe, Wallinheimo",M,2011-04-20,['member'],['Kansallinen kokoomus'],['Centre-right'],['Unicameralism']
FI-AnttiRinne,"Antti, Rinne",M,2014-06-06,"['member', 'minister']",['Suomen Sosialidemokraattinen Puolue'],['Centre-left'],['Unicameralism']
FI-SimonElo,"Simon, Elo",M,2015-04-22,['member'],"['Perussuomalaiset', 'Sininen tulevaisuus']","['Right to far-right', 'Right']",['Unicameralism']
FI-JussiHallaaho,"Jussi, Halla-aho",M,2011-04-20,['member'],['Perussuomalaiset'],['Right to far-right'],['Unicameralism']
FI-AndersAdlercreutz,"Anders, Adlercreutz",M,2015-04-22,['member'],['Suomen ruotsalainen kansanpuolue'],['Centre'],['Unicameralism']
FI-HannakaisaHeikkinen,"Hannakaisa, Heikkinen",F,2007-03-21,['member'],['Suomen Keskusta'],['Centre'],['Unicameralism']
FI-ArtoPirttilahti,"Arto, Pirttilahti",M,2011-04-20,['member'],['Suomen Keskusta'],['Centre'],['Unicameralism']
FI-SheikkiLaakso,"Sheikki, Laakso",M,2019-04-17,['member'],['Perussuomalaiset'],['Right to far-right'],['Unicameralism']
FI-PäiviRäsänen,"Päivi, Räsänen",F,1995-03-24,"['member', 'minister']",['Suomen Kristillisdemokraatit'],['Centre-right'],['Unicameralism']
FI-HusseinalTaee,"Hussein, al-Taee",M,2019-04-17,['member'],['Suomen Sosialidemokraattinen Puolue'],['Centre-left'],['Unicameralism']
FI-ArtoSatonen,"Arto, Satonen",M,2003-03-19,['member'],['Kansallinen kokoomus'],['Centre-right'],['Unicameralism']
FI-AnneliKiljunen,"Anneli, Kiljunen",F,2003-03-19,['member'],['Suomen Sosialidemokraattinen Puolue'],['Centre-left'],['Unicameralism']
FI-SampoTerho,"Sampo, Terho",M,2015-04-22,"['member', 'minister']","['Perussuomalaiset', 'Sininen tulevaisuus']","['Right to far-right', 'Right']",['Unicameralism']
FI-MarkkuPakkanen,"Markku, Pakkanen",M,2007-03-21,['member'],['Suomen Keskusta'],['Centre'],['Unicameralism']
FI-ElinaValtonen,"Elina, Valtonen",F,2014-07-04,['member'],['Kansallinen kokoomus'],['Centre-right'],['Unicameralism']
FI-SirpaPaatero,"Sirpa, Paatero",F,2006-02-01,"['member', 'minister']",['Suomen Sosialidemokraattinen Puolue'],['Centre-left'],['Unicameralism']
FI-InkaHopsu,"Inka, Hopsu",F,2019-04-17,['member'],['Vihreä liitto'],['Centre-left'],['Unicameralism']
FI-SaaraSofiaSirén,"Saara-Sofia, Sirén",F,2015-04-22,['member'],['Kansallinen kokoomus'],['Centre-right'],['Unicameralism']
FI-MariaTolppanen,"Maria, Tolppanen",F,2011-04-20,['member'],"['Perussuomalaiset', 'Suomen Sosialidemokraattinen Puolue']","['Right to far-right', 'Centre-left']",['Unicameralism']
FI-JariMyllykoski,"Jari, Myllykoski",M,2011-04-20,['member'],['Vasemmistoliitto'],['Left'],['Unicameralism']
FI-TimoSoini,"Timo, Soini",M,2003-03-19,"['member', 'minister']","['Perussuomalaiset', 'Sininen tulevaisuus']","['Right to far-right', 'Right']",['Unicameralism']
FI-OlaviAlaNissilä,"Olavi, Ala-Nissilä",M,1991-03-22,['member'],['Suomen Keskusta'],['Centre'],['Unicameralism']
FI-SanniGrahnLaasonen,"Sanni, Grahn-Laasonen",F,2011-04-20,"['member', 'minister']",['Kansallinen kokoomus'],['Centre-right'],['Unicameralism']
FI-MatsNylund,"Mats, Nylund",M,2007-03-21,['member'],['Suomen ruotsalainen kansanpuolue'],['Centre'],['Unicameralism']
FI-ToukoAalto,"Touko, Aalto",M,2015-04-22,['member'],['Vihreä liitto'],['Centre-left'],['Unicameralism']
FI-ElinaLepomäki,"Elina, Lepomäki",F,2014-07-04,['member'],['Kansallinen kokoomus'],['Centre-right'],['Unicameralism']
FI-HarryWallin,"Harry, Wallin",M,1999-03-24,['member'],['Suomen Sosialidemokraattinen Puolue'],['Centre-left'],['Unicameralism']
FI-EevaJohannaEloranta,"Eeva-Johanna, Eloranta",F,2011-04-20,['member'],['Suomen Sosialidemokraattinen Puolue'],['Centre-left'],['Unicameralism']
FI-MikkoLundén,"Mikko, Lundén",M,2019-04-17,['member'],['Perussuomalaiset'],['Right to far-right'],['Unicameralism']
FI-RistoHiekkataipale,"Risto, Hiekkataipale",M,nan,[],[],[],[]
FI-OutiMäkelä,"Outi, Mäkelä",F,2007-03-21,['member'],['Kansallinen kokoomus'],['Centre-right'],['Unicameralism']
FI-SaaraHyrkkö,"Saara, Hyrkkö",F,2019-04-17,['member'],['Vihreä liitto'],['Centre-left'],['Unicameralism']
FI-WilleRydman,"Wille, Rydman",M,2015-04-22,['member'],['Kansallinen kokoomus'],['Centre-right'],['Unicameralism']
FI-LauriIhalainen,"Lauri, Ihalainen",M,2011-04-20,"['member', 'minister']",['Suomen Sosialidemokraattinen Puolue'],['Centre-left'],['Unicameralism']
FI-KariUotila,"Kari, Uotila",M,1995-03-24,['member'],['Vasemmistoliitto'],['Left'],['Unicameralism']
FI-TapaniTölli,"Tapani, Tölli",M,2003-03-19,"['member', 'minister']",['Suomen Keskusta'],['Centre'],['Unicameralism']
FI-RiikkaPurra,"Riikka, Purra",F,2019-04-17,['member'],['Perussuomalaiset'],['Right to far-right'],['Unicameralism']
FI-JuhanaVartiainen,"Juhana, Vartiainen",M,2015-04-22,['member'],['Kansallinen kokoomus'],['Centre-right'],['Unicameralism']
FI-SuldaanSaidAhmed,"Suldaan, Said Ahmed",M,2021-09-09,['member'],['Vasemmistoliitto'],['Left'],['Unicameralism']
FI-PetteriOrpo,"Petteri, Orpo",M,2007-03-21,"['member', 'minister']",['Kansallinen kokoomus'],['Centre-right'],['Unicameralism']
FI-KatjaTaimela,"Katja, Taimela",F,2007-03-21,['member'],['Suomen Sosialidemokraattinen Puolue'],['Centre-left'],['Unicameralism']
FI-JussiWihonen,"Jussi, Wihonen",M,2019-04-17,['member'],['Perussuomalaiset'],['Right to far-right'],['Unicameralism']
FI-AnttiLindtman,"Antti, Lindtman",M,2011-04-20,['member'],['Suomen Sosialidemokraattinen Puolue'],['Centre-left'],['Unicameralism']
FI-SariEssayah,"Sari, Essayah",F,2003-03-19,['member'],['Suomen Kristillisdemokraatit'],['Centre-right'],['Unicameralism']
FI-TuulaHaatainen,"Tuula, Haatainen",F,1996-11-19,"['member', 'minister']",['Suomen Sosialidemokraattinen Puolue'],['Centre-left'],['Unicameralism']
FI-JohannesKoskinen,"Johannes, Koskinen",M,1991-03-22,"['member', 'minister']",['Suomen Sosialidemokraattinen Puolue'],['Centre-left'],['Unicameralism']
FI-JohannaOjalaNiemelä,"Johanna, Ojala-Niemelä",F,2007-03-21,['member'],['Suomen Sosialidemokraattinen Puolue'],['Centre-left'],['Unicameralism']
FI-AnttiKaikkonen,"Antti, Kaikkonen",M,2003-03-19,"['member', 'minister']",['Suomen Keskusta'],['Centre'],['Unicameralism']
FI-AnnikaSaarikko,"Annika, Saarikko",F,2011-04-20,"['member', 'minister']",['Suomen Keskusta'],['Centre'],['Unicameralism']
FI-VilleSkinnari,"Ville, Skinnari",M,2015-04-22,"['member', 'minister']",['Suomen Sosialidemokraattinen Puolue'],['Centre-left'],['Unicameralism']
FI-KimmoKiljunen,"Kimmo, Kiljunen",M,1995-03-24,['member'],['Suomen Sosialidemokraattinen Puolue'],['Centre-left'],['Unicameralism']
FI-OlliImmonen,"Olli, Immonen",M,2011-04-20,['member'],['Perussuomalaiset'],['Right to far-right'],['Unicameralism']
FI-JoonasKönttä,"Joonas, Könttä",M,2019-04-17,['member'],['Suomen Keskusta'],['Centre'],['Unicameralism']
FI-OzanYanar,"Ozan, Yanar",M,2015-04-22,['member'],['Vihreä liitto'],['Centre-left'],['Unicameralism']
FI-JussiNiinistö,"Jussi, Niinistö",M,2011-04-20,"['member', 'minister']","['Perussuomalaiset', 'Sininen tulevaisuus']","['Right to far-right', 'Right']",['Unicameralism']
FI-EeroLehti,"Eero, Lehti",M,2007-03-21,['member'],['Kansallinen kokoomus'],['Centre-right'],['Unicameralism']
FI-IlkkaKanerva,"Ilkka, Kanerva",M,1975-09-27,"['member', 'minister']",['Kansallinen kokoomus'],['Centre-right'],['Unicameralism']
FI-SofiaVirta,"Sofia, Virta",F,2019-04-17,['member'],['Vihreä liitto'],['Centre-left'],['Unicameralism']
FI-AlexanderStubb,"Alexander, Stubb",M,2008-04-04,"['member', 'minister']",['Kansallinen kokoomus'],['Centre-right'],['Unicameralism']
FI-TuomasPöysti,"Tuomas, Pöysti",M,nan,[],[],[],[]
FI-ToimiKankaanniemi,"Toimi, Kankaanniemi",M,1987-03-21,"['member', 'minister']","['Suomen Kristillisdemokraatit', 'Perussuomalaiset']","['Centre-right', 'Right to far-right']",['Unicameralism']
FI-RamiLehto,"Rami, Lehto",M,2015-04-22,['member'],['Perussuomalaiset'],['Right to far-right'],['Unicameralism']
FI-JuhaPylväs,"Juha, Pylväs",M,2015-04-22,['member'],['Suomen Keskusta'],['Centre'],['Unicameralism']
FI-PirkkoMattila,"Pirkko, Mattila",F,2011-04-20,"['member', 'minister']","['Perussuomalaiset', 'Sininen tulevaisuus']","['Right to far-right', 'Right']",['Unicameralism']
FI-HeidiViljanen,"Heidi, Viljanen",F,2019-04-17,['member'],['Suomen Sosialidemokraattinen Puolue'],['Centre-left'],['Unicameralism']
FI-SannaLauslahti,"Sanna, Lauslahti",F,2007-03-21,['member'],['Kansallinen kokoomus'],['Centre-right'],['Unicameralism']
FI-HilkkaKemppi,"Hilkka, Kemppi",F,2019-04-17,['member'],['Suomen Keskusta'],['Centre'],['Unicameralism']
FI-MikkoOllikainen,"Mikko, Ollikainen",M,2019-04-17,['member'],['Suomen ruotsalainen kansanpuolue'],['Centre'],['Unicameralism']
FI-MarkoAsell,"Marko, Asell",M,2007-03-21,['member'],['Suomen Sosialidemokraattinen Puolue'],['Centre-left'],['Unicameralism']
FI-SariMultala,"Sari, Multala",F,2015-04-22,['member'],['Kansallinen kokoomus'],['Centre-right'],['Unicameralism']
FI-PeterÖstman,"Peter, Östman",M,2011-04-20,['member'],['Suomen Kristillisdemokraatit'],['Centre-right'],['Unicameralism']
FI-AnuVehviläinen,"Anu, Vehviläinen",F,1995-03-24,"['member', 'minister']",['Suomen Keskusta'],['Centre'],['Unicameralism']
FI-SariSarkomaa,"Sari, Sarkomaa",F,1999-03-24,"['member', 'minister']",['Kansallinen kokoomus'],['Centre-right'],['Unicameralism']
FI-TarjaFilatov,"Tarja, Filatov",F,1995-03-24,"['member', 'minister']",['Suomen Sosialidemokraattinen Puolue'],['Centre-left'],['Unicameralism']
FI-VilleKaunisto,"Ville, Kaunisto",M,2019-04-17,['member'],['Kansallinen kokoomus'],['Centre-right'],['Unicameralism']
FI-MarjaLohela,"Marja, Lohela",nan,nan,[],[],[],[]
FI-ThomasBlomqvist,"Thomas, Blomqvist",M,2007-03-21,"['member', 'minister']",['Suomen ruotsalainen kansanpuolue'],['Centre'],['Unicameralism']
FI-AkiLindén,"Aki, Lindén",M,2019-04-17,"['member', 'minister']",['Suomen Sosialidemokraattinen Puolue'],['Centre-left'],['Unicameralism']
FI-JuttaUrpilainen,"Jutta, Urpilainen",F,2003-03-19,"['member', 'minister']",['Suomen Sosialidemokraattinen Puolue'],['Centre-left'],['Unicameralism']
FI-MariLeenaTalvitie,"Mari-Leena, Talvitie",F,2015-04-22,['member'],['Kansallinen kokoomus'],['Centre-right'],['Unicameralism']
FI-JouniOvaska,"Jouni, Ovaska",M,2019-04-17,['member'],['Suomen Keskusta'],['Centre'],['Unicameralism']
FI-EeroHeinäluoma,"Eero, Heinäluoma",M,2003-03-19,"['member', 'minister']",['Suomen Sosialidemokraattinen Puolue'],['Centre-left'],['Unicameralism']
FI-MatiasMarttinen,"Matias, Marttinen",M,2019-04-17,['member'],['Kansallinen kokoomus'],['Centre-right'],['Unicameralism']
FI-SatuTaavitsainen,"Satu, Taavitsainen",F,2015-04-22,['member'],['Suomen Sosialidemokraattinen Puolue'],['Centre-left'],['Unicameralism']
FI-KatriKulmuni,"Katri, Kulmuni",F,2015-04-22,"['member', 'minister']",['Suomen Keskusta'],['Centre'],['Unicameralism']
