name_id,name,gender,term_start,roles,parties,party_orientation,legislative_branch
GA-LorenzanaMaríaJesús,"María Jesús, Lorenzana Somoza",F,2020-09-01,"['member', 'minister']",[],[],['Unicameralism']
GA-DíazYolanda,"Yolanda, Díaz Pérez",F,2012-11-16,['member'],['Alternativa Galega de Esquerda'],['Left'],['Unicameralism']
GA-FernándezMónica,"Mónica, Fernández Rodríguez",F,2016-01-19,"['member', 'replacement']",['Alternativa Galega de Esquerda'],['Left'],['Unicameralism']
GA-IglesiasCarmen,"Carmen, Iglesias Sueiro",F,2013-12-16,"['member', 'replacement']",['Alternativa Galega de Esquerda'],['Left'],['Unicameralism']
GA-SollaEva,"Eva, Solla Fernández",F,2012-11-16,"['deputyHead', 'member']","['Alternativa Galega de Esquerda', 'En Marea']","['Left', 'Left']",['Unicameralism']
GA-BeirasXoséManuel,"Xosé Manuel, Beiras Torrado",M,2012-11-16,['member'],['Alternativa Galega de Esquerda'],['Left'],['Unicameralism']
GA-FajardoJuanManuel,"Juan Manuel, Fajardo Recouso",M,2012-11-16,['member'],['Alternativa Galega de Esquerda'],['Left'],['Unicameralism']
GA-RonXoséXabier,"Xosé Xabier, Ron Fernández",M,2012-11-16,['member'],['Alternativa Galega de Esquerda'],['Left'],['Unicameralism']
GA-SánchezAntón,"Antón, Sánchez García",M,2012-11-16,['member'],"['Alternativa Galega de Esquerda', 'En Marea']","['Left', 'Left']",['Unicameralism']
GA-VázquezRamón,"Ramón, Vázquez Díaz",M,2012-11-16,['member'],['Alternativa Galega de Esquerda'],['Left'],['Unicameralism']
GA-FernándezDavid,"David, Fernández Calviño",M,2012-11-16,['member'],['Alternativa Galega de Esquerda'],['Left'],['Unicameralism']
GA-MartínezMaríaConsuelo,"María Consuelo, Martínez García",F,2012-11-16,['member'],['Alternativa Galega de Esquerda'],['Left'],['Unicameralism']
GA-AdánMaríadoCarme,"María do Carme, Adán Villamarín",F,2012-11-16,['member'],['Bloque Nacionalista Galego'],['Left'],['Unicameralism']
GA-AiraMaríadelCarmen,"María del Carmen, Aira Díaz",F,2020-07-14,['member'],['Bloque Nacionalista Galego'],['Left'],['Unicameralism']
GA-CarreiraIria,"Iria, Carreira Pazos",F,2020-07-14,['member'],['Bloque Nacionalista Galego'],['Left'],['Unicameralism']
GA-FernándezAlexandra,"Alexandra, Fernández Gómez",F,2020-07-12,['member'],['Bloque Nacionalista Galego'],['Left'],['Unicameralism']
GA-GonzálezMaría,"María, González Albert",F,2020-07-14,['member'],['Bloque Nacionalista Galego'],['Left'],['Unicameralism']
GA-GonzálezMaríadoCarme,"María do Carme, González Iglesias",F,2020-07-14,['member'],['Bloque Nacionalista Galego'],['Left'],['Unicameralism']
GA-PradoMaríaMontserrat,"María Montserrat, Prado Cores",F,2012-11-16,"['deputyHead', 'member']",['Bloque Nacionalista Galego'],['Left'],['Unicameralism']
GA-PazMaríaTareixa,"María Tareixa, Paz Franco",F,2012-11-16,['member'],['Bloque Nacionalista Galego'],['Left'],['Unicameralism']
GA-PérezRosana,"Rosana, Pérez Fernández",F,2020-07-14,['member'],['Bloque Nacionalista Galego'],['Left'],['Unicameralism']
GA-PontónAnaBelén,"Ana Belén, Pontón Mondelo",F,2012-11-16,['member'],['Bloque Nacionalista Galego'],['Left'],['Unicameralism']
GA-PresasNoa,"Noa, Presas Bergantiños",F,2016-10-21,['member'],['Bloque Nacionalista Galego'],['Left'],['Unicameralism']
GA-QueixasMercedes,"Mercedes, Queixas Zas",F,2020-07-14,['member'],['Bloque Nacionalista Galego'],['Left'],['Unicameralism']
GA-RodilOlalla,"Olalla, Rodil Fernández",F,2016-10-21,['member'],['Bloque Nacionalista Galego'],['Left'],['Unicameralism']
GA-BaráXoséLuis,"Xosé Luis, Bará Torres",M,2016-10-21,['member'],['Bloque Nacionalista Galego'],['Left'],['Unicameralism']
GA-CastroDaniel,"Daniel, Castro García",M,2020-07-14,['member'],['Bloque Nacionalista Galego'],['Left'],['Unicameralism']
GA-FernándezRamón,"Ramón, Fernández Alfonzo",M,2020-07-14,['member'],['Bloque Nacionalista Galego'],['Left'],['Unicameralism']
GA-JorqueraFranciscoXesús,"Francisco Xesús, Jorquera Caselas",M,2012-11-16,['member'],['Bloque Nacionalista Galego'],['Left'],['Unicameralism']
GA-LourenzoManuelAntonio,"Manuel Antonio, Lourenzo Sobral",M,2020-07-14,['member'],['Bloque Nacionalista Galego'],['Left'],['Unicameralism']
GA-PomboCosmeEladio,"Cosme Eladio, Pombo Rodríguez",M,2012-11-16,['member'],['Bloque Nacionalista Galego'],['Left'],['Unicameralism']
GA-RivasJoséLuis,"José Luis, Rivas Cruz",M,2016-10-21,['member'],['Bloque Nacionalista Galego'],['Left'],['Unicameralism']
GA-RíosPaulo,"Paulo, Ríos Santomé",M,2020-07-14,['member'],['Bloque Nacionalista Galego'],['Left'],['Unicameralism']
GA-RodasDaniel,"Daniel, Rodas Chapela",M,2013-03-23,"['member', 'replacement']",['Bloque Nacionalista Galego'],['Left'],['Unicameralism']
GA-TabarésIago,"Iago, Tabarés Pérez-Piñeiro",M,2020-07-14,['member'],['Bloque Nacionalista Galego'],['Left'],['Unicameralism']
GA-AymerichCarlosIgnacio,"Carlos Ignacio, Aymerich Cano",M,2012-11-16,['member'],['Bloque Nacionalista Galego'],['Left'],['Unicameralism']
GA-PérezDaniel,"Daniel, Pérez López",M,2020-07-14,['member'],['Bloque Nacionalista Galego'],['Left'],['Unicameralism']
GA-CandedoMaríaDolores,"María Dolores, Candedo Gunturiz",F,2020-02-04,"['member', 'replacement']",['En Marea'],['Left'],['Unicameralism']
GA-CasalFrancisco,"Francisco, Casal Vidal",M,2016-10-21,['member'],"['En Marea', 'Marea Galeguista']","['Left', 'Left']",['Unicameralism']
GA-ChaoLuca,"Luca, Chao Pérez",F,2016-10-21,['member'],['En Marea'],['Left'],['Unicameralism']
GA-CuñaMaríadelosÁngeles,"María de los Ángeles, Cuña Bóveda",F,2016-10-21,['member'],['En Marea'],['Left'],['Unicameralism']
GA-JoveXanXosé,"Xan Xosé, Jove González",M,2019-09-10,"['member', 'replacement']",['En Marea'],['Left'],['Unicameralism']
GA-MirandaFloraMaría,"Flora María, Miranda Pena",F,2018-09-11,"['member', 'replacement']",['En Marea'],['Left'],['Unicameralism']
GA-QuinteiroPaula,"Paula, Quinteiro Araújo",F,2016-10-21,['member'],['En Marea'],['Left'],['Unicameralism']
GA-SantosCarmen,"Carmen, Santos Queiruga",F,2016-10-21,['member'],['En Marea'],['Left'],['Unicameralism']
GA-TorregrosaJulia,"Julia, Torregrosa Sañudo",F,2018-05-08,"['member', 'replacement']",['En Marea'],['Left'],['Unicameralism']
GA-VázquezPaula,"Paula, Vázquez Verao",F,2016-10-21,['member'],['En Marea'],['Left'],['Unicameralism']
GA-CalMarcos,"Marcos, Cal Ogando",M,2016-10-21,['member'],['En Marea'],['Left'],['Unicameralism']
GA-LagoJoséManuel,"José Manuel, Lago Peñas",M,2016-10-21,['member'],['En Marea'],['Left'],['Unicameralism']
GA-MerloJuanJosé,"Juan José, Merlo Lorenzo",M,2016-10-21,['member'],['En Marea'],['Left'],['Unicameralism']
GA-RodríguezDavid,"David, Rodríguez Estévez",M,2016-10-21,['member'],['En Marea'],['Left'],['Unicameralism']
GA-VillaresLuis,"Luis, Villares Naveira",M,2016-10-21,['member'],['En Marea'],['Left'],['Unicameralism']
GA-BarahonaMagdalena,"Magdalena, Barahona Martín",F,2016-10-21,['member'],['En Marea'],['Left'],['Unicameralism']
GA-HermidaXoán,"Xoán, Hermida González",M,2018-04-23,"['member', 'replacement']",['En Marea'],['Left'],['Unicameralism']
GA-AmigoMaríaEncarnación,"María Encarnación, Amigo Díaz",F,2016-10-21,['member'],['Partido Popular de Galicia'],['Centre-right to right'],['Unicameralism']
GA-AntónMaríaÁngeles,"María Ángeles, Antón Vilasánchez",F,2016-11-22,"['member', 'replacement']",['Partido Popular de Galicia'],['Centre-right to right'],['Unicameralism']
GA-AriasRaquel,"Raquel, Arias Rodríguez",F,2012-11-16,"['member', 'secretary']",['Partido Popular de Galicia'],['Centre-right to right'],['Unicameralism']
GA-PomarCarmenMaría,"Carmen María, Pomar Tojo",F,2018-09-27,"['member', 'minister']",['Partido Popular de Galicia'],['Centre-right to right'],['Unicameralism']
GA-CanceloMaríaTeresa,"María Teresa, Cancelo Márquez",F,2015-12-22,"['member', 'replacement']",['Partido Popular de Galicia'],['Centre-right to right'],['Unicameralism']
GA-CandiaMaríaElena,"María Elena, Candia López",F,2020-07-14,['member'],['Partido Popular de Galicia'],['Centre-right to right'],['Unicameralism']
GA-VázquezEthelMaría,"Ethel María, Vázquez Mourelle",F,2014-06-18,"['member', 'minister']",['Partido Popular de Galicia'],['Centre-right to right'],['Unicameralism']
GA-MatoBeatriz,"Beatriz, Mato Otero",F,2012-11-16,"['member', 'minister']",['Partido Popular de Galicia'],['Centre-right to right'],['Unicameralism']
GA-VázquezMaríaÁngeles,"María Ángeles, Vázquez Mejuto",F,2015-10-05,"['member', 'minister']",['Partido Popular de Galicia'],['Centre-right to right'],['Unicameralism']
GA-QuintanaRosaMaría,"Rosa María, Quintana Carballo",F,2012-11-16,"['member', 'minister']",['Partido Popular de Galicia'],['Centre-right to right'],['Unicameralism']
GA-GarcíaFabiola,"Fabiola, García Martínez",F,2018-09-27,"['member', 'minister']",['Partido Popular de Galicia'],['Centre-right to right'],['Unicameralism']
GA-DevesaSandraMaría,"Sandra María, Devesa Bouzas",F,2016-01-16,"['member', 'replacement']",['Partido Popular de Galicia'],['Centre-right to right'],['Unicameralism']
GA-DíazMaríaSol,"María Sol, Díaz Mouteira",F,2015-06-22,['member'],['Partido Popular de Galicia'],['Centre-right to right'],['Unicameralism']
GA-EgeriqueTeresa,"Teresa, Egerique Mosquera",F,2016-10-21,['member'],['Partido Popular de Galicia'],['Centre-right to right'],['Unicameralism']
GA-FernándezJackelineElizabeth,"Jackeline Elizabeth, Fernández Macías",F,2015-09-15,"['member', 'replacement']",['Partido Popular de Galicia'],['Centre-right to right'],['Unicameralism']
GA-GarcíaMaríaÁngeles,"María Ángeles, García Míguez",F,2016-12-13,"['member', 'replacement']",['Partido Popular de Galicia'],['Centre-right to right'],['Unicameralism']
GA-GarcíaMaríaIsabel,"María Isabel, García Pacín",F,2012-11-16,['member'],['Partido Popular de Galicia'],['Centre-right to right'],['Unicameralism']
GA-GarcíaAnaBelén,"Ana Belén, García Vidal",F,2020-01-28,"['member', 'replacement']",['Partido Popular de Galicia'],['Centre-right to right'],['Unicameralism']
GA-GonzálezElenaCruz,"Elena Cruz, González Sánchez",F,2016-01-26,"['member', 'replacement']",['Partido Popular de Galicia'],['Centre-right to right'],['Unicameralism']
GA-MartínezValeriano,"Valeriano, Martínez García",M,2015-02-10,"['member', 'minister']",['Partido Popular de Galicia'],['Centre-right to right'],['Unicameralism']
GA-MurilloMaríaGuadalupe,"María Guadalupe, Murillo Solís",F,2016-10-21,['member'],['Partido Popular de Galicia'],['Centre-right to right'],['Unicameralism']
GA-NovoMaríaIsabel,"María Isabel, Novo Fariña",F,2017-02-06,"['member', 'replacement']",['Partido Popular de Galicia'],['Centre-right to right'],['Unicameralism']
GA-NóvoaMarta,"Marta, Nóvoa Iglesias",F,2016-10-21,['member'],['Partido Popular de Galicia'],['Centre-right to right'],['Unicameralism']
GA-PardoAdrián,"Adrián, Pardo López",M,2020-07-14,['member'],['Partido Popular de Galicia'],['Centre-right to right'],['Unicameralism']
GA-PérezBerta,"Berta, Pérez Hernández",F,2012-11-16,['member'],['Partido Popular de Galicia'],['Centre-right to right'],['Unicameralism']
GA-PérezÁlvaro,"Álvaro, Pérez Lopez",M,2012-11-16,['member'],['Partido Popular de Galicia'],['Centre-right to right'],['Unicameralism']
GA-PérezNoelia,"Noelia, Pérez López",F,2020-07-14,['member'],['Partido Popular de Galicia'],['Centre-right to right'],['Unicameralism']
GA-PiñeiroMaríaSoledad,"María Soledad, Piñeiro Martínez",F,2012-12-18,['member'],['Partido Popular de Galicia'],['Centre-right to right'],['Unicameralism']
GA-PousoMaríaHerminia,"María Herminia, Pouso Maneiro",F,2012-12-18,"['member', 'replacement']",['Partido Popular de Galicia'],['Centre-right to right'],['Unicameralism']
GA-PradoPaula,"Paula, Prado del Río",F,2012-11-16,['member'],['Partido Popular de Galicia'],['Centre-right to right'],['Unicameralism']
GA-RodríguezMarta,"Marta, Rodríguez Arias",F,2012-11-16,"['deputyHead', 'member']",['Partido Popular de Galicia'],['Centre-right to right'],['Unicameralism']
GA-RojoPilarMilagros,"Pilar Milagros, Rojo Noguera",F,2012-11-16,"['head', 'member']",['Partido Popular de Galicia'],['Centre-right to right'],['Unicameralism']
GA-SantalicesMiguelÁngel,"Miguel Ángel, Santalices Vieira",M,2012-11-16,"['deputyHead', 'head', 'member']",['Partido Popular de Galicia'],['Centre-right to right'],['Unicameralism']
GA-BalseiroJoséManuel,"José Manuel, Balseiro Orol",M,2012-11-16,"['member', 'secretary']",['Partido Popular de Galicia'],['Centre-right to right'],['Unicameralism']
GA-CalvoDiego,"Diego, Calvo Pouso",M,2016-10-21,"['deputyHead', 'member']",['Partido Popular de Galicia'],['Centre-right to right'],['Unicameralism']
GA-Rodríguez-VispoMartaMaría,"Marta María, Rodríguez-Vispo Rodríguez",F,2013-01-29,['member'],['Partido Popular de Galicia'],['Centre-right to right'],['Unicameralism']
GA-RomeroCristinaIsabel,"Cristina Isabel, Romero Fernández",F,2012-11-16,['member'],['Partido Popular de Galicia'],['Centre-right to right'],['Unicameralism']
GA-RodríguezJulia,"Julia, Rodríguez Barreira",F,2012-12-18,"['member', 'replacement']",['Partido Popular de Galicia'],['Centre-right to right'],['Unicameralism']
GA-RodríguezMaríaFelisa,"María Felisa, Rodríguez Carrera",F,2020-07-14,['member'],['Partido Popular de Galicia'],['Centre-right to right'],['Unicameralism']
GA-SalorioMaríaSoraya,"María Soraya, Salorio Porral",F,2017-02-06,"['member', 'replacement']",['Partido Popular de Galicia'],['Centre-right to right'],['Unicameralism']
GA-PorroMaríaCorina,"María Corina, Porro Martínez",F,2020-07-14,"['member', 'secretary']",['Partido Popular de Galicia'],['Centre-right to right'],['Unicameralism']
GA-SuárezMaríaElena,"María Elena, Suárez Sarmiento",F,2020-07-14,['member'],['Partido Popular de Galicia'],['Centre-right to right'],['Unicameralism']
GA-VázquezSandra,"Sandra, Vázquez Domínguez",F,2016-10-21,['member'],['Partido Popular de Galicia'],['Centre-right to right'],['Unicameralism']
GA-AriasPedroManuel,"Pedro Manuel, Arias Veira",M,2012-11-16,['member'],['Partido Popular de Galicia'],['Centre-right to right'],['Unicameralism']
GA-ArmadaJoséAntonio,"José Antonio, Armada Pérez",M,2020-07-14,['member'],['Partido Popular de Galicia'],['Centre-right to right'],['Unicameralism']
GA-BaamondeAgustín,"Agustín, Baamonde Díaz",M,2012-11-16,['member'],['Partido Popular de Galicia'],['Centre-right to right'],['Unicameralism']
GA-BalseirosSilvestreJosé,"Silvestre José, Balseiros Guinarte",M,2016-11-22,"['member', 'replacement']",['Partido Popular de Galicia'],['Centre-right to right'],['Unicameralism']
GA-BlancoMoisés,"Moisés, Blanco Paradelo",M,2012-11-16,['member'],['Partido Popular de Galicia'],['Centre-right to right'],['Unicameralism']
GA-NúñezAlberto,"Alberto, Núñez Feijóo",M,2012-11-16,"['head', 'member']",['Partido Popular de Galicia'],['Centre-right to right'],['Unicameralism']
GA-CastiñeiraJaime,"Jaime, Castiñeira Broz",M,2012-11-16,['member'],['Partido Popular de Galicia'],['Centre-right to right'],['Unicameralism']
GA-RodríguezRomán,"Román, Rodríguez González",M,2012-11-16,"['member', 'minister']",['Partido Popular de Galicia'],['Centre-right to right'],['Unicameralism']
GA-CondeFranciscoJosé,"Francisco José, Conde López",M,2012-12-03,"['deputyHead', 'member', 'minister']",['Partido Popular de Galicia'],['Centre-right to right'],['Unicameralism']
GA-GonzálezJosé,"José, González Vázquez",M,2016-10-21,"['member', 'minister']",['Partido Popular de Galicia'],['Centre-right to right'],['Unicameralism']
GA-ReyJoséManuel,"José Manuel, Rey Varela",M,2015-10-05,"['member', 'minister']",['Partido Popular de Galicia'],['Centre-right to right'],['Unicameralism']
GA-RuedaAlfonso,"Alfonso, Rueda Valenzuela",M,2012-11-16,"['deputyHead', 'head', 'member']",['Partido Popular de Galicia'],['Centre-right to right'],['Unicameralism']
GA-VázquezAlmuíñaJesús,"Jesús, Vázquez Almuíña",M,2015-10-05,"['member', 'minister']",['Partido Popular de Galicia'],['Centre-right to right'],['Unicameralism']
GA-DoradoJavier,"Javier, Dorado Soto",M,2013-02-12,"['member', 'replacement']",['Partido Popular de Galicia'],['Centre-right to right'],['Unicameralism']
GA-FariñasHipólito,"Hipólito, Fariñas Sobrino",M,2012-11-16,['member'],['Partido Popular de Galicia'],['Centre-right to right'],['Unicameralism']
GA-FernándezCésarManuel,"César Manuel, Fernández Gil",M,2015-10-14,"['member', 'replacement']",['Partido Popular de Galicia'],['Centre-right to right'],['Unicameralism']
GA-FernándezMartín,"Martín, Fernández Prado",M,2016-10-21,['member'],['Partido Popular de Galicia'],['Centre-right to right'],['Unicameralism']
GA-FerroJoséLuis,"José Luis, Ferro Iglesias",M,2020-07-14,['member'],['Partido Popular de Galicia'],['Centre-right to right'],['Unicameralism']
GA-FreireJoséSantiago,"José Santiago, Freire Abeijón",M,2012-11-16,['member'],['Partido Popular de Galicia'],['Centre-right to right'],['Unicameralism']
GA-GoldarJoséAntonio,"José Antonio, Goldar Güimil",M,2015-03-10,"['member', 'replacement']",['Partido Popular de Galicia'],['Centre-right to right'],['Unicameralism']
GA-GómezAlejandro,"Alejandro, Gómez Alonso",M,2012-12-18,"['member', 'replacement']",['Partido Popular de Galicia'],['Centre-right to right'],['Unicameralism']
GA-GómezCarlos,"Carlos, Gómez Salgado",M,2016-12-13,"['member', 'replacement']",['Partido Popular de Galicia'],['Centre-right to right'],['Unicameralism']
GA-ÍñiguezJaime,"Jaime, Íñiguez Martínez",M,2012-11-16,['member'],['Partido Popular de Galicia'],['Centre-right to right'],['Unicameralism']
GA-LópezCarlosEnrique,"Carlos Enrique, López Crespo",M,2016-10-21,['member'],['Partido Popular de Galicia'],['Centre-right to right'],['Unicameralism']
GA-LorenzoRubén,"Rubén, Lorenzo Gómez",M,2020-07-14,['member'],['Partido Popular de Galicia'],['Centre-right to right'],['Unicameralism']
GA-Martínez-SierraVidal,"Vidal, Martínez-Sierra López",M,2012-11-16,['member'],['Partido Popular de Galicia'],['Centre-right to right'],['Unicameralism']
GA-MoreiraJacobo,"Jacobo, Moreira Ferro",M,2014-07-14,"['member', 'replacement']",['Partido Popular de Galicia'],['Centre-right to right'],['Unicameralism']
GA-MouriñoAntonio,"Antonio, Mouriño Villar",M,2012-11-16,"['member', 'replacement']",['Partido Popular de Galicia'],['Centre-right to right'],['Unicameralism']
GA-NóvoaEnrique,"Enrique, Nóvoa López",M,2012-11-16,['member'],['Partido Popular de Galicia'],['Centre-right to right'],['Unicameralism']
GA-NúñezAurelioAlfonso,"Aurelio Alfonso, Núñez Centeno",M,2012-11-16,['member'],['Partido Popular de Galicia'],['Centre-right to right'],['Unicameralism']
GA-OrónsAmbrosio,"Ambrosio, Oróns Baña",M,2016-02-23,"['member', 'replacement']",['Partido Popular de Galicia'],['Centre-right to right'],['Unicameralism']
GA-PazosAlberto,"Alberto, Pazos Couñago",M,2013-01-29,"['member', 'replacement']",['Partido Popular de Galicia'],['Centre-right to right'],['Unicameralism']
GA-PradoJesúsMiguel,"Jesús Miguel, Prado Patiño",M,2012-11-16,"['member', 'replacement']",['Partido Popular de Galicia'],['Centre-right to right'],['Unicameralism']
GA-PuyPedro,"Pedro, Puy Fraga",M,2012-11-16,['member'],['Partido Popular de Galicia'],['Centre-right to right'],['Unicameralism']
GA-VarelaDanielLuis,"Daniel Luis, Varela Suanzes-Carpegna",M,2012-11-16,['member'],['Partido Popular de Galicia'],['Centre-right to right'],['Unicameralism']
GA-RodeiroOvidio,"Ovidio, Rodeiro Tato",M,2020-07-14,['member'],['Partido Popular de Galicia'],['Centre-right to right'],['Unicameralism']
GA-RodríguezMoisés,"Moisés, Rodríguez Pérez",M,2017-02-06,"['member', 'replacement']",['Partido Popular de Galicia'],['Centre-right to right'],['Unicameralism']
GA-SantosManuel,"Manuel, Santos Costa",M,2020-07-14,['member'],['Partido Popular de Galicia'],['Centre-right to right'],['Unicameralism']
GA-SantosRamón,"Ramón, Santos Pérez",M,2014-07-14,"['member', 'replacement']",['Partido Popular de Galicia'],['Centre-right to right'],['Unicameralism']
GA-SantosJoséFrancisco,"José Francisco, Santos Regueiro",M,2013-02-12,"['member', 'replacement']",['Partido Popular de Galicia'],['Centre-right to right'],['Unicameralism']
GA-TelladoMiguelÁngel,"Miguel Ángel, Tellado Filgueira",M,2012-11-16,['member'],['Partido Popular de Galicia'],['Centre-right to right'],['Unicameralism']
GA-TrenorGonzalo,"Gonzalo, Trenor López",M,2013-02-12,"['member', 'replacement']",['Partido Popular de Galicia'],['Centre-right to right'],['Unicameralism']
GA-VázquezAbadJesús,"Jesús, Vázquez Abad",M,2012-11-16,['member'],['Partido Popular de Galicia'],['Centre-right to right'],['Unicameralism']
GA-VegaDaniel,"Daniel, Vega Pérez",M,2016-11-22,"['member', 'replacement']",['Partido Popular de Galicia'],['Centre-right to right'],['Unicameralism']
GA-VereaBorja,"Borja, Verea Fraiz",M,2020-07-14,['member'],['Partido Popular de Galicia'],['Centre-right to right'],['Unicameralism']
GA-CaminoÁngel,"Ángel, Camino Copa",M,2013-01-29,"['member', 'replacement']",['Partido Popular de Galicia'],['Centre-right to right'],['Unicameralism']
GA-CastroMaríaNava,"María Nava, Castro Domínguez",F,2012-11-16,['member'],['Partido Popular de Galicia'],['Centre-right to right'],['Unicameralism']
GA-CoresJoséManuel,"José Manuel, Cores Tourís",M,2012-11-16,['member'],['Partido Popular de Galicia'],['Centre-right to right'],['Unicameralism']
GA-DoCampoBelénMaría,"Belén María, Do Campo Piñeiro",F,2012-11-16,['member'],['Partido Popular de Galicia'],['Centre-right to right'],['Unicameralism']
GA-FaraldoMaríaDolores,"María Dolores, Faraldo Botana",F,2012-11-16,['member'],['Partido Popular de Galicia'],['Centre-right to right'],['Unicameralism']
GA-GuerraJavierJorge,"Javier Jorge, Guerra Fernández",M,2012-11-16,['member'],['Partido Popular de Galicia'],['Centre-right to right'],['Unicameralism']
GA-HernándezAgustín,"Agustín, Hernández Fernández de Rojas",M,2012-11-16,['member'],['Partido Popular de Galicia'],['Centre-right to right'],['Unicameralism']
GA-LópezMaríaSusana,"María Susana, López Abella",F,2012-11-16,['member'],['Partido Popular de Galicia'],['Centre-right to right'],['Unicameralism']
GA-MuñozElena,"Elena, Muñoz Fronteriz",F,2012-11-16,['member'],['Partido Popular de Galicia'],['Centre-right to right'],['Unicameralism']
GA-PardoMaríadelCarmen,"María del Carmen, Pardo López",F,2012-11-16,['member'],['Partido Popular de Galicia'],['Centre-right to right'],['Unicameralism']
GA-RodríguezAntonio,"Antonio, Rodríguez Miranda",M,2012-11-16,['member'],['Partido Popular de Galicia'],['Centre-right to right'],['Unicameralism']
GA-López-ChavesIgnacioJavier,"Ignacio Javier, López-Chaves Castro",M,2016-10-21,['member'],['Partido Popular de Galicia'],['Centre-right to right'],['Unicameralism']
GA-CachafeiroAnaBelén,"Ana Belén, Cachafeiro Anta",F,2021-09-15,"['member', 'replacement']",['Partido Popular de Galicia'],['Centre-right to right'],['Unicameralism']
GA-CarballoRamón,"Ramón, Carballo Páez",M,2020-07-14,['member'],['Partido Popular de Galicia'],['Centre-right to right'],['Unicameralism']
GA-FreireMaríaBegoña,"María Begoña, Freire Vázquez",F,2021-09-15,"['member', 'replacement']",['Partido Popular de Galicia'],['Centre-right to right'],['Unicameralism']
GA-LópezRosalía,"Rosalía, López Sánchez",F,2020-07-14,['member'],['Partido Popular de Galicia'],['Centre-right to right'],['Unicameralism']
GA-SanzCristina,"Cristina, Sanz Arias",F,2020-07-14,['member'],['Partido Popular de Galicia'],['Centre-right to right'],['Unicameralism']
GA-AbelairasMaríaIsaura,"María Isaura, Abelairas Rodríguez",F,2020-07-14,['member'],['Partido de los Socialistas de Galicia'],['Centre-left'],['Unicameralism']
GA-AcuñaMaríadelCarmen,"María del Carmen, Acuña do Campo",F,2012-11-16,['member'],['Partido de los Socialistas de Galicia'],['Centre-left'],['Unicameralism']
GA-BlancoNoela,"Noela, Blanco Rodríguez",F,2015-05-26,"['member', 'replacement']",['Partido de los Socialistas de Galicia'],['Centre-left'],['Unicameralism']
GA-CastroPaloma,"Paloma, Castro Rey",F,2020-07-14,['member'],['Partido de los Socialistas de Galicia'],['Centre-left'],['Unicameralism']
GA-DíazNoaSusana,"Noa Susana, Díaz Varela",F,2020-07-14,['member'],['Partido de los Socialistas de Galicia'],['Centre-left'],['Unicameralism']
GA-FerreiroMaríaÁngeles,"María Ángeles, Ferreiro Vidarte",F,2015-11-10,"['member', 'replacement']",['Partido de los Socialistas de Galicia'],['Centre-left'],['Unicameralism']
GA-GallegoMaríaCarmen,"María Carmen, Gallego Calvar",F,2012-11-16,['member'],['Partido de los Socialistas de Galicia'],['Centre-left'],['Unicameralism']
GA-GallegoLeticia,"Leticia, Gallego Sanromán",F,2020-07-14,['member'],['Partido de los Socialistas de Galicia'],['Centre-left'],['Unicameralism']
GA-LiñeiroEncarnación,"Encarnación, Liñeiro Pouso",F,2019-12-03,"['member', 'replacement']",['Partido de los Socialistas de Galicia'],['Centre-left'],['Unicameralism']
GA-LosadaAbelFermín,"Abel Fermín, Losada Álvarez",M,2012-11-16,['member'],['Partido de los Socialistas de Galicia'],['Centre-left'],['Unicameralism']
GA-OrtegaMarina,"Marina, Ortega Otero",F,2020-07-14,"['member', 'secretary']",['Partido de los Socialistas de Galicia'],['Centre-left'],['Unicameralism']
GA-OteroPatricia,"Patricia, Otero Rodríguez",F,2018-09-11,"['member', 'replacement']",['Partido de los Socialistas de Galicia'],['Centre-left'],['Unicameralism']
GA-OubiñaRosa,"Rosa, Oubiña Solla",F,2013-12-16,"['member', 'replacement']",['Partido Popular de Galicia'],['Centre-right to right'],['Unicameralism']
GA-PierresMaríaLuisa,"María Luisa, Pierres López",F,2016-10-21,['member'],['Partido de los Socialistas de Galicia'],['Centre-left'],['Unicameralism']
GA-PorrittMaríaTeresa,"María Teresa, Porritt Lueiro",F,2019-07-31,"['member', 'replacement']",['Partido de los Socialistas de Galicia'],['Centre-left'],['Unicameralism']
GA-SoneiraMaríaSoledad,"María Soledad, Soneira Tajes",F,2012-11-16,"['deputyHead', 'member']",['Partido de los Socialistas de Galicia'],['Centre-left'],['Unicameralism']
GA-QuintasMaríaRemedios,"María Remedios, Quintas Álvarez",F,2012-11-16,['member'],['Partido de los Socialistas de Galicia'],['Centre-left'],['Unicameralism']
GA-RodríguezMaríadelCarmen,"María del Carmen, Rodríguez Dacosta",F,2019-07-09,"['member', 'replacement']",['Partido de los Socialistas de Galicia'],['Centre-left'],['Unicameralism']
GA-RodríguezMatildeBegoña,"Matilde Begoña, Rodríguez Rumbo",F,2016-10-21,['member'],['Partido de los Socialistas de Galicia'],['Centre-left'],['Unicameralism']
GA-SestayoBeatriz,"Beatriz, Sestayo Doce",F,2012-11-16,['member'],['Partido de los Socialistas de Galicia'],['Centre-left'],['Unicameralism']
GA-TojaMaríaDolores,"María Dolores, Toja Suárez",F,2016-10-21,['member'],['Partido de los Socialistas de Galicia'],['Centre-left'],['Unicameralism']
GA-VilánPatricia,"Patricia, Vilán Lorenzo",F,2012-11-16,['member'],['Partido de los Socialistas de Galicia'],['Centre-left'],['Unicameralism']
GA-ÁlvarezLuisManuel,"Luis Manuel, Álvarez Martínez",M,2016-10-21,['member'],['Partido de los Socialistas de Galicia'],['Centre-left'],['Unicameralism']
GA-ArangüenaPablo,"Pablo, Arangüena Fernández",M,2020-07-14,['member'],['Partido de los Socialistas de Galicia'],['Centre-left'],['Unicameralism']
GA-CaamañoFranciscoManuel,"Francisco Manuel, Caamaño Domínguez",M,2012-11-16,['member'],['Partido de los Socialistas de Galicia'],['Centre-left'],['Unicameralism']
GA-CaballeroGonzalo,"Gonzalo, Caballero Míguez",M,2019-07-31,"['member', 'replacement']",['Partido de los Socialistas de Galicia'],['Centre-left'],['Unicameralism']
GA-DíazJuanManuel,"Juan Manuel, Díaz Villoslada",M,2016-10-21,['member'],['Partido de los Socialistas de Galicia'],['Centre-left'],['Unicameralism']
GA-DocasarRicardoVicente,"Ricardo Vicente, Docasar Docasar",M,2012-11-16,['member'],['Partido de los Socialistas de Galicia'],['Centre-left'],['Unicameralism']
GA-FernándezRaúl,"Raúl, Fernández Fernández",M,2012-11-16,['member'],['Partido de los Socialistas de Galicia'],['Centre-left'],['Unicameralism']
GA-FernándezXoaquínMaría,"Xoaquín María, Fernández Leiceaga",M,2016-10-21,['member'],['Partido de los Socialistas de Galicia'],['Centre-left'],['Unicameralism']
GA-FranciscoJuanCarlos,"Juan Carlos, Francisco Rivera",M,2020-07-14,['member'],['Partido de los Socialistas de Galicia'],['Centre-left'],['Unicameralism']
GA-GallegoJoséManuel,"José Manuel, Gallego Lomba",M,2012-11-16,['member'],['Partido de los Socialistas de Galicia'],['Centre-left'],['Unicameralism']
GA-GarcíaPablo,"Pablo, García García",M,2012-11-16,['member'],['Partido de los Socialistas de Galicia'],['Centre-left'],['Unicameralism']
GA-GonzálezJuanCarlos,"Juan Carlos, González Santín",M,2012-11-16,['member'],['Partido de los Socialistas de Galicia'],['Centre-left'],['Unicameralism']
GA-MéndezJoséLuis,"José Luis, Méndez Romeu",M,2012-11-16,['member'],['Partido de los Socialistas de Galicia'],['Centre-left'],['Unicameralism']
GA-PérezJoséManuel,"José Manuel, Pérez Seco",M,2016-10-21,['member'],['Partido de los Socialistas de Galicia'],['Centre-left'],['Unicameralism']
GA-QuirogaJoséAntonio,"José Antonio, Quiroga Díaz",M,2016-10-21,['member'],['Partido de los Socialistas de Galicia'],['Centre-left'],['Unicameralism']
GA-SánchezJoséAntonio,"José Antonio, Sánchez Bugallo",M,2012-11-16,['member'],['Partido de los Socialistas de Galicia'],['Centre-left'],['Unicameralism']
GA-SecoMartín,"Martín, Seco García",M,2020-07-14,['member'],['Partido de los Socialistas de Galicia'],['Centre-left'],['Unicameralism']
GA-TorradoJulio,"Julio, Torrado Quintela",M,2016-10-21,['member'],['Partido de los Socialistas de Galicia'],['Centre-left'],['Unicameralism']
GA-ValJoséRamón,"José Ramón, Val Alonso",M,2012-11-16,['member'],['Partido de los Socialistas de Galicia'],['Centre-left'],['Unicameralism']
GA-VázquezEmilio,"Emilio, Vázquez Blanco",M,2015-04-28,"['member', 'replacement']",['Partido de los Socialistas de Galicia'],['Centre-left'],['Unicameralism']
GA-VázquezManuel,"Manuel, Vázquez Fernández",M,2012-11-16,['member'],['Partido de los Socialistas de Galicia'],['Centre-left'],['Unicameralism']
GA-VilarÓscar,"Óscar, Vilar Chento",M,2016-09-25,"['member', 'replacement']",['Partido de los Socialistas de Galicia'],['Centre-left'],['Unicameralism']
GA-OteroNoelia,"Noelia, Otero Lago",F,2021-06-03,"['member', 'replacement']",['Partido de los Socialistas de Galicia'],['Centre-left'],['Unicameralism']
GA-BurgoMaríaConcepción,"María Concepción, Burgo López",F,2012-11-16,"['member', 'secretary']",['Partido de los Socialistas de Galicia'],['Centre-left'],['Unicameralism']
GA-MosqueraRocío,"Rocío, Mosquera Álvarez",F,2012-12-03,"['member', 'minister']",['Partido Popular de Galicia'],['Centre-right to right'],[]
GA-GarcíaJulio,"Julio, García Comesaña",M,2020-09-07,"['member', 'minister']",['Partido Popular de Galicia'],['Centre-right to right'],[]
GA-Fernández-TapiasMartaMaría,"Marta María, Fernández-Tapias Núñez",F,2020-07-30,['member'],['Partido Popular de Galicia'],['Centre-right to right'],['Unicameralism']
GA-AlénGabriel,"Gabriel, Alén Castro",M,2020-08-07,['member'],['Partido Popular de Galicia'],['Centre-right to right'],['Unicameralism']
GA-GarcíaMaríadelPilar,"María del Pilar, García Negro",F,nan,[],[],[],[]
GA-RodríguezVirxinia,"Virxinia, Rodríguez Álvarez",F,nan,[],[],[],[]
GA-FernándezMaríaDolores,"María Dolores, Fernández Galiño",F,nan,[],[],[],[]
GA-OteroMilagrosMaría,"Milagros María, Otero Parga",F,nan,[],[],[],[]
GA-SarmientoXoséAntón,"Xosé Antón, Sarmiento Méndez",M,nan,[],[],[],[]
GA-BrancoCarlosFernando,"Carlos Fernando, Branco Parga",M,nan,[],[],[],[]
GA-LouzaoXesúsAnxo,"Xesús Anxo, Louzao Rodríguez",M,nan,[],[],[],[]
GA-MaceiraMarcos,"Marcos, Maceira Eiras",M,nan,[],[],[],[]
GA-ToiránLoisManuel,"Lois Manuel, Toirán Vázquez",M,nan,[],[],[],[]
GA-RuízManuelSantos,"Manuel Santos, Ruíz Rivas",M,nan,[],[],[],[]
GA-FernándezJoséJulio,"José Julio, Fernández Rodríguez",M,nan,[],[],[],[]
GA-EstévezAndrea,"Andrea, Estévez Barreiro",F,nan,[],[],[],[]
GA-RicónManuelÁngel,"Manuel Ángel, Ricón Reguera",M,nan,[],[],[],[]
GA-CorgosMiguel,"Miguel, Corgos López-Prado",M,2021-10-18,"['member', 'minister']",['Partido Popular de Galicia'],['Centre-right to right'],[]
GA-SalidoMaríaBelén,"María Belén, Salido Maroño",F,2022-06-14,['member'],['Partido Popular de Galicia'],['Centre-right to right'],['Unicameralism']
GA-PérezFernando,"Fernando, Pérez Domínguez",M,2022-06-14,['member'],['Partido Popular de Galicia'],['Centre-right to right'],['Unicameralism']
GA-GonzálezAnaLucía,"Ana Lucía, González Novás",F,nan,[],[],[],[]
GA-OjeaEduardo,"Eduardo, Ojea Arias",M,2022-05-10,['member'],['Partido de los Socialistas de Galicia'],['Centre-left'],['Unicameralism']
