name_id,name,gender,term_start,roles,parties,party_orientation,legislative_branch
LV-AšeradensArvils,"Arvils, Ašeradens",M,2016-11-23,"['member', 'minister']",[],[],['Unicameralism']
LV-SudrabaInguna,"Inguna, Sudraba",F,2014-11-05,['member'],[],[],['Unicameralism']
LV-CilinskisEinārs,"Einārs, Cilinskis",M,2014-12-04,['member'],[],[],['Unicameralism']
LV-BalodisRingolds,"Ringolds, Balodis",M,2014-12-18,['member'],[],[],['Unicameralism']
LV-BudriķisUldis,"Uldis, Budriķis",M,2018-11-20,['member'],[],[],['Unicameralism']
LV-KreituseLīva,"Līva, Kreituse",F,2022-04-21,['member'],[],[],['Unicameralism']
LV-JansonsJuris,"Juris, Jansons",M,nan,[],[],[],[]
LV-BondarsMārtiņš,"Mārtiņš, Bondars",M,2014-11-05,['member'],[],[],['Unicameralism']
LV-LočmeleRegīna,"Regīna, Ločmele",F,2020-10-01,['member'],[],[],['Unicameralism']
LV-LiepkalnsViesturs,"Viesturs, Liepkalns",M,2021-12-09,['member'],[],[],['Unicameralism']
LV-Lībiņa-EgnereInese,"Inese, Lībiņa-Egnere",F,2014-11-27,['member'],[],[],['Unicameralism']
LV-IesalnieksJānis,"Jānis, Iesalnieks",M,2019-01-31,['member'],[],[],['Unicameralism']
LV-RancānsJuris,"Juris, Rancāns",M,2019-01-31,['member'],[],[],['Unicameralism']
LV-RiekstiņšSandis,"Sandis, Riekstiņš",M,2018-12-13,['member'],[],[],['Unicameralism']
LV-RibakovsIvans,"Ivans, Ribakovs",M,2015-02-19,['member'],[],[],['Unicameralism']
LV-KrēsliņšKārlis,"Kārlis, Krēsliņš",M,2014-11-05,['member'],[],[],['Unicameralism']
LV-ŠmitsDidzis,"Didzis, Šmits",M,2018-12-06,['member'],[],[],['Unicameralism']
LV-PetravičaRamona,"Ramona, Petraviča",F,2018-11-29,"['member', 'minister']",[],[],['Unicameralism']
LV-ĢirģensKaspars,"Kaspars, Ģirģens",M,2019-01-31,['member'],[],[],['Unicameralism']
LV-BoķisInesis,"Inesis, Boķis",M,2014-11-27,['member'],[],[],['Unicameralism']
LV-PuntulisNauris,"Nauris, Puntulis",M,2019-09-26,"['member', 'minister']",[],[],[]
LV-ElksniņšAndrejs,"Andrejs, Elksniņš",M,2014-11-05,['member'],[],[],['Unicameralism']
LV-GobzemsAldis,"Aldis, Gobzems",M,2018-12-06,['member'],[],[],['Unicameralism']
LV-ĶirsisVilnis,"Vilnis, Ķirsis",M,2014-11-05,['member'],[],[],['Unicameralism']
LV-BerkovsDžons,"Džons, Berkovs",M,nan,[],[],[],[]
LV-ViņķeleIlze,"Ilze, Viņķele",F,2014-11-05,"['member', 'minister']",[],[],['Unicameralism']
LV-LatkovskisAinars,"Ainars, Latkovskis",M,2014-11-04,['member'],[],[],['Unicameralism']
LV-MožvilloMāris,"Māris, Možvillo",M,2020-12-02,['member'],[],[],['Unicameralism']
LV-MičerevskisMāris,"Māris, Mičerevskis",M,nan,[],[],[],[]
LV-Reizniece-OzolaDana,"Dana, Reizniece-Ozola",F,2015-11-30,"['member', 'minister']",[],[],['Unicameralism']
LV-IndriksoneIlze,"Ilze, Indriksone",F,2019-01-10,['member'],[],[],['Unicameralism']
LV-Kursīte-PakuleJanīna,"Janīna, Kursīte-Pakule",F,2014-12-11,['member'],[],[],['Unicameralism']
LV-TrupovnieksJānis,"Jānis, Trupovnieks",M,2014-11-27,['member'],[],[],['Unicameralism']
LV-SpolītisVeiko,"Veiko, Spolītis",M,2014-11-27,['member'],[],[],['Unicameralism']
LV-MārtužaEva,"Eva, Mārtuža",F,2020-07-09,['member'],[],[],['Unicameralism']
LV-DūrītisIlmārs,"Ilmārs, Dūrītis",M,2018-12-13,['member'],[],[],['Unicameralism']
LV-ŅikiforovsŅikita,"Ņikita, Ņikiforovs",F,2014-11-05,['member'],[],[],['Unicameralism']
LV-Ivanova-JevsejevaMarjana,"Marjana, Ivanova-Jevsejeva",F,nan,[],[],[],[]
LV-JudinsAndrejs,"Andrejs, Judins",M,2014-11-13,['member'],[],[],['Unicameralism']
LV-EglītsJānis,"Jānis, Eglīts",M,nan,[],[],[],[]
LV-KrūmiņaElita,"Elita, Krūmiņa",F,nan,[],[],[],[]
LV-BuiķisAndris,"Andris, Buiķis",M,2014-11-27,['member'],[],[],['Unicameralism']
LV-PotapkinsSergejs,"Sergejs, Potapkins",M,2015-12-10,['member'],[],[],['Unicameralism']
LV-BiteInga,"Inga, Bite",F,2015-09-03,['member'],[],[],['Unicameralism']
LV-LejiņšAtis,"Atis, Lejiņš",M,2015-01-22,['member'],[],[],['Unicameralism']
LV-StraujumaLaimdota,"Laimdota, Straujuma",F,2014-11-05,"['member', 'minister']",[],[],['Unicameralism']
LV-ReirsJānis,"Jānis, Reirs",M,2014-12-11,"['member', 'minister']",[],[],[]
LV-PanteļējevsAndrejs,"Andrejs, Panteļējevs",M,nan,[],[],[],[]
LV-RībenaInguna,"Inguna, Rībena",F,2015-04-23,['member'],[],[],['Unicameralism']
LV-KozlovskaLīga,"Līga, Kozlovska",F,2017-10-05,['member'],[],[],['Unicameralism']
LV-GeidānsAivars,"Aivars, Geidāns",M,2019-04-25,['member'],[],[],['Unicameralism']
LV-ĀboltiņaSolvita,"Solvita, Āboltiņa",F,2014-11-27,['member'],[],[],['Unicameralism']
LV-ĀdamsonsJānis,"Jānis, Ādamsons",M,2014-11-05,['member'],[],[],['Unicameralism']
LV-KolsRihards,"Rihards, Kols",M,2015-01-22,['member'],[],[],['Unicameralism']
LV-PavļutsDaniels,"Daniels, Pavļuts",M,2018-11-29,"['member', 'minister']",[],[],['Unicameralism']
LV-Benhena-BēkenaIveta,"Iveta, Benhena-Bēkena",F,2018-12-06,['member'],[],[],['Unicameralism']
LV-IrklisRolands,"Rolands, Irklis",M,nan,[],[],[],[]
LV-LaizāneInese,"Inese, Laizāne",F,2014-11-27,['member'],[],[],['Unicameralism']
LV-BluķeDace,"Dace, Bluķe",F,2019-02-14,['member'],[],[],['Unicameralism']
LV-ŠadurskisKārlis,"Kārlis, Šadurskis",M,2014-11-13,"['member', 'minister']",[],[],['Unicameralism']
LV-ČigāneLolita,"Lolita, Čigāne",F,2014-11-05,['member'],[],[],['Unicameralism']
LV-MetsolaRoberta,"Roberta, Metsola",F,nan,[],[],[],[]
LV-LīdakaIngmārs,"Ingmārs, Līdaka",M,2014-11-04,['member'],[],[],['Unicameralism']
LV-DambeValters,"Valters, Dambe",M,2015-04-30,['member'],[],[],['Unicameralism']
LV-BrīversIvars,"Ivars, Brīvers",M,2015-01-29,['member'],[],[],['Unicameralism']
LV-SkujiņšValdis,"Valdis, Skujiņš",M,2015-05-28,['member'],[],[],['Unicameralism']
LV-MirskisSergejs,"Sergejs, Mirskis",M,2015-11-03,['member'],[],[],['Unicameralism']
LV-FērijsDžordžs,"Džordžs, Fērijs",M,nan,[],[],[],[]
LV-ĢirģensSandis,"Sandis, Ģirģens",M,2019-04-03,"['member', 'minister']",[],[],[]
LV-VilciņšAinārs,"Ainārs, Vilciņš",M,nan,[],[],[],[]
LV-NestorsEiki,"Eiki, Nestors",M,nan,[],[],[],[]
LV-Kalniņa-LukaševicaZanda,"Zanda, Kalniņa-Lukaševica",F,nan,[],[],[],[]
LV-AugulisUldis,"Uldis, Augulis",M,2017-11-22,"['member', 'minister']",[],[],['Unicameralism']
LV-BrigmanisAugusts,"Augusts, Brigmanis",M,2014-12-17,['member'],[],[],['Unicameralism']
LV-KlaužsJānis,"Jānis, Klaužs",M,2014-12-17,['member'],[],[],['Unicameralism']
LV-ŠulcsJuris,"Juris, Šulcs",M,2014-12-11,['member'],[],[],['Unicameralism']
LV-Zālīte-GrosaEvita,"Evita, Zālīte-Grosa",F,2018-12-20,['member'],[],[],['Unicameralism']
LV-TēraudaVitaAnda,"Vita Anda, Tērauda",F,2018-11-22,['member'],[],[],['Unicameralism']
LV-MiloslavskisRomans,"Romans, Miloslavskis",M,nan,[],[],[],[]
LV-ŠvecovaĻubova,"Ļubova, Švecova",F,2018-12-06,['member'],[],[],['Unicameralism']
LV-ZaķisDzintars,"Dzintars, Zaķis",M,2014-11-13,['member'],[],[],['Unicameralism']
LV-MuižnieceAnita,"Anita, Muižniece",F,2018-11-20,"['member', 'minister']",[],[],['Unicameralism']
LV-CilevičsBoriss,"Boriss, Cilevičs",M,2014-11-05,['member'],[],[],['Unicameralism']
LV-RuksJānis,"Jānis, Ruks",M,2014-11-27,['member'],[],[],['Unicameralism']
LV-DūklavsJānis,"Jānis, Dūklavs",M,2017-01-19,"['member', 'minister']",[],[],['Unicameralism']
LV-SkrideAndris,"Andris, Skride",M,2018-11-22,['member'],[],[],['Unicameralism']
LV-ZakatistovsAtis,"Atis, Zakatistovs",M,2018-11-29,['member'],[],[],['Unicameralism']
LV-BašķisAinars,"Ainars, Bašķis",M,2021-12-08,['member'],[],[],['Unicameralism']
LV-LiepiņaLiene,"Liene, Liepiņa",F,2018-12-20,['member'],[],[],['Unicameralism']
LV-ŽunnaNormunds,"Normunds, Žunna",M,2018-12-20,['member'],[],[],['Unicameralism']
LV-NikonovsVladimirs,"Vladimirs, Nikonovs",M,2015-11-19,['member'],[],[],['Unicameralism']
LV-JakimovsAleksandrs,"Aleksandrs, Jakimovs",M,2016-06-16,['member'],[],[],['Unicameralism']
LV-ValainisViktors,"Viktors, Valainis",M,2015-11-30,['member'],[],[],['Unicameralism']
LV-GudfinsonsEinars,"Einars, Gudfinsons",M,nan,[],[],[],[]
LV-KalnozolsValdis,"Valdis, Kalnozols",M,2016-03-03,['member'],[],[],['Unicameralism']
LV-RubiksArtūrs,"Artūrs, Rubiks",M,2014-11-27,['member'],[],[],['Unicameralism']
LV-KrūmiņšVaris,"Varis, Krūmiņš",M,2017-07-21,['member'],[],[],['Unicameralism']
LV-ZelenskisVolodimirs,"Volodimirs, Zelenskis",M,nan,[],[],[],[]
LV-BērziņšGaidis,"Gaidis, Bērziņš",M,2014-11-13,['member'],[],[],['Unicameralism']
LV-SeržantsKārlis,"Kārlis, Seržants",M,2014-11-05,['member'],[],[],['Unicameralism']
LV-BelēvičsGuntis,"Guntis, Belēvičs",M,2014-12-18,"['member', 'minister']",[],[],['Unicameralism']
LV-MedneLinda,"Linda, Medne",F,2021-01-14,['member'],[],[],['Unicameralism']
LV-LevitsEgils,"Egils, Levits",M,nan,[],[],[],[]
LV-SprūdeKarina,"Karina, Sprūde",F,2018-12-06,['member'],[],[],['Unicameralism']
LV-RusiņšGunārs,"Gunārs, Rusiņš",M,2014-12-11,['member'],[],[],['Unicameralism']
LV-PugaIvars,"Ivars, Puga",M,2019-01-31,['member'],[],[],['Unicameralism']
LV-VucānsJānis,"Jānis, Vucāns",M,2014-11-27,['member'],[],[],['Unicameralism']
LV-RasmanisArtis,"Artis, Rasmanis",M,2015-10-22,['member'],[],[],['Unicameralism']
LV-OzolaLinda,"Linda, Ozola",F,2018-11-13,['member'],[],[],['Unicameralism']
LV-LatkovskisIlmārs,"Ilmārs, Latkovskis",M,2014-11-13,['member'],[],[],['Unicameralism']
LV-GolubevaMarija,"Marija, Golubeva",F,2018-11-22,"['member', 'minister']",[],[],['Unicameralism']
LV-PucensĒriks,"Ēriks, Pucens",M,2018-12-20,['member'],[],[],['Unicameralism']
LV-ŠuplinskaIlga,"Ilga, Šuplinska",F,2018-12-06,"['member', 'minister']",[],[],['Unicameralism']
LV-GerhardsKaspars,"Kaspars, Gerhards",M,2018-06-20,"['member', 'minister']",[],[],[]
LV-JansonsRitvars,"Ritvars, Jansons",M,2015-04-23,['member'],[],[],['Unicameralism']
LV-BaumaneKrista,"Krista, Baumane",F,2020-08-18,['member'],[],[],['Unicameralism']
LV-ViļumsJuris,"Juris, Viļums",M,2014-11-27,['member'],[],[],['Unicameralism']
LV-MeijaAivars,"Aivars, Meija",M,2015-05-21,['member'],[],[],['Unicameralism']
LV-IkstenaInese,"Inese, Ikstena",F,2018-12-06,['member'],[],[],['Unicameralism']
LV-EglītisGatis,"Gatis, Eglītis",M,2018-11-29,"['member', 'minister']",[],[],['Unicameralism']
LV-ŠnoreEdvīns,"Edvīns, Šnore",M,2014-11-20,['member'],[],[],['Unicameralism']
LV-PapuleEvija,"Evija, Papule",F,2019-01-23,['member'],[],[],['Unicameralism']
LV-KučinskisMāris,"Māris, Kučinskis",M,2014-11-27,"['member', 'minister']",[],[],['Unicameralism']
LV-KursīteJanīna,"Janīna, Kursīte",F,2015-05-14,['member'],[],[],['Unicameralism']
LV-ČakšaAnda,"Anda, Čakša",F,2017-03-15,"['member', 'minister']",[],[],['Unicameralism']
LV-PabriksArtis,"Artis, Pabriks",M,2019-01-24,"['member', 'minister']",[],[],[]
LV-KleinbergaNellija,"Nellija, Kleinberga",F,2014-11-27,['member'],[],[],['Unicameralism']
LV-TeirumnieksEdmunds,"Edmunds, Teirumnieks",M,2019-02-14,['member'],[],[],['Unicameralism']
LV-BordānsJānis,"Jānis, Bordāns",M,2018-11-22,"['member', 'minister']",[],[],['Unicameralism']
LV-KļaviņšAskolds,"Askolds, Kļaviņš",M,2016-09-08,['member'],[],[],['Unicameralism']
LV-ButānsJānis,"Jānis, Butāns",M,2019-03-07,['member'],[],[],['Unicameralism']
LV-ŠteinsMārtiņš,"Mārtiņš, Šteins",M,2019-03-07,['member'],[],[],['Unicameralism']
LV-Ločmele-LuņovaRegīna,"Regīna, Ločmele-Luņova",F,2014-11-05,['member'],[],[],['Unicameralism']
LV-ZnotiņšReinis,"Reinis, Znotiņš",M,2018-11-29,['member'],[],[],['Unicameralism']
LV-ŠicsMārtiņš,"Mārtiņš, Šics",M,2014-11-11,['member'],[],[],['Unicameralism']
LV-HarjuAstrīda,"Astrīda, Harju",F,2017-10-19,['member'],[],[],['Unicameralism']
LV-LinkaitsTālis,"Tālis, Linkaits",M,2018-12-13,"['member', 'minister']",[],[],['Unicameralism']
LV-AbuMeriHosams1974,"Hosams, Abu Meri",M,2015-01-15,['member'],[],[],['Unicameralism']
LV-MorozovsAndris,"Andris, Morozovs",M,2017-10-19,['member'],[],[],['Unicameralism']
LV-MežeckisRomāns,"Romāns, Mežeckis",M,2016-06-09,['member'],[],[],['Unicameralism']
LV-SiliņšAndris,"Andris, Siliņš",M,2014-11-05,['member'],[],[],['Unicameralism']
LV-BērziņšAndris1955,"Andris, Bērziņš",M,2015-01-22,['member'],[],[],['Unicameralism']
LV-ParādnieksImants,"Imants, Parādnieks",M,2014-11-05,['member'],[],[],['Unicameralism']
LV-DolgopolovsSergejs,"Sergejs, Dolgopolovs",M,2014-11-05,['member'],[],[],['Unicameralism']
LV-DzintarsRaivis,"Raivis, Dzintars",M,2015-06-03,['member'],[],[],['Unicameralism']
LV-ArnītisRingolds,"Ringolds, Arnītis",M,nan,[],[],[],[]
LV-MūrnieceInāra,"Ināra, Mūrniece",F,2015-01-22,['member'],[],[],['Unicameralism']
LV-ZujevsIgors,"Igors, Zujevs",M,2018-03-08,['member'],[],[],['Unicameralism']
LV-BērziņšAndris,"Andris, Bērziņš",M,nan,[],[],[],[]
LV-GustovskisArtis,"Artis, Gustovskis",M,2018-03-08,['member'],[],[],['Unicameralism']
LV-MatīssAnrijs,"Anrijs, Matīss",M,2014-12-17,"['member', 'minister']",[],[],['Unicameralism']
LV-AgešinsValērijs,"Valērijs, Agešins",M,2014-11-27,['member'],[],[],['Unicameralism']
LV-TretjakaZenta,"Zenta, Tretjaka",F,2015-02-19,['member'],[],[],['Unicameralism']
LV-TavarsEdgars,"Edgars, Tavars",M,2021-01-07,['member'],[],[],['Unicameralism']
LV-KūtrisGunārs,"Gunārs, Kūtris",M,2014-12-17,['member'],[],[],['Unicameralism']
LV-TutinsJānis,"Jānis, Tutins",M,2014-11-27,['member'],[],[],['Unicameralism']
LV-VitenbergsJānis,"Jānis, Vitenbergs",M,2018-12-13,"['member', 'minister']",[],[],['Unicameralism']
LV-PūceJuris,"Juris, Pūce",M,2018-12-06,"['member', 'minister']",[],[],['Unicameralism']
LV-BlumbergsAldis,"Aldis, Blumbergs",M,2019-02-07,['member'],[],[],['Unicameralism']
LV-Rukšāne-ŠčipčinskaDace,"Dace, Rukšāne-Ščipčinska",F,2018-12-13,['member'],[],[],['Unicameralism']
LV-KlementjevsAndrejs,"Andrejs, Klementjevs",M,2014-11-05,['member'],[],[],['Unicameralism']
LV-StefančuksRuslans,"Ruslans, Stefančuks",M,nan,[],[],[],[]
LV-PimenovsIgors,"Igors, Pimenovs",M,2014-11-05,['member'],[],[],['Unicameralism']
LV-LoskutovsAleksejs,"Aleksejs, Loskutovs",M,2014-11-27,['member'],[],[],['Unicameralism']
LV-KalniņšGuntis,"Guntis, Kalniņš",M,2016-01-14,['member'],[],[],['Unicameralism']
LV-RinkēvičsEdgars,"Edgars, Rinkēvičs",M,2015-01-22,"['member', 'minister']",[],[],[]
LV-KozlovskisRihards,"Rihards, Kozlovskis",M,2014-11-05,"['member', 'minister']",[],[],['Unicameralism']
LV-KlementjevsIvans,"Ivans, Klementjevs",M,2014-11-05,['member'],[],[],['Unicameralism']
LV-DombravaJānis,"Jānis, Dombrava",M,2014-11-05,['member'],[],[],['Unicameralism']
LV-JurašsJuris,"Juris, Jurašs",M,2018-12-06,['member'],[],[],['Unicameralism']
LV-KucinsEdgars,"Edgars, Kucins",M,2019-02-21,['member'],[],[],['Unicameralism']
LV-NorlēnsAndreass,"Andreass, Norlēns",M,nan,[],[],[],[]
LV-ZariņšIvars,"Ivars, Zariņš",M,2014-11-05,['member'],[],[],['Unicameralism']
LV-VilksAndris,"Andris, Vilks",M,2014-12-11,['member'],[],[],['Unicameralism']
LV-AizstrautaInese,"Inese, Aizstrauta",F,2018-03-22,['member'],[],[],['Unicameralism']
LV-GoldbergaInga,"Inga, Goldberga",F,2018-12-06,['member'],[],[],['Unicameralism']
LV-AkuratereIeva,"Ieva, Akuratere",F,2022-04-07,['member'],[],[],['Unicameralism']
LV-BarčaAija,"Aija, Barča",F,2014-12-04,['member'],[],[],['Unicameralism']
LV-Beitnere-LeGallaDagmāra,"Dagmāra, Beitnere-Le Galla",F,2018-12-06,['member'],[],[],['Unicameralism']
LV-PutniņšRenārs,"Renārs, Putniņš",M,2017-11-22,['member'],[],[],['Unicameralism']
LV-KaimiņšArtuss,"Artuss, Kaimiņš",M,2014-11-05,['member'],[],[],['Unicameralism']
LV-AdamovičsAldis,"Aldis, Adamovičs",M,2014-11-05,['member'],[],[],['Unicameralism']
LV-StaķisMārtiņš,"Mārtiņš, Staķis",M,2018-11-22,['member'],[],[],['Unicameralism']
LV-VītolsAndris,"Andris, Vītols",M,nan,[],[],[],[]
LV-UlmeArvīds,"Arvīds, Ulme",M,2018-09-20,['member'],[],[],['Unicameralism']
LV-FeldmansKrišjānis,"Krišjānis, Feldmans",M,2018-11-22,['member'],[],[],['Unicameralism']
LV-Hadsona-DīnaŠarona,"Šarona, Hadsona-Dīna",F,nan,[],[],[],[]
LV-KariņšArtursKrišjānis,"Arturs Krišjānis, Kariņš",M,2019-01-24,"['member', 'minister']",[],[],[]
LV-SiliņaEvika,"Evika, Siliņa",F,nan,[],[],[],[]
LV-PlatpersArvīds,"Arvīds, Platpers",M,2014-11-05,['member'],[],[],['Unicameralism']
LV-ŠimfaSilvija,"Silvija, Šimfa",F,2014-11-05,['member'],[],[],['Unicameralism']
LV-KabanovsNikolajs,"Nikolajs, Kabanovs",M,2018-12-06,['member'],[],[],['Unicameralism']
LV-KalniņšOjārsĒriks,"Ojārs Ēriks, Kalniņš",M,2014-11-20,['member'],[],[],['Unicameralism']
LV-MežulisAinārs,"Ainārs, Mežulis",M,2015-02-19,['member'],[],[],['Unicameralism']
LV-VējonisRaimonds,"Raimonds, Vējonis",M,2015-01-22,"['member', 'minister']",[],[],[]
LV-RažuksRomualds,"Romualds, Ražuks",M,2014-11-13,['member'],[],[],['Unicameralism']
LV-LiepiņšDainis,"Dainis, Liepiņš",M,2014-11-05,['member'],[],[],['Unicameralism']
LV-NaudiņšRomāns,"Romāns, Naudiņš",M,2014-12-18,['member'],[],[],['Unicameralism']
LV-SmiltēnsEdvards,"Edvards, Smiltēns",M,2014-11-13,['member'],[],[],['Unicameralism']
LV-PutraEdgars,"Edgars, Putra",M,2014-11-27,['member'],[],[],['Unicameralism']
LV-VoikaInese,"Inese, Voika",F,2018-12-06,['member'],[],[],['Unicameralism']
LV-MiezainisJurģis,"Jurģis, Miezainis",M,nan,[],[],[],[]
LV-KazinovskisAndris,"Andris, Kazinovskis",M,2019-01-31,['member'],[],[],['Unicameralism']
LV-KiršteinsAleksandrs,"Aleksandrs, Kiršteins",M,2014-12-04,['member'],[],[],['Unicameralism']
LV-NemiroRalfs,"Ralfs, Nemiro",M,2018-12-20,"['member', 'minister']",[],[],['Unicameralism']
LV-BergmanisRaimonds,"Raimonds, Bergmanis",M,2015-05-07,"['member', 'minister']",[],[],['Unicameralism']
LV-KrapāneIeva,"Ieva, Krapāne",F,2019-05-02,['member'],[],[],['Unicameralism']
LV-OrlovsVitālijs,"Vitālijs, Orlovs",M,2014-11-20,['member'],[],[],['Unicameralism']
LV-UrbanovičsJānis,"Jānis, Urbanovičs",M,2014-11-05,['member'],[],[],['Unicameralism']
LV-BikšeAigars,"Aigars, Bikše",M,2020-12-21,['member'],[],[],['Unicameralism']
LV-RasnačsDzintars,"Dzintars, Rasnačs",M,2015-09-17,"['member', 'minister']",[],[],[]
LV-JunkursJānis,"Jānis, Junkurs",M,nan,[],[],[],[]
LV-CielēnsJānis,"Jānis, Cielēns",M,2019-05-23,['member'],[],[],['Unicameralism']
LV-StepaņenkoJūlija,"Jūlija, Stepaņenko",F,2014-12-17,['member'],[],[],['Unicameralism']
LV-RubiksRaimonds,"Raimonds, Rubiks",M,2016-02-25,['member'],[],[],['Unicameralism']
LV-EigimsRihards,"Rihards, Eigims",M,nan,[],[],[],[]
LV-ZamursGatis,"Gatis, Zamurs",M,2021-04-22,['member'],[],[],['Unicameralism']
LV-StrīķeJuta,"Juta, Strīķe",F,2018-11-13,['member'],[],[],['Unicameralism']
LV-LazarevaJeļena,"Jeļena, Lazareva",F,2017-07-28,['member'],[],[],['Unicameralism']
LV-BļodnieceBaiba,"Baiba, Bļodniece",F,nan,[],[],[],[]
LV-ZemļinskisMihails,"Mihails, Zemļinskis",M,2014-12-18,['member'],[],[],['Unicameralism']
LV-JalinskaJanīna,"Janīna, Jalinska",F,2018-12-06,['member'],[],[],['Unicameralism']
LV-MelgailisRihards,"Rihards, Melgailis",M,2016-10-31,['member'],[],[],['Unicameralism']
LV-KrišānsJānis,"Jānis, Krišāns",M,2019-01-17,['member'],[],[],['Unicameralism']
LV-UpenieksJānis,"Jānis, Upenieks",M,2014-11-27,['member'],[],[],['Unicameralism']
LV-GraužiņieneLoreta,"Loreta, Graužiņiene",F,nan,[],[],[],[]
LV-PlešsArtūrsToms,"Artūrs Toms, Plešs",M,2018-12-20,"['member', 'minister']",[],[],['Unicameralism']
LV-KronbergsEdgars,"Edgars, Kronbergs",M,2021-03-25,['member'],[],[],['Unicameralism']
LV-DombrovskisVjačeslavs,"Vjačeslavs, Dombrovskis",M,2014-11-13,['member'],[],[],['Unicameralism']
LV-DālderisInts,"Ints, Dālderis",M,2014-11-27,['member'],[],[],['Unicameralism']
LV-KrauzeArmands,"Armands, Krauze",M,2014-11-13,['member'],[],[],['Unicameralism']
LV-MelbārdeDace,"Dace, Melbārde",F,2018-11-01,"['member', 'minister']",[],[],['Unicameralism']
LV-VectirānsJuris,"Juris, Vectirāns",M,2015-01-29,['member'],[],[],['Unicameralism']
LV-DaudzeGundars,"Gundars, Daudze",M,2015-01-22,['member'],[],[],['Unicameralism']
